Project,Site,Visit,Basal Area,Bitterlich (trees),Bitterlich (shrubs)
LCI,LCI 001,MP_July 2011,4,20,5
LCI,LCI 001,MP_July 2012,3,24,5
LCI,LCI 001,MP_July 2013,3,27,14
LCI,LCI 001,MP_July 2014,4,20,4
LCI,LCI 002,MP_July 2011,2,8,3
LCI,LCI 002,MP_July 2012,5,7,5
LCI,LCI 002,MP_July 2013,6,8,4
LCI,LCI 002,MP_July 2014,5,11,4
LCI,LCI 003,MP_July 2011,8,18,7
LCI,LCI 003,MP_May 2012,6,18,9
LCI,LCI 003,MP_July 2013,3,24,7
LCI,LCI 003,MP_July 2014,6,14,7
LCI,LCI 004,MP_July 2011,4,19,2
LCI,LCI 004,MP_July 2012,4,18,3
LCI,LCI 004,MP_August 2013,4,19,2
LCI,LCI 004,MP_July 2014,4,17,1
LCI,LCI 005,MP_July 2011,15,40,6
LCI,LCI 005,MP_August 2013,15,41,7
LCI,LCI 007,MP_July 2011,13,29,11
LCI,LCI 007,MP_May 2012,12,27,6
LCI,LCI 007,MP_August 2013,14,29,11
LCI,LCI 007,MP_July 2014,15,32,6
LCI,LCI 008 R,MP_July 2011,16,70,50
LCI,LCI 008 R,MP_August 2013,16,70,50
LCI,LCI 008 R,MP_July 2014,15,65,55
LCI,LCI 008 R,MP_July 2012,15,70,50
LCI,LCI 008 W,MP_July 2011,5,20,6
LCI,LCI 008 W,MP_July 2012,5,21,6
LCI,LCI 008 W,MP_August 2013,5,19,1
LCI,LCI 008 W,MP_July 2014,4,18,9
LCI,LCI 009,MP_July 2011,6,17,6
LCI,LCI 009,MP_May 2012,6,16,1
LCI,LCI 009,MP_August 2013,5,17,8
LCI,LCI 009,MP_July 2014,7,15,9
LCI,LCI 010,MP_July 2011,6,17,13
LCI,LCI 010,MP_May 2012,2,17,15
LCI,LCI 010,MP_August 2013,2,16,16
LCI,LCI 010,MP_July 2014,6,16,23
LCI,LCI 011,MP_July 2011,4,16,2
LCI,LCI 011,MP_May 2012,3,18,0
LCI,LCI 011,MP_August 2013,3,10,8
LCI,LCI 011,MP_July 2014,3,9,9
LCI,LCI 012,MP_July 2011,4,15,6
LCI,LCI 012,MP_May 2012,1,13,11
LCI,LCI 012,MP_August 2013,2,14,10
LCI,LCI 012,MP_July 2014,4,14,12
LCI,LCI 013,MP_August 2011,9,45,5
LCI,LCI 013,MP_May 2012,9,42,6
LCI,LCI 013,MP_August 2013,4,47,4
LCI,LCI 014,MP_August 2011,13,38,0
LCI,LCI 014,MP_May 2012,8,37,3
LCI,LCI 014,MP_August 2013,6,40,2
LCI,LCI 014,MP_July 2014,12,37,0
LCI,LCI 015 R,MP_August 2011,9,46,80
LCI,LCI 015 R,MP_July 2012,10,46,85
LCI,LCI 015 R,MP_August 2013,10,45,85
LCI,LCI 015 R,MP_July 2014,9,41,80
LCI,LCI 015 W,MP_August 2011,9,34,4
LCI,LCI 015 W,MP_July 2012,9,34,0
LCI,LCI 015 W,MP_August 2013,8,31,1
LCI,LCI 015 W,MP_July 2014,8,30,1
LCI,LCI 016,MP_September 2011,2,8,5
LCI,LCI 017,MP_September 2011,5,14,9
LCI,LCI 018,MP_September 2011,1,6,4
LCI,LCI 019,MP_August 2011,19,45,8
LCI,LCI 019,MP_May 2012,22,32,4
LCI,LCI 019,MP_August 2013,20,42,2
LCI,LCI 019,MP_July 2014,20,47,4
LCI,LCI 020,MP_August 2011,3,10,2
LCI,LCI 020,MP_May 2012,3,8,0
LCI,LCI 020,MP_August 2013,4,9,3
LCI,LCI 020,MP_July 2014,3,10,3
LCI,LCI 021,MP_August 2011,2,12,8
LCI,LCI 021,MP_May 2012,2,13,8
LCI,LCI 021,MP_August 2013,2,13,9
LCI,LCI 021,MP_July 2014,2,13,3
LCI,LCI 022,MP_August 2011,5,16,16
LCI,LCI 022,MP_July 2012,2,14,14
LCI,LCI 022,MP_July 2013,2,13,13
LCI,LCI 023 R,MP_August 2011,13,55,17
LCI,LCI 023 R,MP_July 2013,14,67,17
LCI,LCI 023 R,MP_July 2014,16,58,18
LCI,LCI 023 W,MP_August 2011,0,12,4
LCI,LCI 023 W,MP_July 2013,0,11,4
LCI,LCI 023 W,MP_July 2014,0,11,5
LCI,LCI 024,MP_August 2011,4,18,7
LCI,LCI 024,MP_July 2012,3,16,9
LCI,LCI 024,MP_July 2013,4,18,7
LCI,LCI 025,MP_September 2011,20,33,9
LCI,LCI 025,MP_May 2012,21,29,5
LCI,LCI 025,MP_August 2013,17,29,9
LCI,LCI 025,MP_August 2014,19,32,10
LCI,LCI 026,MP_August 2011,23,36,13
LCI,LCI 026,MP_May 2012,24,36,17
LCI,LCI 026,MP_July 2013,20,35,14
LCI,LCI 026,MP_August 2014,20,41,8
LCI,LCI 026,MP_September_2015,10,21,4
LCI,LCI 027,MP_August 2011,5,12,3
LCI,LCI 027,MP_May 2012,6,13,4
LCI,LCI 027,MP_July 2013,5,14,4
LCI,LCI 027,MP_August 2014,7,15,3
LCI,LCI 027,MP_September_2015,5,15,0
LCI,LCI 028,MP_August 2011,4,12,4
LCI,LCI 028,MP_May 2012,4,12,3
LCI,LCI 028,MP_July 2013,4,12,5
LCI,LCI 028,MP_August 2014,3,13,1
LCI,LCI 028,MP_September_2015,3,12,0
LCI,LCI 029,MP_September 2011,2,11,16
LCI,LCI 029,MP_July 2012,3,15,16
LCI,LCI 029,MP_July 2013,5,12,12
LCI,LCI 029,MP_August 2014,4,9,1
LCI,LCI 029,MP_September_2015,4,10,0
LCI,LCI 031,MP_July 2011,4,11,2
LCI,LCI 031,MP_August 2013,3,10,2
LCI,LCI 032,MP_August 2011,1,4,5
LCI,LCI 032,MP_July 2012,1,4,4
LCI,LCI 032,MP_July 2013,1,6,5
LCI,LCI 032,MP_August 2014,1,5,4
LCI,LCI 033,MP_August 2011,6,25,6
LCI,LCI 033,MP_July 2012,5,24,7
LCI,LCI 033,MP_July 2013,5,22,6
LCI,LCI 033,MP_August 2014,8,17,5
LCI,LCI 034,MP_July 2011,7,29,6
LCI,LCI 034,MP_July 2012,7,28,8
LCI,LCI 034,MP_July 2013,6,28,7
LCI,LCI 034,MP_August 2014,8,26,7
LCI,LCI 035,MP_July 2011,1,6,11
LCI,LCI 035,MP_July 2012,1,5,13
LCI,LCI 035,MP_July 2013,3,6,15
LCI,LCI 035,MP_August 2014,1,4,10
LCI,LCI 038,MP_September 2011,14,31,6
LCI,LCI 039 R,MP_July 2012,13,85,30
LCI,LCI 039 R,MP_August 2013,13,85,35
LCI,LCI 039 R,MP_July 2014,13,75,40
LCI,LCI 039 W,MP_July 2012,10,58,20
LCI,LCI 039 W,MP_August 2013,11,59,24
LCI,LCI 039 W,MP_July 2014,12,58,0
LCI,LCI 041,MP_July 2012,17,28,6
LCI,LCI 041,MP_August 2013,9,27,5
LCI,LCI 043,MP_July 2012,12,42,0
LCI,LCI 043,MP_August 2013,11,42,0
LCI,LCI 044,MP_July 2012,9,47,0
LCI,LCI 044,MP_August 2013,7,45,0
LCI,LCI 046,MP_July 2012,3,19,1
LCI,LCI 046,MP_August 2013,2,20,1
LCI,LCI 047 R,MP_July 2014,27,36,16
LCI,LCI 047 W,MP_September 2013,0,1,2
LCI,LCI 047 W,MP_July 2014,0,3,18
LCI,LCI 050,MP_August 2013,5,15,19
LCI,LCI 051,MP_July 2012,5,34,8
LCI,LCI 051,MP_August 2013,4,33,7
LCI,LCI 052,MP_July 2012,9,42,7
LCI,LCI 052,MP_August 2013,9,41,5
LCI,LCI 053,MP_July 2012,1,13,13
LCI,LCI 053,MP_August 2013,1,12,13
LCI,LCI 054,MP_July 2012,1,9,5
LCI,LCI 054,MP_August 2013,1,9,4
LCI,LCI 055,MP_July 2012,5,26,5
LCI,LCI 055,MP_August 2013,2,26,4
LCI,LCI 056,MP_July 2012,4,14,17
LCI,LCI 056,MP_August 2013,4,14,18
LCI,LCI 201,KLRCR_2011,9,21,8
LCI,LCI 201,KLRCR_2012,5,20,8
LCI,LCI 201,KLRCR_2013,4,18,9
LCI,LCI 201,KLRCR_2014,5,22,4
LCI,LCI 201,KLRCR_2015,3,33,0
LCI,LCI 202,KLRCR_2011,9,39,9
LCI,LCI 202,KLRCR_2012,7,41,10
LCI,LCI 202,KLRCR_2013,8,42,10
LCI,LCI 202,KLRCR_2014,7,38,5
LCI,LCI 202,KLRCR_2015,8,37,2
LCI,LCI 203,KLRCR_2011,9,12,14
LCI,LCI 203,KLRCR_2012,6,9,13
LCI,LCI 203,KLRCR_2013,7,9,12
LCI,LCI 203,KLRCR_2014,6,11,5
LCI,LCI 203,KLRCR_2015,3,12,4
LCI,LCI 204,KLRCR_2011,6,27,3
LCI,LCI 204,KLRCR_2012,4,27,4
LCI,LCI 204,KLRCR_2013,6,27,6
LCI,LCI 204,KLRCR_2014,3,23,3
LCI,LCI 204,KLRCR_2015,3,22,1
LCI,LCI 205,KLRCR_2011,2,9,5
LCI,LCI 205,KLRCR_2012,2,12,7
LCI,LCI 205,KLRCR_2013,2,9,6
LCI,LCI 205,KLRCR_2014,2,9,2
LCI,LCI 205,KLRCR_2015,2,9,6
LCI,LCI 206,KLRCR_2011,5,12,3
LCI,LCI 206,KLRCR_2012,4,16,3
LCI,LCI 206,KLRCR_2013,4,16,3
LCI,LCI 206,KLRCR_2014,5,12,4
LCI,LCI 206,KLRCR_2015,3,14,2
LCI,LCI 207,KLRCR_2011,1,10,4
LCI,LCI 207,KLRCR_2012,1,10,4
LCI,LCI 207,KLRCR_2013,1,12,5
LCI,LCI 207,KLRCR_2014,0,11,1
LCI,LCI 207,KLRCR_2015,1,8,2
LCI,LCI 208,KLRCR_2011,8,24,6
LCI,LCI 208,KLRCR_2012,7,21,17
LCI,LCI 208,KLRCR_2013,7,20,5
LCI,LCI 208,KLRCR_2014,8,17,11
LCI,LCI 208,KLRCR_2015,4,17,7
LCI,LCI 209,KLRCR_2011,11,27,10
LCI,LCI 209,KLRCR_2012,11,25,9
LCI,LCI 209,KLRCR_2013,11,25,9
LCI,LCI 209,KLRCR_2014,7,26,4
LCI,LCI 209,KLRCR_2015,8,24,7
LCI,LCI 210,KLRCR_2011,5,28,8
LCI,LCI 210,KLRCR_2012,5,26,7
LCI,LCI 210,KLRCR_2013,5,25,5
LCI,LCI 210,KLRCR_2014,5,26,8
LCI,LCI 210,KLRCR_2015,3,23,7
LCI,LCI 211,KLRCR_2011,6,16,4
LCI,LCI 211,KLRCR_2012,5,14,3
LCI,LCI 211,KLRCR_2013,6,14,2
LCI,LCI 211,KLRCR_2014,5,19,2
LCI,LCI 211,KLRCR_2015,5,14,4
LCI,LCI 212,KLRCR_2011,7,19,24
LCI,LCI 212,KLRCR_2012,6,16,24
LCI,LCI 212,KLRCR_2013,6,16,23
LCI,LCI 212,KLRCR_2014,5,16,15
LCI,LCI 212,KLRCR_2015,4,15,9
LCI,LCI 213,KLRCR_2012,11,46,7
LCI,LCI 213,KLRCR_2013,11,47,7
LCI,LCI 213,KLRCR_2014,11,44,5
LCI,LCI 213,KLRCR_2015,13,32,9
LCI,LCI 214,KLRCR_2012,2,10,16
LCI,LCI 214,KLRCR_2013,2,9,16
LCI,LCI 214,KLRCR_2014,2,8,16
LCI,LCI 214,KLRCR_2015,1,20,0
LCI,LCI 301,PRNP_2012,2,18,19
LCI,LCI 301,PRNP_2014,5,18,11
LCI,LCI 301,PRNP_2015,7,19,0
LCI,LCI 302,PRNP_2012,5,23,9
LCI,LCI 302,PRNP_2014,4,20,7
LCI,LCI 302,PRNP_2015,10,16,3
LCI,LCI 303,PRNP_2012,5,8,5
LCI,LCI 303,PRNP_2014,5,10,12
LCI,LCI 303,PRNP_2015,5,6,12
LCI,LCI 304,PRNP_2012,6,12,11
LCI,LCI 304,PRNP_2014,7,9,20
LCI,LCI 304,PRNP_2015,5,12,2
LCI,LCI 305 R,PRNP_2012,13,35,7
LCI,LCI 305 R,PRNP_2014,11,33,12
LCI,LCI 305 R,PRNP_2015,11,33,11
LCI,LCI 305 W,PRNP_2012,8,23,9
LCI,LCI 305 W,PRNP_2014,8,23,9
LCI,LCI 305 W,PRNP_2015,8,23,10
LCI,LCI 306,PRNP_2012,0,4,12
LCI,LCI 306,PRNP_2014,1,4,1
LCI,LCI 306,PRNP_2015,3,6,0
LCI,LCI 307,PRNP_2014,0,7,11
LCI,LCI 307,PRNP_2012,0,8,6
LCI,LCI 307,PRNP_2015,2,7,3
LCI,LCI 308,PRNP_2012,2,21,8
LCI,LCI 308,PRNP_2014,6,27,6
LCI,LCI 308,PRNP_2015,1,8,4
LCI,LCI 311,PRNP_2012,3,36,10
LCI,LCI 311,PRNP_2014,6,33,7
LCI,LCI 311,PRNP_2015,4,33,0
LCI,LCI 313 R,PRNP_2012,12,,
LCI,LCI 313 R,PRNP_2014,13,,
LCI,LCI 313 R,PRNP_2015,7,22,6
LCI,LCI 313 W,PRNP_2012,6,24,3
LCI,LCI 313 W,PRNP_2014,8,24,2
LCI,LCI 313 W,PRNP_2015,7,22,6
LCI,LCI 314 R,PRNP_2012,10,,
LCI,LCI 314 R,PRNP_2014,10,,
LCI,LCI 314 R,PRNP_2015,8,,
LCI,LCI 314 W,PRNP_2012,15,20,13
LCI,LCI 314 W,PRNP_2014,13,24,10
LCI,LCI 314 W,PRNP_2015,10,26,4
LCI,LCI 315,PRNP_2012,4,21,12
LCI,LCI 315,PRNP_2014,5,21,7
LCI,LCI 315,PRNP_2015,16,27,3
LCI,LCI 316,PRNP_2012,7,31,5
LCI,LCI 316,PRNP_2014,7,26,6
LCI,LCI 316,PRNP_2015,12,35,12
LCI,LCI 317 R,PRNP_2012,6,,
LCI,LCI 317 R,PRNP_2014,5,,
LCI,LCI 317 R,PRNP_2015,5,,
LCI,LCI 317 W,PRNP_2012,6,27,0
LCI,LCI 317 W,PRNP_2014,8,35,0
LCI,LCI 317 W,PRNP_2015,7,24,5
LCI,LCI 318,PRNP_2012,7,24,22
LCI,LCI 318,PRNP_2014,8,21,12
LCI,LCI 318,PRNP_2015,9,12,2
LCI,LCI 319,PRNP_2012,7,38,5
LCI,LCI 319,PRNP_2014,8,36,10
LCI,LCI 319,PRNP_2015,9,31,0
LCI,LCI 401,Mt Elizabeth_2013,12,27,5
LCI,LCI 401,Mt Elizabeth_2015,16,37,0
LCI,LCI 403,Mt Elizabeth_2013,15,35,3
LCI,LCI 403,Mt Elizabeth_2015,25,48,0
LCI,LCI 405,Mt Elizabeth_2013,9,39,4
LCI,LCI 405,Mt Elizabeth_2015,8,39,1
LCI,LCI 406,Mt Elizabeth_2013,10,29,10
LCI,LCI 406,Mt Elizabeth_2015,11,37,4
LCI,LCI 410,Mt Elizabeth_2013,7,23,19
LCI,LCI 410,Mt Elizabeth_2015,5,43,0
LCI,LCI 411,Mt Elizabeth_2013,11,45,0
LCI,LCI 411,Mt Elizabeth_2015,9,52,0
LCI,LCI 412,Mt Elizabeth_2013,6,30,1
LCI,LCI 412,Mt Elizabeth_2015,22,39,0
LCI,LCI 413,Mt Elizabeth_2013,7,28,7
LCI,LCI 413,Mt Elizabeth_2015,4,26,9
LCI,LCI 501,Bachsten_2013,6,19,21
LCI,LCI 501,Bachsten_2015,8,36,1
LCI,LCI 502,Bachsten_2013,5,17,11
LCI,LCI 502,Bachsten_2015,6,25,4
LCI,LCI 504,Bachsten_2013,5,26,6
LCI,LCI 504,Bachsten_2015,7,34,13
LCI,LCI 505,Bachsten_2013,2,11,9
LCI,LCI 505,Bachsten_2015,5,25,13
LCI,LCI 506,Bachsten_2013,4,14,8
LCI,LCI 506,Bachsten_2015,6,29,1
LCI,LCI 507,Bachsten_2013,2,12,6
LCI,LCI 507,Bachsten_2015,2,20,6
LCI,LCI 511,Bachsten_2013,7,19,9
LCI,LCI 511,Bachsten_2015,2,17,5
LCI,LCI 512,Bachsten_2013,9,27,7
LCI,LCI 512,Bachsten_2015,8,28,3
LCI,LCI 601,DRNP_2013,1,11,6
LCI,LCI 601,DRNP_2015,1,14,1
LCI,LCI 602,DRNP_2013,8,16,6
LCI,LCI 602,DRNP_2015,11,20,9
LCI,LCI 603,DRNP_2013,4,12,14
LCI,LCI 603,DRNP_2015,5,18,16
LCI,LCI 604,DRNP_2013,6,27,4
LCI,LCI 604,DRNP_2015,5,29,13
LCI,LCI 605,DRNP_2013,6,27,13
LCI,LCI 605,DRNP_2015,6,36,12
LCI,LCI 606,DRNP_2013,3,17,21
LCI,LCI 606,DRNP_2015,3,16,14
LCI,LCI 607,DRNP_2013,6,17,14
LCI,LCI 607,DRNP_2015,5,16,20
LCI,LCI 608 R,DRNP_2013,9,43,7
LCI,LCI 608 R,DRNP_2015,5,14,9
LCI,LCI 608 W,DRNP_2013,7,27,0
LCI,LCI 608 W,DRNP_2015,6,23,14
LCI,LCI 611,DRNP_2015,8,7,30
LCI,LCI 612,DRNP_2015,2,19,20
LCI,LCI 614,DRNP_2015,0,5,13
LCI,LCI 615,DRNP_2015,1,19,19
LCI,LCI 616,DRNP_2015,0,10,9
LCI,LCI 617,DRNP_2015,7,18,11
