Project,Site,Visit,Basal Area,Bitterlich (trees),Bitterlich (shrubs)
NC,MNP 001,MNP_2011,1,10,11
NC,MNP 001,MNP_2012,1,11,21
NC,MNP 001,MNP_2013,1,10,2
NC,MNP 001,MNP_2015,1,11,6
NC,MNP 004,MNP_2012,1,6,21
NC,MNP 004,MNP_2013,1,6,0
NC,MNP 004,MNP_2015,1,8,0
NC,MNP 006,MNP_2012,2,13,8
NC,MNP 006,MNP_2013,2,13,11
NC,MNP 006,MNP_2015,2,10,9
NC,MNP 007,MNP_2011,0,3,15
NC,MNP 007,MNP_2012,0,3,4
NC,MNP 007,MNP_2013,0,3,3
NC,MNP 007,MNP_2015,,,
NC,MNP 009,MNP_2011,4,19,8
NC,MNP 009,MNP_2012,4,20,5
NC,MNP 009,MNP_2013,4,20,1
NC,MNP 009,MNP_2015,4,17,5
NC,MNP 010,MNP_2011,13,24,9
NC,MNP 010,MNP_2012,13,28,10
NC,MNP 010,MNP_2013,12,21,4
NC,MNP 010,MNP_2015,7,26,4
NC,MNP 011,MNP_2011,8,17,17
NC,PLNR 001,PLNR_2011,1,0,21
NC,PLNR 001,PLNR_2012,1,1,24
NC,PLNR 001,PLNR_2013,1,1,5
NC,PLNR 001,PLNR_2015,1,1,9
NC,PLNR 002,PLNR_2011,3,8,1
NC,PLNR 002,PLNR_2012,3,10,1
NC,PLNR 002,PLNR_2013,3,8,0
NC,PLNR 002,PLNR_2015,3,8,0
NC,PLNR 003,PLNR_2011,0,0,0
NC,PLNR 003,PLNR_2012,0,0,0
NC,PLNR 003,PLNR_2013,0,0,0
NC,PLNR 003,PLNR_2015,0,0,0
NC,PLNR 004,PLNR_2013,0,0,0
NC,PLNR 004,PLNR_2015,0,0,0
NC,PLNR 005,PLNR_2013,3,8,1
NC,PLNR 005,PLNR_2015,2,7,1
NC,PLNR 006,PLNR_2012,12,18,23
NC,PLNR 006,PLNR_2013,11,10,9
NC,PLNR 006,PLNR_2015,10,9,5
NC,PLNR 007,PLNR_2012,4,17,3
NC,PLNR 007,PLNR_2013,2,14,2
NC,PLNR 007,PLNR_2015,1,12,1
NC,PLNR 008,PLNR_2013,4,17,3
NC,PLNR 008,PLNR_2015,4,18,4
NC,PNP 001,PNP_2012,2,16,0
NC,PNP 001,PNP_2013,2,16,0
NC,PNP 001,PNP_2015,2,14,0
NC,PNP 002,PNP_2012,0,16,2
NC,PNP 002,PNP_2013,0,15,0
NC,PNP 002,PNP_2015,0,13,2
NC,PNP 003,PNP_2012,1,11,10
NC,PNP 003,PNP_2013,1,10,0
NC,PNP 003,PNP_2015,1,10,0
NC,PNP 004,PNP_2012,0,1,27
NC,PNP 004,PNP_2013,1,0,0
NC,PNP 004,PNP_2015,0,0,0
NC,PNP 005,PNP_2012,1,1,3
NC,PNP 005,PNP_2013,1,0,3
NC,PNP 005,PNP_2015,0,1,3
NC,PNP 006,PNP_2012,2,4,11
NC,PNP 006,PNP_2013,2,4,0
NC,PNP 006,PNP_2015,2,4,1
NC,PNP 007,PNP_2012,1,0,4
NC,PNP 007,PNP_2013,1,0,4
NC,PNP 007,PNP_2015,0,0,2
NC,PNP 008,PNP_2012,1,3,1
NC,PNP 008,PNP_2013,1,2,0
NC,PNP 008,PNP_2015,1,3,2
NC,PNP 009,PNP_2012,0,0,8
NC,PNP 009,PNP_2013,0,0,3
NC,PNP 009,PNP_2015,0,0,0
NC,PNP 010,PNP_2012,2,7,12
NC,PNP 010,PNP_2013,2,3,0
NC,PNP 010,PNP_2015,2,7,2
NC,PNP 011,PNP_2012,0,4,11
NC,PNP 011,PNP_2013,1,5,8
NC,PNP 011,PNP_2015,0,4,0
NC,PNP 012,PNP_2012,0,6,7
NC,PNP 012,PNP_2013,0,6,7
NC,PNP 012,PNP_2015,0,6,7
