Project,Site,Visit,Fauna Habitat and Shelter,Veg Cover,Rock Crevices,Tree Hollows,Logs,Food Availability,Fruiting,Flowering,Seeding,Termite Mounds,Tracks and Traces,Sightings,Tracks,Scats,Other Signs,Comments
LCI,LCI 001,MP_July 2011,2,1,3,1,1,1,0,0,0,2,2,0,1,2,0,wallaby scats seen
LCI,LCI 001,MP_July 2012,2,3,3,2,2,2,1,2,3,2,3,0,1,3,3,"grasses seeded, some evidence of bandicoot diggings"
LCI,LCI 001,MP_July 2013,3,3,3,3,1,2,1,2,3,2,1,0,1,0,0,
LCI,LCI 001,MP_July 2014,3,3,3,3,1,2,1,2,3,2,2,0,0,1,1,bandicoot digs
LCI,LCI 002,MP_July 2011,3,4,4,3,2,2,3,2,3,1,2,3,0,3,0,"Nabarleks, quolls, black grass wrens, variegated fairy wrens and red back wrens seen in the area"
LCI,LCI 002,MP_July 2012,3,3,4,2,1,2,2,2,3,1,3,3,3,4,0,"dingo, macropods"
LCI,LCI 002,MP_July 2013,3,4,4,3,2,2,3,2,3,1,1,0,0,3,0,
LCI,LCI 002,MP_July 2014,3,4,4,3,2,2,3,2,3,1,2,0,0,3,0,lots of quoll and Monjon scats
LCI,LCI 003,MP_July 2011,3,4,0,2,1,2,2,2,3,0,1,0,0,1,0,lg macropod scats
LCI,LCI 003,MP_May 2012,3,4,0,2,1,2,2,2,3,0,1,0,2,0,0,
LCI,LCI 003,MP_July 2013,1,2,0,2,1,1,1,1,1,0,0,0,0,0,0,
LCI,LCI 003,MP_July 2014,3,4,0,2,1,2,1,2,3,0,1,1,1,0,0,
LCI,LCI 004,MP_July 2011,3,4,1,3,3,3,2,3,4,1,1,0,1,0,0,
LCI,LCI 004,MP_July 2012,2,1,1,3,2,1,1,2,1,1,0,0,0,0,0,
LCI,LCI 004,MP_August 2013,3,4,1,3,3,3,2,3,4,1,0,0,0,0,0,
LCI,LCI 004,MP_July 2014,3,4,1,3,3,3,2,3,4,1,0,0,0,0,0,
LCI,LCI 005,MP_July 2011,2,2,2,3,3,2,1,3,2,0,1,0,1,0,0,"dingoes, wallaby or cattle tracks"
LCI,LCI 005,MP_August 2013,3,3,2,3,4,3,3,3,4,0,2,2,0,1,0,"skink x2, macropod scats"
LCI,LCI 007,MP_July 2011,3,4,2,4,3,3,3,3,3,3,0,0,0,0,0,
LCI,LCI 007,MP_May 2012,2,1,2,3,2,1,1,0,0,3,0,0,0,0,0,
LCI,LCI 007,MP_August 2013,4,4,2,4,5,3,3,3,3,3,0,0,0,0,0,
LCI,LCI 007,MP_July 2014,2,1,2,4,1,1,1,1,0,3,2,0,0,0,4,lots of rodent burrows
LCI,LCI 008 R,MP_July 2011,3,4,3,3,2,4,4,3,4,3,1,1,0,0,0,"shrubfoul, skinks"
LCI,LCI 008 R,MP_August 2013,3,4,3,3,3,4,4,4,4,3,0,0,0,0,0,
LCI,LCI 008 R,MP_July 2014,4,4,3,4,3,4,4,4,4,3,2,2,0,0,0,"landsnails, skink sighting"
LCI,LCI 008 R,MP_July 2012,3,4,3,3,2,4,4,4,4,3,0,0,0,0,0,
LCI,LCI 008 W,MP_July 2011,3,4,3,3,2,4,4,3,4,3,1,1,0,0,0,"shrubfoul, skinks"
LCI,LCI 008 W,MP_July 2012,3,4,3,3,3,4,4,4,4,3,0,0,0,0,0,
LCI,LCI 008 W,MP_August 2013,4,4,3,4,3,4,4,4,4,3,2,2,0,0,0,"landsnails, skink sighting"
LCI,LCI 008 W,MP_July 2014,3,4,3,3,2,4,4,4,4,3,0,0,0,0,0,
LCI,LCI 009,MP_July 2011,3,4,1,4,2,3,3,3,3,1,1,1,0,0,0,skinks
LCI,LCI 009,MP_May 2012,1,1,1,2,1,1,0,0,1,1,0,0,0,0,0,
LCI,LCI 009,MP_August 2013,3,4,1,4,3,3,3,3,3,1,0,0,0,0,0,
LCI,LCI 009,MP_July 2014,3,4,1,3,2,3,3,3,3,1,0,0,0,0,0,
LCI,LCI 010,MP_July 2011,3,4,0,4,2,3,3,3,3,1,1,1,0,2,0,"bandicoot, lg macropod scats"
LCI,LCI 010,MP_May 2012,1,1,0,2,1,0,0,0,0,1,0,0,0,0,0,
LCI,LCI 010,MP_August 2013,3,4,0,4,3,3,3,3,3,1,0,0,0,0,0,
LCI,LCI 010,MP_July 2014,3,4,0,3,2,3,3,3,3,1,1,0,0,0,1,bandicoot diggings.
LCI,LCI 011,MP_July 2011,2,3,3,1,2,1,1,1,0,3,2,0,1,2,0,
LCI,LCI 011,MP_May 2012,3,3,3,1,2,2,1,3,3,3,3,0,0,2,4,diggings bandicoot
LCI,LCI 011,MP_August 2013,3,3,3,3,4,3,3,4,2,3,0,0,0,0,0,
LCI,LCI 011,MP_July 2014,3,3,3,1,4,3,3,4,2,3,3,0,0,2,2,diggings
LCI,LCI 012,MP_July 2011,3,2,5,3,2,2,3,2,0,1,2,1,0,3,0,"Lots of scats at site, possibly Nabarleks and Monjons"
LCI,LCI 012,MP_May 2012,3,3,5,2,2,1,2,2,1,1,4,0,0,4,0,scats
LCI,LCI 012,MP_August 2013,4,4,5,4,3,4,4,4,4,1,2,0,0,2,0,small and large macropod scats
LCI,LCI 012,MP_July 2014,4,4,5,3,2,4,4,4,4,1,2,0,0,3,0,Euro and Monjon scats
LCI,LCI 013,MP_August 2011,2,1,0,3,3,1,1,1,0,0,2,1,0,1,3,"carlia, echidna scats, echidna or bandicoot diggings"
LCI,LCI 013,MP_May 2012,2,3,0,2,3,3,0,2,3,0,0,0,0,0,0,
LCI,LCI 013,MP_August 2013,4,4,0,5,5,3,3,3,3,0,1,0,0,0,1,diggings
LCI,LCI 014,MP_August 2011,3,3,2,3,4,1,1,1,1,1,1,1,0,0,1,"Euro, carlia, dingo, mammal diggings"
LCI,LCI 014,MP_May 2012,3,1,2,4,3,2,0,2,3,1,0,0,0,0,0,
LCI,LCI 014,MP_August 2013,4,3,2,5,5,3,3,4,3,1,3,2,0,1,1,"skinks, macropod scats, bandicoot diggings?"
LCI,LCI 014,MP_July 2014,3,1,2,5,2,2,2,4,1,1,2,1,0,0,1,diggings
LCI,LCI 015 R,MP_August 2011,4,4,2,4,3,4,4,4,4,1,1,1,0,0,1,"carlia, euro, dingo, bandicoot diggings"
LCI,LCI 015 R,MP_July 2012,4,4,2,4,4,3,4,3,2,1,2,2,0,0,0,"gecko, skink"
LCI,LCI 015 R,MP_August 2013,4,5,2,4,5,4,5,5,4,1,0,0,0,0,0,
LCI,LCI 015 R,MP_July 2014,4,5,2,4,4,4,5,5,4,1,1,1,0,0,0,
LCI,LCI 015 W,MP_August 2011,4,4,2,4,3,4,4,4,4,1,1,1,0,0,1,"carlia, euro, dingo, bandicoot diggings"
LCI,LCI 015 W,MP_July 2012,4,4,2,4,4,3,4,3,2,1,2,2,0,0,0,"gecko, skink"
LCI,LCI 015 W,MP_August 2013,4,5,2,4,5,4,5,5,4,1,0,0,0,0,0,
LCI,LCI 015 W,MP_July 2014,4,5,2,4,4,4,5,5,4,1,1,1,0,0,0,
LCI,LCI 016,MP_September 2011,1,2,0,2,0,2,2,2,1,2,0,0,0,0,0,
LCI,LCI 017,MP_September 2011,2,3,1,3,1,2,2,3,2,2,3,0,2,2,2,
LCI,LCI 018,MP_September 2011,3,3,4,1,0,2,2,3,3,0,3,0,2,3,3,diggings
LCI,LCI 019,MP_August 2011,3,4,2,4,2,2,2,2,3,0,1,0,0,1,0,lg macropod scats
LCI,LCI 019,MP_May 2012,2,1,2,4,3,1,2,2,1,0,0,0,0,0,0,
LCI,LCI 019,MP_August 2013,3,4,2,4,4,3,3,3,4,0,2,1,0,1,0,"carlia, macropod scats"
LCI,LCI 019,MP_July 2014,4,4,2,4,3,3,3,3,4,1,0,0,0,0,0,no tracks or traces of mammals recorded
LCI,LCI 020,MP_August 2011,3,4,3,2,3,3,4,3,3,1,1,0,1,1,0,
LCI,LCI 020,MP_May 2012,2,1,3,2,2,1,2,1,2,1,0,0,0,0,0,
LCI,LCI 020,MP_August 2013,3,4,3,3,3,3,4,3,3,1,0,0,0,0,0,
LCI,LCI 214,KLRCR_2012,3,2,5,2,3,4,4,4,3,3,0,0,0,0,0,
LCI,LCI 020,MP_July 2014,2,2,3,2,1,1,1,1,1,2,2,0,1,1,1,bandicoot digs and euro scats
LCI,LCI 021,MP_August 2011,2,1,5,2,2,1,3,1,1,0,1,0,1,2,0,large wallaby scats seen. Patches of scree almost vine thicket. Only where rocks prevent fire impacts over long term
LCI,LCI 021,MP_May 2012,3,3,5,2,2,2,4,3,4,0,3,3,1,3,0,lots lizards
LCI,LCI 021,MP_August 2013,4,4,5,2,2,3,4,3,4,0,2,2,0,0,0,skinks
LCI,LCI 021,MP_July 2014,3,3,5,2,1,3,3,3,3,1,3,1,2,2,0,quoll sited
LCI,LCI 022,MP_August 2011,2,3,0,2,1,2,2,2,2,1,1,1,0,0,0,"euro, small skink"
LCI,LCI 022,MP_July 2012,2,3,0,2,1,2,2,2,3,1,0,0,0,0,0,
LCI,LCI 022,MP_July 2013,1,2,0,2,1,2,2,2,2,1,0,0,0,0,0,
LCI,LCI 023 R,MP_August 2011,2,4,1,1,0,2,2,2,1,0,1,0,0,0,0,lots of birdcalls
LCI,LCI 023 R,MP_July 2013,2,3,1,1,1,1,1,1,0,0,1,0,0,2,0,
LCI,LCI 023 R,MP_July 2014,3,4,1,3,2,2,2,2,2,0,3,1,2,1,0,
LCI,LCI 023 W,MP_August 2011,2,4,1,1,0,2,2,2,1,0,1,0,0,0,0,lots of birdcalls
LCI,LCI 023 W,MP_July 2013,2,3,1,1,1,1,1,1,0,0,1,0,0,2,0,
LCI,LCI 023 W,MP_July 2014,3,4,1,3,2,2,2,2,2,0,3,1,2,1,0,
LCI,LCI 024,MP_August 2011,3,4,0,2,1,2,2,2,3,1,1,1,0,0,0,dragon
LCI,LCI 024,MP_July 2012,3,4,0,2,1,2,2,2,3,1,0,0,0,0,0,
LCI,LCI 024,MP_July 2013,2,3,0,2,1,2,2,2,2,1,1,0,1,0,0,
LCI,LCI 025,MP_September 2011,2,3,1,3,2,2,2,3,2,2,0,0,0,0,0,
LCI,LCI 025,MP_May 2012,2,1,1,3,3,1,2,1,0,2,0,0,0,0,0,
LCI,LCI 025,MP_August 2013,3,3,1,3,4,2,2,3,2,2,2,2,0,0,0,"dingo, landsnails, lots of insects"
LCI,LCI 025,MP_August 2014,2,2,1,3,3,2,2,3,2,2,1,0,0,0,1,rodent hole
LCI,LCI 026,MP_August 2011,2,1,1,3,2,1,1,2,1,0,0,0,0,0,0,
LCI,LCI 026,MP_May 2012,3,3,1,3,3,2,2,3,3,0,0,0,0,0,0,
LCI,LCI 026,MP_July 2013,3,3,1,3,3,3,3,3,3,0,0,0,0,0,0,
LCI,LCI 026,MP_August 2014,2,1,1,3,2,1,0,2,1,0,1,0,0,0,3,diggings and scratchings
LCI,LCI 027,MP_August 2011,2,2,0,2,1,2,2,2,2,1,1,1,1,0,0,"skinks, dingo tracks"
LCI,LCI 027,MP_May 2012,2,3,0,2,1,2,2,2,3,1,0,0,0,0,0,
LCI,LCI 027,MP_July 2013,2,3,0,2,1,2,2,2,3,1,0,0,0,0,0,
LCI,LCI 027,MP_August 2014,1,1,0,1,1,1,1,1,1,1,1,0,0,0,1,burrows
LCI,LCI 028,MP_August 2011,2,3,0,2,1,2,2,2,3,1,1,1,0,0,0,skinks
LCI,LCI 028,MP_May 2012,2,3,0,2,1,2,2,2,3,1,0,0,0,0,0,
LCI,LCI 028,MP_July 2013,2,3,0,2,1,2,2,2,3,1,0,0,0,0,0,
LCI,LCI 028,MP_August 2014,1,1,0,2,1,1,1,1,1,1,0,0,0,0,0,
LCI,LCI 029,MP_September 2011,2,3,0,2,1,2,1,2,3,1,0,0,0,0,0,
LCI,LCI 029,MP_July 2012,3,4,0,2,1,2,1,2,3,1,0,1,0,0,0,crocodile
LCI,LCI 029,MP_July 2013,2,3,0,2,1,2,1,2,3,1,0,0,0,0,0,
LCI,LCI 029,MP_August 2014,1,2,0,1,0,1,1,1,2,1,1,0,0,0,2,diggings
LCI,LCI 031,MP_July 2011,2,1,2,3,3,2,1,2,1,2,1,0,0,0,1,goanna diggings
LCI,LCI 031,MP_August 2013,3,3,2,3,3,3,2,3,3,2,0,0,0,0,0,
LCI,LCI 032,MP_August 2011,1,2,1,1,1,2,1,2,3,2,0,0,0,0,0,
LCI,LCI 032,MP_July 2012,2,3,1,1,1,2,2,2,3,2,0,0,0,0,0,
LCI,LCI 032,MP_July 2013,2,3,1,1,1,2,2,2,3,2,0,0,0,0,0,
LCI,LCI 032,MP_August 2014,1,1,1,1,0,1,1,1,1,2,0,0,0,0,1,
LCI,LCI 033,MP_August 2011,2,3,1,3,2,2,2,3,3,2,0,0,0,0,0,
LCI,LCI 033,MP_July 2012,2,3,1,3,2,2,2,3,3,2,0,0,0,0,0,
LCI,LCI 033,MP_July 2013,2,2,1,3,2,1,1,2,1,2,0,0,0,0,0,
LCI,LCI 033,MP_August 2014,2,3,1,3,2,2,2,3,3,2,1,1,0,1,1,"skinks, roo scats and diggings"
LCI,LCI 034,MP_July 2011,3,2,3,3,3,2,2,2,2,2,1,1,0,1,0,"skinks, lg macropod scats"
LCI,LCI 034,MP_July 2012,3,3,3,3,3,2,2,3,3,2,1,1,0,2,0,"euro, euro scats"
LCI,LCI 034,MP_July 2013,2,2,3,3,2,2,2,2,2,2,0,0,0,0,0,
LCI,LCI 034,MP_August 2014,3,3,3,4,3,2,3,2,2,3,3,1,0,1,1,"delicate mouse sighted, euro scats, euro pad"
LCI,LCI 035,MP_July 2011,2,2,4,1,1,1,2,2,1,1,1,1,0,1,0,"skinks, lg macropod scats"
LCI,LCI 035,MP_July 2012,2,3,4,1,1,2,2,2,2,1,0,0,0,0,0,
LCI,LCI 035,MP_July 2013,3,3,4,2,1,2,2,2,2,1,0,0,0,0,0,
LCI,LCI 035,MP_August 2014,2,3,4,1,0,2,3,2,2,1,2,0,0,1,1,"roo (antilopine) & dingo scats, bandicoot digings"
LCI,LCI 038,MP_September 2011,2,3,0,0,0,2,0,3,3,0,0,0,0,0,0,holes where fresh water crabs make their homes
LCI,LCI 039 R,MP_July 2012,4,5,3,3,4,4,4,4,3,0,2,2,0,0,0,macropods
LCI,LCI 039 R,MP_August 2013,5,5,3,5,5,4,5,4,4,0,0,0,0,0,0,
LCI,LCI 039 R,MP_July 2014,3,4,3,4,4,3,4,4,2,0,0,0,0,0,0,
LCI,LCI 039 W,MP_July 2012,4,5,3,3,4,4,4,4,3,0,2,2,0,0,0,macropods
LCI,LCI 039 W,MP_August 2013,5,5,3,5,5,4,5,4,4,0,0,0,0,0,0,
LCI,LCI 039 W,MP_July 2014,3,4,3,4,4,3,4,4,2,0,0,0,0,0,0,
LCI,LCI 041,MP_July 2012,2,2,1,2,2,2,2,2,1,3,2,0,0,0,3,diggings
LCI,LCI 041,MP_August 2013,3,3,1,3,3,3,3,3,3,3,3,2,0,1,1,"skinks, macropod scats, diggings"
LCI,LCI 043,MP_July 2012,2,2,0,3,2,2,3,2,1,2,0,0,0,0,0,
LCI,LCI 043,MP_August 2013,4,4,0,4,4,2,2,3,3,2,0,0,0,0,0,
LCI,LCI 044,MP_July 2012,3,4,0,4,4,3,2,3,3,2,0,0,0,0,0,
LCI,LCI 044,MP_August 2013,3,2,0,5,5,2,2,3,2,2,0,0,0,0,0,
LCI,LCI 046,MP_July 2012,2,2,0,2,2,2,2,3,1,3,0,0,0,0,0,
LCI,LCI 046,MP_August 2013,3,3,0,3,3,3,3,3,3,3,1,1,0,0,0,skink
LCI,LCI 047 R,MP_September 2013,2,2,2,1,3,1,1,3,1,0,0,0,0,0,0,
LCI,LCI 047 R,MP_July 2014,3,5,2,2,2,2,3,2,3,0,0,0,0,0,0,
LCI,LCI 047 W,MP_September 2013,2,2,2,1,3,1,1,3,1,0,0,0,0,0,0,
LCI,LCI 047 W,MP_July 2014,3,5,2,2,2,2,3,2,3,0,0,0,0,0,0,
LCI,LCI 050,MP_August 2013,4,4,5,4,3,3,4,4,3,2,3,2,0,1,0,"Euro, carlias, macropod scats"
LCI,LCI 051,MP_July 2012,3,3,4,4,2,3,3,3,2,0,0,0,0,0,0,
LCI,LCI 051,MP_August 2013,3,2,4,4,2,2,3,3,2,0,0,0,0,0,0,
LCI,LCI 052,MP_July 2012,3,3,0,4,4,3,2,3,3,0,0,0,0,0,0,
LCI,LCI 052,MP_August 2013,3,2,0,4,4,2,1,2,2,0,2,2,0,0,0,skinks
LCI,LCI 053,MP_July 2012,3,3,0,2,2,3,2,3,3,3,0,0,0,0,0,
LCI,LCI 053,MP_August 2013,2,2,0,2,3,2,2,3,2,3,1,1,0,0,0,dragon
LCI,LCI 054,MP_July 2012,3,3,4,2,1,3,3,3,3,0,2,0,0,2,0,macropod scats
LCI,LCI 054,MP_August 2013,2,1,4,2,2,2,3,2,1,0,3,1,0,1,1,"skinks, macropod scats, diggings"
LCI,LCI 055,MP_July 2012,3,3,4,3,2,3,4,3,3,4,3,0,0,3,2,macropod scats and diggings
LCI,LCI 055,MP_August 2013,2,2,4,3,4,2,2,2,2,4,2,0,0,1,1,macropod scats and diggings
LCI,LCI 056,MP_July 2012,3,4,0,1,2,3,2,3,3,0,0,0,0,0,0,
LCI,LCI 056,MP_August 2013,2,3,0,2,2,2,3,2,2,0,1,1,0,0,0,skinks
LCI,LCI 201,KLRCR_2011,2,2,3,3,0,2,2,2,1,1,2,0,0,1,1,"macropod scats, diggings (Rattus tunnii)"
LCI,LCI 201,KLRCR_2012,2,2,3,3,1,2,3,2,1,1,3,2,0,2,2,"Carlias, macropod scats, ruttus tunnyi borrown (old)"
LCI,LCI 201,KLRCR_2013,3,4,3,2,1,2,3,3,2,1,0,0,0,0,0,
LCI,LCI 201,KLRCR_2014,2,3,3,2,1,2,3,3,2,2,2,1,0,0,1,bandicoot diggings.
LCI,LCI 201,KLRCR_2015,2,0,3,3,1,1,0,0,3,0,1,1,0,0,0,2.5 m long olive pytthon swimming down creek next to site
LCI,LCI 202,KLRCR_2011,3,4,2,4,2,4,4,4,3,3,1,2,0,1,0,"Ctenotus, macropod scats"
LCI,LCI 202,KLRCR_2012,3,3,2,4,3,3,4,4,2,3,2,2,0,2,0,"Carlia, macropod scats"
LCI,LCI 202,KLRCR_2013,3,4,2,4,3,3,4,4,3,3,2,0,0,1,1,"macropod scats, diggings"
LCI,LCI 202,KLRCR_2014,2,3,2,2,1,2,2,3,2,2,2,1,0,0,1,bandicoot diggings.
LCI,LCI 202,KLRCR_2015,2,0,1,3,2,1,0,0,3,2,0,0,0,0,0,
LCI,LCI 203,KLRCR_2011,3,3,5,1,1,3,4,4,2,3,2,1,0,1,0,"Carlia, macropod scats"
LCI,LCI 203,KLRCR_2012,3,2,5,1,1,3,4,3,1,3,3,3,0,2,0,"Carlia, Ctenotus, macropod scats"
LCI,LCI 203,KLRCR_2013,3,3,5,1,1,3,4,4,2,3,2,0,0,1,1,"sm macropod scats, diggings"
LCI,LCI 203,KLRCR_2014,3,2,5,1,1,2,4,4,1,3,2,0,0,4,0,
LCI,LCI 203,KLRCR_2015,3,1,4,1,0,2,0,1,3,2,1,0,0,2,0,
LCI,LCI 204,KLRCR_2011,2,3,2,2,2,2,3,3,3,1,2,1,0,1,0,"Antilopine?, large and small macropod scats"
LCI,LCI 204,KLRCR_2012,3,4,2,3,2,3,3,3,3,1,1,1,0,0,0,Euro (male)
LCI,LCI 204,KLRCR_2013,3,4,2,3,2,3,3,3,4,1,1,0,0,1,0,macropod scats
LCI,LCI 204,KLRCR_2014,2,3,2,2,1,2,2,2,4,1,1,0,0,1,0,
LCI,LCI 204,KLRCR_2015,2,1,2,2,2,0,0,0,3,1,1,1,1,1,0,agile wallaby seen at site
LCI,LCI 205,KLRCR_2011,1,1,4,0,0,1,1,2,1,3,1,0,0,1,0,large macropod scats
LCI,LCI 205,KLRCR_2012,2,2,4,1,0,2,1,3,2,3,2,1,0,1,0,"Euro, Dingo scats"
LCI,LCI 205,KLRCR_2013,3,3,4,1,1,3,2,4,3,3,1,0,0,1,0,macropod scats
LCI,LCI 205,KLRCR_2014,2,2,4,1,0,2,1,3,2,3,0,0,0,0,0,
LCI,LCI 205,KLRCR_2015,1,2,1,1,1,2,1,2,3,4,0,0,0,0,0,
LCI,LCI 206,KLRCR_2011,3,4,4,3,0,3,4,3,3,0,1,1,0,0,0,Delma?
LCI,LCI 206,KLRCR_2012,3,2,4,3,0,2,2,2,1,0,1,0,0,1,0,macropod scats
LCI,LCI 206,KLRCR_2013,3,4,4,3,1,3,4,3,3,0,0,0,0,0,0,
LCI,LCI 206,KLRCR_2014,3,3,4,2,1,2,3,3,2,0,2,0,0,2,0,
LCI,LCI 206,KLRCR_2015,2,2,3,1,1,1,0,0,3,0,1,0,0,1,0,
LCI,LCI 207,KLRCR_2011,2,3,2,1,1,3,3,3,4,1,1,1,0,0,0,monitor in grass? Skink (10cm)
LCI,LCI 207,KLRCR_2012,3,4,2,1,0,3,3,3,4,1,0,0,0,0,0,
LCI,LCI 207,KLRCR_2013,3,4,2,2,1,3,3,3,4,1,0,0,0,0,0,
LCI,LCI 207,KLRCR_2014,2,3,2,1,1,2,2,2,3,1,0,0,0,0,0,
LCI,LCI 208,KLRCR_2011,2,3,1,2,2,2,1,2,2,2,2,1,0,0,1,"snake or monitor (0.8m), King Brown 1.8m, fresh mammal burrows (Rattus tunnii)"
LCI,LCI 208,KLRCR_2012,3,4,1,2,2,3,2,3,3,2,0,0,0,0,0,
LCI,LCI 208,KLRCR_2013,3,4,1,2,2,3,2,3,3,2,0,0,0,0,0,
LCI,LCI 208,KLRCR_2014,2,3,1,2,0,2,2,2,3,2,0,0,0,0,0,
LCI,LCI 209,KLRCR_2011,2,3,2,2,1,2,2,2,2,1,2,1,1,0,0,"macropod tracks and scats, Moretia ruficauda"
LCI,LCI 209,KLRCR_2012,3,4,2,2,1,3,3,2,3,1,0,0,0,0,0,
LCI,LCI 209,KLRCR_2013,3,4,2,3,1,3,3,2,3,1,2,1,0,1,0,"Carlia, macropod scats"
LCI,LCI 209,KLRCR_2014,2,3,2,1,0,2,2,2,3,1,0,0,0,0,0,
LCI,LCI 210,KLRCR_2011,3,4,4,1,1,3,3,3,3,0,1,1,0,0,0,Carlia
LCI,LCI 210,KLRCR_2012,3,4,4,1,1,3,3,3,3,0,1,2,0,0,0,"lots of birds, Wedgetail eagle"
LCI,LCI 210,KLRCR_2013,3,4,4,3,2,3,4,3,4,0,1,1,0,0,0,lots of honeyeaters / birds
LCI,LCI 210,KLRCR_2014,3,3,4,2,0,3,3,3,3,0,0,0,0,0,0,
LCI,LCI 211,KLRCR_2011,3,3,4,1,1,3,3,3,3,2,0,0,0,0,0,
LCI,LCI 211,KLRCR_2012,2,1,4,1,1,2,3,3,1,2,2,1,0,1,0,"Carlia, macropod scats"
LCI,LCI 211,KLRCR_2013,3,3,4,1,1,3,3,3,3,2,3,1,0,1,1,"Carlia, sm macropod scats, diggings"
LCI,LCI 211,KLRCR_2014,3,2,4,2,1,2,3,3,2,2,0,0,0,0,0,
LCI,LCI 212,KLRCR_2011,3,4,5,2,2,4,4,4,3,3,2,1,0,1,0,"Ctenotus robustus, large macropod scats"
LCI,LCI 212,KLRCR_2012,3,3,5,2,2,3,4,4,2,3,1,2,0,0,0,carlias
LCI,LCI 212,KLRCR_2013,4,4,5,2,3,4,4,4,3,3,3,2,0,1,0,"carlias, sm macropod scats"
LCI,LCI 212,KLRCR_2014,3,3,5,2,2,3,4,4,2,3,0,0,0,0,0,
LCI,LCI 213,KLRCR_2012,4,4,0,4,3,4,4,4,3,0,0,0,0,0,0,
LCI,LCI 213,KLRCR_2013,4,4,0,4,4,4,4,4,3,0,0,0,0,0,0,
LCI,LCI 213,KLRCR_2014,3,4,0,3,3,4,4,4,3,1,1,0,0,0,1,diggings
LCI,LCI 213,KLRCR_2015,3,5,0,2,2,3,0,2,4,0,0,0,0,0,0,
LCI,LCI 214,KLRCR_2013,4,3,5,2,4,4,4,4,3,3,3,2,0,1,0,"carlia, skink, sm and lg macropod scats"
LCI,LCI 214,KLRCR_2014,3,2,5,1,0,3,3,3,2,3,0,0,0,0,0,very devoid of life
LCI,LCI 214,KLRCR_2015,3,0,5,1,1,1,0,0,3,1,0,0,0,1,0,grass has all seeded prior to fire
LCI,LCI 301,PRNP_2012,3,3,3,2,2,3,2,3,3,0,2,0,2,2,0,
LCI,LCI 301,PRNP_2014,3,4,3,1,1,3,2,4,3,0,3,3,0,0,0,fruit bats feeding in grevillea
LCI,LCI 302,PRNP_2012,3,4,4,2,2,3,3,3,3,0,1,0,0,1,2,diggings were noted here
LCI,LCI 302,PRNP_2014,2,1,3,1,1,1,1,1,0,1,1,0,0,1,0,a few bandicoot digs and Monjon scats on the rocks
LCI,LCI 303,PRNP_2012,3,3,5,0,1,3,2,3,3,0,1,0,0,2,0,
LCI,LCI 303,PRNP_2014,4,4,5,1,1,3,2,3,4,0,2,0,1,3,0,Monjon scats extensive on rock ledges and several Quoll scats
LCI,LCI 304,PRNP_2012,3,4,4,2,2,3,4,4,3,1,2,0,2,2,1,Not as many scats or tracks as I would have thought for this site
LCI,LCI 304,PRNP_2014,3,4,4,2,2,4,4,4,4,1,1,0,0,1,0,Honeyeaters feeding on Xanthostenum flowers
LCI,LCI 305 R,PRNP_2012,3,4,4,2,2,3,3,3,3,0,1,0,0,1,2,diggings were noted here
LCI,LCI 305 R,PRNP_2014,4,5,4,2,1,4,4,4,4,0,1,0,0,1,0,
LCI,LCI 305 W,PRNP_2012,3,4,4,2,2,3,3,3,3,0,1,0,0,1,2,diggings were noted here
LCI,LCI 305 W,PRNP_2014,4,5,4,2,1,4,4,4,4,0,1,0,0,1,0,
LCI,LCI 306,PRNP_2012,3,4,4,1,1,2,2,1,3,1,1,0,0,2,0,
LCI,LCI 306,PRNP_2014,2,1,4,0,1,1,1,0,0,1,2,1,1,3,0,
LCI,LCI 307,PRNP_2014,3,3,4,2,2,3,3,3,3,1,1,0,0,1,0,Triodia mostly have no inflorescences
LCI,LCI 307,PRNP_2012,4,4,4,1,1,4,4,4,4,1,1,0,0,1,0,
LCI,LCI 308,PRNP_2012,3,4,3,2,2,3,2,3,3,0,1,0,0,2,2,
LCI,LCI 308,PRNP_2014,3,4,3,2,2,4,3,4,4,0,3,5,0,0,2,"Bandicoot diggings, many birds feeding on flowering grevillea = Brown Honeyeater, Kimberley Honeyeater, Bar-breasted Honeyeater, Silver-crowned Frairbird"
LCI,LCI 311,PRNP_2012,3,4,2,2,1,2,2,3,2,0,1,1,0,0,0,
LCI,LCI 311,PRNP_2014,3,3,2,2,1,2,2,3,2,0,1,1,0,1,0,"Quoll scats on some rocks, Bandicoot and V. panoptes seen"
LCI,LCI 313 R,PRNP_2012,4,5,5,3,1,4,4,4,4,0,1,0,0,0,2,diggings on the edge of the rainforest
LCI,LCI 313 R,PRNP_2014,4,5,5,3,2,4,4,4,4,0,1,0,1,1,0,Quoll scats on some rocks
LCI,LCI 313 W,PRNP_2012,4,5,5,3,1,4,4,4,4,0,1,0,0,0,2,diggings on the edge of the rainforest
LCI,LCI 313 W,PRNP_2014,4,5,5,3,2,4,4,4,4,0,1,0,1,1,0,Quoll scats on some rocks
LCI,LCI 314 R,PRNP_2012,3,4,3,3,3,4,4,4,3,1,2,0,0,2,3,diggings seen. Terminalia fruiting. Grasses have seeded earlier in the year but now senescent
LCI,LCI 314 R,PRNP_2014,3,4,3,3,2,4,4,4,3,1,0,0,0,0,0,
LCI,LCI 314 W,PRNP_2012,3,4,3,3,3,4,4,4,3,1,2,0,0,2,3,diggings seen. Terminalia fruiting. Grasses have seeded earlier in the year but now senescent
LCI,LCI 314 W,PRNP_2014,3,4,3,3,2,4,4,4,3,1,0,0,0,0,0,
LCI,LCI 315,PRNP_2012,3,4,1,0,0,2,1,3,3,0,1,1,0,0,0,
LCI,LCI 315,PRNP_2014,3,4,1,1,1,2,1,3,3,1,1,0,0,1,0,Quoll scats on some rocks
LCI,LCI 316,PRNP_2012,2,3,2,2,2,3,3,3,3,0,3,1,0,2,3,Grass has all seeded and there are lots of animal diggings
LCI,LCI 316,PRNP_2014,2,3,2,2,2,3,3,3,3,0,0,0,0,0,0,
LCI,LCI 317 R,PRNP_2012,3,3,3,2,2,4,4,3,3,0,2,0,0,3,3,diggings
LCI,LCI 317 R,PRNP_2014,4,4,3,2,2,4,4,3,3,0,1,0,1,1,0,Quoll and Short-eared Rock-Wallaby scats
LCI,LCI 317 W,PRNP_2012,3,3,3,2,2,4,4,3,3,0,2,0,0,3,3,diggings
LCI,LCI 317 W,PRNP_2014,4,4,3,2,2,4,4,3,3,0,1,0,1,1,0,Quoll and Short-eared Rock-Wallaby scats
LCI,LCI 318,PRNP_2012,3,3,2,3,2,2,2,2,3,0,3,3,2,3,3,diggings seen frequently
LCI,LCI 318,PRNP_2014,2,3,2,2,1,2,2,2,3,0,3,0,1,1,1,Bandicoot digs.
LCI,LCI 319,PRNP_2012,2,3,2,2,2,3,3,3,3,0,1,0,1,0,3,Grasses have seeded earlier in the year. Lots of animal diggings in the area
LCI,LCI 319,PRNP_2014,2,3,2,2,1,3,3,3,3,0,1,0,0,1,0,rattlepods seeding
LCI,LCI 401,Mt Elizabeth_2013,1,1,0,2,2,0,0,0,0,0,1,0,0,1,2,wallaby diggings/hole here and there. Mainly cattle signs
LCI,LCI 403,Mt Elizabeth_2013,2,3,0,2,2,0,1,0,0,0,1,0,0,2,1,some diggings seen
LCI,LCI 405,Mt Elizabeth_2013,2,2,0,2,2,0,0,0,0,0,1,0,0,2,2,some diggings seen
LCI,LCI 406,Mt Elizabeth_2013,2,0,0,3,2,0,0,0,0,0,1,0,0,2,1,Older growth trees (E. miniata) around and also elsewhere in this woodland. Legacy of good fire management? Wallaby scsats seen. Diggings/holes and lots of ant activity
LCI,LCI 410,Mt Elizabeth_2013,2,0,0,2,3,1,0,0,0,3,1,0,0,3,2,wallaby scats. Diggings/holes. Lots of ant activity
LCI,LCI 411,Mt Elizabeth_2013,3,3,0,2,2,0,0,0,0,0,1,0,0,0,1,burrows
LCI,LCI 412,Mt Elizabeth_2013,1,2,0,1,1,0,0,0,0,0,0,0,0,0,0,
LCI,LCI 413,Mt Elizabeth_2013,3,3,4,1,2,1,2,0,2,0,1,0,0,2,0,"larger wallaby scats, no small scats sighted and no diggings"
LCI,LCI 501,Bachsten_2013,4,2,4,2,2,1,1,1,1,0,3,3,1,3,1,
LCI,LCI 502,Bachsten_2013,3,1,4,1,3,0,0,0,0,0,2,0,0,3,0,
LCI,LCI 504,Bachsten_2013,3,3,4,2,1,1,2,0,1,0,3,1,2,3,4,diggings common
LCI,LCI 505,Bachsten_2013,3,3,4,3,1,1,1,1,0,0,3,0,1,4,3,diggings common
LCI,LCI 506,Bachsten_2013,3,3,4,2,1,2,2,2,3,0,2,0,1,3,3,"grasses had seeded earlier in the year, diggings common"
LCI,LCI 507,Bachsten_2013,3,4,4,1,1,1,2,2,0,0,3,0,1,4,3,diggings common
LCI,LCI 511,Bachsten_2013,4,5,2,2,0,1,1,0,1,0,2,0,2,1,3,diggings common
LCI,LCI 512,Bachsten_2013,3,5,0,2,0,0,0,0,1,0,2,0,0,0,3,diggings common
LCI,LCI 601,DRNP_2013,1,1,0,2,0,2,0,2,0,3,0,0,0,0,0,kapok flowering
LCI,LCI 602,DRNP_2013,1,1,0,1,1,1,0,0,1,1,0,0,0,0,0,
LCI,LCI 603,DRNP_2013,1,2,0,1,1,1,0,2,0,2,0,0,0,0,0,
LCI,LCI 211,KLRCR_2015,3,3,4,2,2,3,3,3,3,2,2,1,0,2,0,carlia species / macropod scats
LCI,LCI 604,DRNP_2013,3,3,3,1,2,1,1,1,0,0,1,0,1,2,0,prob. Euros or wallabies - large macropods using the area
LCI,LCI 605,DRNP_2013,3,3,1,2,2,1,2,0,0,0,2,2,1,1,2,diggings (maybe goanna - may be bandicoots too) also confused with cattle
LCI,LCI 606,DRNP_2013,2,2,1,2,1,1,1,0,0,2,0,0,0,0,0,
LCI,LCI 607,DRNP_2013,3,3,3,3,2,2,2,2,0,0,2,0,3,2,0,small patch RF adjacent to sandstone scree
LCI,LCI 608 R,DRNP_2013,4,4,4,2,4,0,0,0,0,0,0,0,0,1,0,Some gaps but could be natural due to the tree fall (some Acacia minirichi) or steep terrain
LCI,LCI 608 W,DRNP_2013,4,4,4,2,4,0,0,0,0,0,0,0,0,1,0,Some gaps but could be natural due to the tree fall (some Acacia minirichi) or steep terrain
LCI,LCI 207,KLRCR_2015,2,3,2,1,1,2,2,2,3,1,0,0,0,0,0,
LCI,LCI 208,KLRCR_2015,2,3,1,2,2,2,2,3,2,2,1,0,0,0,1,goanna diggings
LCI,LCI 209,KLRCR_2015,3,4,2,2,2,2,1,2,3,1,0,0,0,0,0,
LCI,LCI 210,KLRCR_2015,3,3,4,2,1,2,2,3,3,0,0,0,0,0,0,
LCI,LCI 212,KLRCR_2015,3,3,5,1,3,3,3,3,2,3,2,1,0,1,0,Carlia species / macropod scats
LCI,LCI 615,DRNP_2015,3,3,4,0,2,2,2,3,3,0,3,0,3,3,3,Tracks in sand along cliff top and in nearby creek bed. Wallaby and rodent diggings
LCI,LCI 611,DRNP_2015,3,3,4,0,2,1,1,2,2,0,2,1,0,3,2,"king brown seen about 4 ft, wallaby scats present, diggings in sandy section"
LCI,LCI 616,DRNP_2015,3,4,4,0,1,2,3,1,3,0,3,1,3,3,3,brush tailed rock wallaby seen 1st day. Lots of tracks in sand along cliff-top and creek bed. Wallaby scats of various sizes. Diggings further inland as its less rocky and more sandy soil
LCI,LCI 614,DRNP_2015,3,3,3,0,1,2,1,1,3,0,2,0,1,3,3,"wallaby scats of various sizes and diggings, probably bandicoots or maybe goannas"
LCI,LCI 617,DRNP_2015,2,2,2,0,0,1,1,1,3,0,2,0,0,3,3,"wallabies, larger scats, also diggings. Petalostigma in fruit, Calytris and Grevillea in flower, grasses have seeded"
LCI,LCI 612,DRNP_2015,3,3,3,2,2,2,2,1,3,0,2,1,0,2,2,"wallaby various sizes, euro seen, diggings in sandy places looks like bandicoots"
LCI,LCI 608 W,DRNP_2015,4,3,4,1,3,2,0,3,3,0,1,1,0,1,1,"Mertins water monitor seen, few wallaby scats seen, both big and small"
LCI,LCI 608 R,DRNP_2015,4,3,4,1,3,2,0,3,3,0,1,1,0,1,1,"Mertins water monitor seen, few wallaby scats seen, both big and small"
LCI,LCI 607,DRNP_2015,2,3,3,1,1,2,0,2,3,0,1,0,1,2,0,"wallaby scats seen, flowering vegeation Xanthostemon, grasses seeding"
LCI,LCI 606,DRNP_2015,2,3,2,2,2,2,1,0,3,3,1,0,0,2,0,"wallaby scats, Petalostigma fruiting, grasses seeding"
LCI,LCI 604,DRNP_2015,2,2,3,1,2,1,0,0,3,1,1,0,2,1,0,wallaby tracks and scats seen on site. Sorghum seed husks stockpiled near ants nests indicating its use as food by ants.
LCI,LCI 603,DRNP_2015,1,1,0,1,2,1,2,1,2,0,1,0,1,1,2,diggings and burrows maybe goannas or king browns
LCI,LCI 307,PRNP_2015,3,1,5,0,0,1,1,0,1,1,0,1,0,1,0,
LCI,LCI 315,PRNP_2015,2,2,1,0,1,1,0,0,1,0,0,0,0,0,0,
LCI,LCI 311,PRNP_2015,3,4,2,1,1,2,1,0,4,0,1,0,0,0,1,
LCI,LCI 319,PRNP_2015,2,3,1,1,1,2,1,0,4,1,1,0,0,0,1,
LCI,LCI 316,PRNP_2015,2,3,3,1,0,1,2,0,1,0,1,1,0,1,1,
LCI,LCI 318,PRNP_2015,2,3,3,1,0,1,0,1,2,0,1,0,0,2,2,
LCI,LCI 302,PRNP_2015,3,3,4,0,0,2,2,2,1,1,2,0,0,2,3,
LCI,LCI 303,PRNP_2015,3,3,5,0,0,2,1,3,2,1,1,0,0,3,0,
LCI,LCI 306,PRNP_2015,2,1,5,0,0,1,1,1,2,1,2,0,0,5,0,
LCI,LCI 304,PRNP_2015,2,2,4,0,0,1,1,1,0,1,1,0,0,1,1,
LCI,LCI 301,PRNP_2015,0,0,0,0,0,1,0,0,1,0,2,0,1,3,3,
LCI,LCI 026,MP_September_2015,2,3,1,0,2,1,0,0,1,0,0,0,0,0,0,
LCI,LCI 027,MP_September_2015,1,2,0,0,1,1,1,0,0,0,0,0,0,0,0,
LCI,LCI 028,MP_September_2015,2,3,0,0,1,1,1,0,0,1,0,0,0,0,0,
LCI,LCI 029,MP_September_2015,1,1,0,1,1,0,0,0,0,1,1,0,0,1,1,
LCI,LCI 401,Mt Elizabeth_2015,1,3,0,0,1,1,1,0,0,0,0,1,0,0,0,
LCI,LCI 403,Mt Elizabeth_2015,2,3,0,0,2,0,0,0,1,0,1,1,0,1,0,
LCI,LCI 410,Mt Elizabeth_2015,2,2,0,1,1,2,2,0,2,2,1,1,0,2,0,
LCI,LCI 411,Mt Elizabeth_2015,1,1,0,0,1,1,0,0,2,0,0,0,0,1,0,
LCI,LCI 412,Mt Elizabeth_2015,1,2,0,0,0,1,0,0,2,0,1,0,0,1,1,
LCI,LCI 413,Mt Elizabeth_2015,3,2,5,0,1,2,2,0,4,0,3,1,4,4,1,
LCI,LCI 605,DRNP_2015,2,2,1,2,2,2,0,2,3,0,1,1,1,0,1,"floweing by E. miniata, grass seeding, birds sighted, diggings present (maybe goanna - though one bandicoot caught at this site as well)"
LCI,LCI 602,DRNP_2015,1,1,0,1,2,2,1,0,3,1,3,1,3,3,2,"fruit of Petalostigma, grasses seeded, kangaroos sighted, plus 3 cattle, some diggings seen but may have been cattle, kangaroos of dingoes"
LCI,LCI 601,DRNP_2015,2,1,0,3,2,2,1,0,3,3,3,1,3,3,2,"Pandanus and Petalostigm fruiting, grasses seeded, dingo sighted, some diggings but maybe not native species (apart from euros)"
LCI,LCI 501,Bachsten_2015,3,1,4,2,2,2,0,3,3,0,2,0,0,3,3,"diggings seen at site, perhaps bandicoot"
LCI,LCI 502,Bachsten_2015,2,0,4,2,0,1,2,0,2,0,2,0,0,3,3,diggings
LCI,LCI 512,Bachsten_2015,3,5,0,1,0,2,0,2,3,0,0,0,0,0,0,
LCI,LCI 504,Bachsten_2015,3,3,4,2,0,2,2,2,3,0,2,0,0,3,3,"grass seeded, bandicoot diggings at base of hill"
LCI,LCI 505,Bachsten_2015,3,3,4,2,1,2,1,2,3,0,1,0,0,2,2,diggings at base of hill
LCI,LCI 506,Bachsten_2015,3,4,4,1,0,2,1,1,3,0,2,0,0,2,3,diggings
LCI,LCI 507,Bachsten_2015,3,3,4,2,2,2,1,2,3,0,1,0,0,3,0,
LCI,LCI 511,Bachsten_2015,3,5,1,2,1,1,0,0,3,0,1,0,0,1,2,diggings in sandier drier areas
