Project,Site,Visit,Fauna Habitat and Shelter,Veg Cover,Rock Crevices,Tree Hollows,Logs,Food Availability,Fruiting,Flowering,Seeding,Termite Mounds,Tracks and Traces,Sightings,Tracks,Scats,Other Signs,Comments
NC,MNP 001,MNP_2015,4,4,4,3,2,3,2,3,3,1,3,2,0,2,0,"2 skinks, macropod scats, dingo scats"
NC,MNP 004,MNP_2015,3,3,4,1,1,2,2,2,2,0,0,0,0,0,0,
NC,MNP 006,MNP_2015,3,3,3,2,2,2,2,3,3,1,0,0,0,0,0,
NC,MNP 007,MNP_2015,1,2,3,0,1,1,1,1,1,0,0,0,0,0,0,
NC,MNP 009,MNP_2015,2,3,0,1,2,2,2,3,2,0,0,0,0,0,0,
NC,MNP 010,MNP_2015,2,3,0,2,3,2,2,2,2,0,1,1,0,0,0,skinks
NC,PLNR 001,PLNR_2015,2,3,1,1,1,3,3,3,2,0,1,0,0,2,0,macropod scats
NC,PLNR 002,PLNR_2015,2,3,0,2,0,2,2,2,2,0,0,0,0,0,0,
NC,PLNR 003,PLNR_2015,1,2,0,0,0,2,0,1,3,0,3,1,1,0,1,"Brolga, macropod tracks, large bird egg schells"
NC,PLNR 004,PLNR_2015,2,2,0,0,0,2,0,0,4,0,0,0,0,0,0,
NC,PLNR 005,PLNR_2015,2,3,1,1,0,2,1,2,3,2,0,0,0,0,0,
NC,PLNR 006,PLNR_2015,2,3,1,1,0,2,1,2,3,0,0,0,0,0,0,
NC,PLNR 007,PLNR_2015,2,2,2,1,0,3,3,3,2,1,0,0,0,0,0,
NC,PLNR 008,PLNR_2015,3,3,0,3,1,2,1,3,3,0,0,0,0,0,0,
NC,MNP 001,MNP_2011,3,4,4,2,0,1,2,3,1,0,1,1,0,0,1,2 Euro sighted (female with young). Goanna diggings.
NC,MNP 001,MNP_2012,4,4,4,3,2,3,2,3,3,1,2,2,2,3,0,"Carlia, macropod scats and tracks large and small (rock wallaby?)"
NC,MNP 001,MNP_2013,2,2,4,2,1,1,2,1,1,0,2,0,1,1,0,macropod tracks and scats
NC,MNP 004,MNP_2012,4,4,4,2,0,2,2,2,2,1,2,1,3,3,0,"Ctenotus ?robustus, macropod tracks and scats large and small"
NC,MNP 004,MNP_2013,2,1,4,1,0,1,1,1,0,0,2,0,1,1,0,macropod tracks and scats
NC,MNP 006,MNP_2012,2,3,3,2,1,2,2,2,2,0,0,0,0,0,0,
NC,MNP 006,MNP_2013,3,3,3,2,2,2,2,3,2,0,2,1,0,1,0,"skink, macropod scats"
NC,MNP 007,MNP_2011,3,3,3,1,0,1,3,1,1,0,1,0,0,1,1,"Euro scats, Bush Stone Curlew"
NC,MNP 007,MNP_2012,1,2,3,1,0,1,1,1,1,0,1,1,0,0,0,Euro adult
NC,MNP 007,MNP_2013,3,3,3,2,1,2,3,2,2,0,3,0,1,1,1,"macropod tracks and scats, goanna diggings"
NC,MNP 009,MNP_2011,1,1,0,1,0,1,3,1,1,0,0,0,0,0,0,
NC,MNP 009,MNP_2012,1,2,0,1,1,1,0,2,1,0,0,0,0,0,0,
NC,MNP 009,MNP_2013,1,1,0,1,1,1,0,2,1,0,0,0,0,0,0,
NC,MNP 010,MNP_2011,1,1,0,1,0,1,1,1,0,0,0,0,1,0,0,
NC,MNP 010,MNP_2012,2,3,0,2,2,1,1,1,1,0,1,2,0,1,1,"Euro, carlia sighted, euro scats, goanna diggings"
NC,MNP 010,MNP_2013,2,3,0,1,1,1,1,1,1,0,1,0,1,1,0,macropod tracks and scats
NC,MNP 011,MNP_2011,1,1,0,1,0,1,1,1,0,1,1,1,0,0,1,"goanna diggings, Bush Stone Curlew"
NC,PLNR 001,PLNR_2011,3,3,1,0,0,3,3,3,1,0,1,0,0,1,0,macropod scats
NC,PLNR 001,PLNR_2012,2,3,1,1,1,2,1,3,3,1,1,0,0,1,0,Euro scats
NC,PLNR 001,PLNR_2013,1,1,1,0,0,1,1,1,1,0,1,0,0,1,0,"Euro, macropod"
NC,PLNR 002,PLNR_2011,1,1,0,0,0,1,1,1,0,0,1,3,0,0,0,"Ctenotus, Monitor"
NC,PLNR 002,PLNR_2012,2,3,0,2,1,1,1,2,2,0,1,1,0,0,3,"skinks, goanna diggings"
NC,PLNR 002,PLNR_2013,1,2,0,0,1,1,1,1,1,1,2,0,0,1,1,"macropod scats, goanna diggings"
NC,PLNR 003,PLNR_2011,1,1,0,0,0,1,0,0,1,0,0,0,0,0,0,
NC,PLNR 003,PLNR_2012,1,1,0,0,0,1,0,0,2,0,1,1,1,0,0,"Nailtail, Dingo tracks"
NC,PLNR 003,PLNR_2013,1,1,0,0,0,1,0,0,2,0,2,0,1,1,0,macropod tracks and scats
NC,PLNR 004,PLNR_2013,2,2,0,0,0,2,0,0,4,0,2,2,0,0,0,"Brolgas, Glossy Ibis"
NC,PLNR 005,PLNR_2013,2,3,1,1,1,1,1,1,2,1,0,0,0,0,0,
NC,PLNR 006,PLNR_2012,1,3,1,0,0,2,2,2,2,0,1,0,1,0,0,Dingo tracks
NC,PLNR 006,PLNR_2013,2,3,1,0,0,2,2,2,2,0,2,0,1,1,0,macropod tracks and scats
NC,PLNR 007,PLNR_2012,2,2,2,0,0,1,2,1,1,0,2,1,0,3,0,"Ctenotus, macropod scats"
NC,PLNR 007,PLNR_2013,2,2,2,1,1,3,4,3,2,1,2,1,0,2,0,"Brolgas, macropod scats"
NC,PLNR 008,PLNR_2013,3,3,0,3,2,2,1,3,2,0,1,0,0,1,0,macropod scats
NC,PNP 001,PNP_2012,2,2,2,2,1,1,0,2,1,2,1,1,0,0,0,dragon
NC,PNP 001,PNP_2013,2,3,2,2,2,2,1,3,3,2,1,1,0,0,0,dragon
NC,PNP 002,PNP_2012,2,3,0,1,1,2,1,2,2,3,0,0,0,0,0,
NC,PNP 002,PNP_2013,1,1,0,1,1,1,0,0,0,3,0,0,0,0,0,
NC,PNP 003,PNP_2012,3,4,0,2,1,3,0,4,3,2,1,1,1,0,0,"dragon, insect tracks"
NC,PNP 003,PNP_2013,2,2,0,2,0,2,2,2,2,2,2,0,1,0,2,"dragon, small and larger diggings"
NC,PNP 004,PNP_2012,3,4,0,1,0,2,0,4,2,0,1,3,1,0,0,"dragons, macropod tracks"
NC,PNP 004,PNP_2013,2,3,0,1,1,3,1,3,3,0,3,4,1,0,0,"dragons 4 sightings, tracks"
NC,PNP 005,PNP_2012,2,2,3,1,0,1,0,2,1,0,1,2,0,0,0,dragons
NC,PNP 005,PNP_2013,3,4,3,2,1,3,1,3,4,0,0,0,0,0,0,
NC,PNP 006,PNP_2012,2,3,1,1,0,2,0,3,2,1,0,0,0,0,0,
NC,PNP 006,PNP_2013,1,2,1,1,1,1,1,1,2,1,1,1,0,0,0,skink
NC,PNP 007,PNP_2012,1,2,2,0,0,1,1,2,2,0,1,0,2,0,0,macropod tracks
NC,PNP 007,PNP_2013,2,3,3,1,1,2,2,3,3,0,2,1,0,1,0,"landsnails, macropod scats"
NC,PNP 008,PNP_2012,2,2,0,1,0,2,0,2,2,0,1,1,0,0,0,dragon
NC,PNP 008,PNP_2013,1,2,1,1,0,1,1,1,2,0,0,0,0,0,0,
NC,PNP 009,PNP_2012,2,2,3,2,1,2,1,2,2,0,2,2,0,1,0,"skinks, macropod scats"
NC,PNP 009,PNP_2013,3,3,3,3,1,3,2,3,4,0,3,2,0,1,0,"landsnails, dingo, macropod scats"
NC,PNP 010,PNP_2012,3,4,0,1,1,2,1,2,3,0,0,0,0,0,0,
NC,PNP 010,PNP_2013,1,1,0,1,0,1,0,1,1,1,3,0,0,0,3,"landsnails, nest of ground nesting bird, burrows or diggings"
NC,PNP 011,PNP_2012,2,2,2,1,1,2,1,3,1,2,1,2,0,0,0,dragons
NC,PNP 011,PNP_2013,3,4,2,2,1,3,2,4,4,3,2,3,0,0,0,"young delma, dragon, beatles"
NC,PNP 012,PNP_2012,3,4,0,2,0,3,0,4,2,1,0,0,0,0,0,
NC,PNP 012,PNP_2013,3,4,0,2,1,3,1,4,4,1,2,2,0,0,0,"dragon, ctenotus"
NC,PNP 001,PNP_2015,3,4,2,2,1,3,1,3,4,2,0,0,0,0,0,
NC,PNP 002,PNP_2015,2,3,0,1,2,2,1,2,2,3,0,0,0,0,0,
NC,PNP 003,PNP_2015,2,3,0,1,0,2,1,2,2,2,2,1,0,1,0,"skink , macropod scats"
NC,PNP 004,PNP_2015,1,2,0,0,0,1,0,1,1,0,4,4,0,1,0,"2 skinks, 2 emu, macropod scats"
NC,PNP 005,PNP_2015,3,4,3,1,0,3,1,2,4,0,0,0,0,0,0,
NC,PNP 006,PNP_2015,2,3,1,1,3,2,0,3,3,1,1,1,0,0,0,skink
NC,PNP 007,PNP_2015,2,2,3,0,2,2,1,2,3,0,0,0,0,0,0,
NC,PNP 008,PNP_2015,2,3,1,2,1,2,1,2,2,0,0,0,0,0,0,
NC,PNP 009,PNP_2015,2,3,3,2,0,3,2,2,4,0,0,0,0,0,0,
NC,PNP 010,PNP_2015,2,3,0,2,2,2,1,3,3,1,0,0,0,0,0,
NC,PNP 011,PNP_2015,1,1,2,0,0,1,0,1,1,2,0,0,0,0,0,
NC,PNP 012,PNP_2015,3,4,0,2,1,3,1,4,4,1,1,1,0,0,0,skink
