{
    "name": "lci",
    "resources": [
        {
            "url": "",
            "schema": {
                "fields": [
                    {
                        "description": "",
                        "format": "default",
                        "type": "string",
                        "name": "Project",
                        "title": ""
                    },
                    {
                        "description": "",
                        "format": "default",
                        "type": "string",
                        "name": "Site",
                        "title": ""
                    },
                    {
                        "description": "",
                        "format": "default",
                        "type": "string",
                        "name": "Visit",
                        "title": ""
                    },
                    {
                        "description": "",
                        "format": "default",
                        "type": "integer",
                        "name": "Evidence of recent Fire",
                        "title": ""
                    },
                    {
                        "description": "",
                        "format": "default",
                        "type": "integer",
                        "name": "Fire Intensity",
                        "title": ""
                    },
                    {
                        "description": "",
                        "format": "default",
                        "type": "integer",
                        "name": "Recently Burned Veg in %",
                        "title": ""
                    },
                    {
                        "description": "",
                        "format": "default",
                        "type": "number",
                        "name": "Scorch Height m",
                        "title": ""
                    },
                    {
                        "description": "",
                        "format": "default",
                        "type": "integer",
                        "name": "Cattle sighted",
                        "title": ""
                    },
                    {
                        "description": "",
                        "format": "default",
                        "type": "integer",
                        "name": "Grazing Level",
                        "title": ""
                    },
                    {
                        "description": "",
                        "format": "default",
                        "type": "integer",
                        "name": "Tracks and Trampling",
                        "title": ""
                    },
                    {
                        "description": "",
                        "format": "default",
                        "type": "integer",
                        "name": "Cattle Dung",
                        "title": ""
                    },
                    {
                        "description": "",
                        "format": "default",
                        "type": "integer",
                        "name": "Veg affected within Site %",
                        "title": ""
                    },
                    {
                        "description": "",
                        "format": "default",
                        "type": "integer",
                        "name": "Pigs",
                        "title": ""
                    },
                    {
                        "description": "",
                        "format": "default",
                        "type": "integer",
                        "name": "Cats",
                        "title": ""
                    },
                    {
                        "description": "",
                        "format": "default",
                        "type": "integer",
                        "name": "Horses/ Donkeys",
                        "title": ""
                    },
                    {
                        "description": "",
                        "format": "default",
                        "type": "integer",
                        "name": "Camels",
                        "title": ""
                    },
                    {
                        "description": "",
                        "format": "default",
                        "type": "number",
                        "name": "Veg consisting of Weeds in %",
                        "title": ""
                    },
                    {
                        "description": "",
                        "format": "default",
                        "type": "geojson",
                        "name": "Comments",
                        "title": ""
                    }
                ],
                "foreignKeys": [
                    {
                        "fields": [
                            "Site"
                        ],
                        "reference": {
                            "fields": [
                                "site_code"
                            ],
                            "datapackage": "https://biosys.dpaw.wa.gov.au/api/v1/",
                            "resource": "Site"
                        }
                    }
                ]
            },
            "name": "lci-basal-disturbance-indicators",
            "title": "Landscape Conservation Initiative - Disturbance Indicators"
        }
    ],
    "title": "Landscape Conservation Initiative"
}
