Project,Site,Visit,Peg ID,at ... m on transect,walk ... m,to the
LCI,LCI 001,MP_July 2012,A,12,4,right
LCI,LCI 001,MP_July 2012,B,30,3,right
LCI,LCI 001,MP_July 2012,C,54,7,left
LCI,LCI 001,MP_July 2014,A,12,4,right
LCI,LCI 001,MP_July 2014,B,30,3,right
LCI,LCI 001,MP_July 2014,C,54,7,left
LCI,LCI 002,MP_July 2012,A,-4,2,right
LCI,LCI 002,MP_July 2012,B,9,5,right
LCI,LCI 002,MP_July 2012,C,32,2,left
LCI,LCI 002,MP_July 2014,A,-4,2,right
LCI,LCI 002,MP_July 2014,B,9,5,right
LCI,LCI 002,MP_July 2014,C,32,2,left
LCI,LCI 003,MP_May 2012,A,9,1,left
LCI,LCI 003,MP_May 2012,B,11,4,left
LCI,LCI 003,MP_May 2012,C,24,1,left
LCI,LCI 003,MP_July 2014,A,9,1,left
LCI,LCI 003,MP_July 2014,B,11,4,left
LCI,LCI 003,MP_July 2014,C,24,1,left
LCI,LCI 004,MP_July 2012,A,2,1,left
LCI,LCI 004,MP_July 2012,B,15,2,left
LCI,LCI 004,MP_July 2012,C,47,1,left
LCI,LCI 004,MP_August 2013,A,2,1,left
LCI,LCI 004,MP_August 2013,B,15,2,left
LCI,LCI 004,MP_August 2013,C,47,1,left
LCI,LCI 004,MP_July 2014,A,2,1,left
LCI,LCI 004,MP_July 2014,B,15,2,left
LCI,LCI 004,MP_July 2014,C,47,1,left
LCI,LCI 005,MP_August 2013,A,12,2,left
LCI,LCI 005,MP_August 2013,B,19,9,left
LCI,LCI 005,MP_August 2013,C,22,10,right
LCI,LCI 007,MP_July 2014,A,21,2,left
LCI,LCI 007,MP_July 2014,B,38,1,left
LCI,LCI 007,MP_July 2014,C,49,2,right
LCI,LCI 008 R,MP_August 2013,A,40,5,left
LCI,LCI 008 R,MP_August 2013,B,33,3,left
LCI,LCI 008 R,MP_August 2013,C,16,2,left
LCI,LCI 008 R,MP_July 2014,A,40,5,left
LCI,LCI 008 R,MP_July 2014,B,33,3,left
LCI,LCI 008 R,MP_July 2014,C,16,2,left
LCI,LCI 008 R,MP_July 2012,A,40,5,left
LCI,LCI 008 R,MP_July 2012,B,33,3,left
LCI,LCI 008 R,MP_July 2012,C,16,2,left
LCI,LCI 009,MP_August 2013,A,6,2,left
LCI,LCI 009,MP_August 2013,B,30,3,left
LCI,LCI 009,MP_August 2013,C,44,3,left
LCI,LCI 009,MP_July 2014,A,6,2,left
LCI,LCI 009,MP_July 2014,B,30,3,left
LCI,LCI 009,MP_July 2014,C,44,3,left
LCI,LCI 011,MP_August 2013,A,4,2,left
LCI,LCI 011,MP_July 2014,A,4,2,left
LCI,LCI 011,MP_July 2014,B,14,9,left
LCI,LCI 012,MP_August 2013,A,10,6,left
LCI,LCI 013,MP_August 2013,A,6,7,left
LCI,LCI 013,MP_August 2013,B,21,6,left
LCI,LCI 013,MP_August 2013,C,51,4,left
LCI,LCI 014,MP_August 2013,A,8,2,right
LCI,LCI 014,MP_August 2013,B,18,2,left
LCI,LCI 014,MP_August 2013,C,22,1,left
LCI,LCI 014,MP_July 2014,A,8,2,right
LCI,LCI 014,MP_July 2014,B,18,2,left
LCI,LCI 014,MP_July 2014,C,22,1,left
LCI,LCI 015 R,MP_July 2012,A,45,4,right
LCI,LCI 015 R,MP_July 2012,B,28,4,right
LCI,LCI 015 R,MP_July 2012,C,7,4,right
LCI,LCI 015 R,MP_August 2013,A,45,4,right
LCI,LCI 015 R,MP_August 2013,B,28,4,right
LCI,LCI 015 R,MP_August 2013,C,7,4,right
LCI,LCI 015 R,MP_July 2014,A,45,4,right
LCI,LCI 015 R,MP_July 2014,B,28,4,right
LCI,LCI 015 R,MP_July 2014,C,7,4,right
LCI,LCI 019,MP_August 2013,A,15,4,left
LCI,LCI 019,MP_August 2013,B,22,6,left
LCI,LCI 019,MP_August 2013,C,33,5,left
LCI,LCI 019,MP_July 2014,A,15,4,left
LCI,LCI 019,MP_July 2014,B,22,6,left
LCI,LCI 019,MP_July 2014,C,33,5,left
LCI,LCI 020,MP_July 2014,A,8,5,left
LCI,LCI 020,MP_July 2014,B,43,7,left
LCI,LCI 021,MP_July 2014,A,26,1,left
LCI,LCI 021,MP_July 2014,B,37,8,left
LCI,LCI 021,MP_July 2014,C,50,16,left
LCI,LCI 022,MP_July 2012,A,10,4,left
LCI,LCI 022,MP_July 2012,B,32,5,left
LCI,LCI 022,MP_July 2012,C,43,5,left
LCI,LCI 024,MP_July 2012,A,-3,4,right
LCI,LCI 024,MP_July 2012,B,8,4,left
LCI,LCI 024,MP_July 2012,C,33,7,left
LCI,LCI 025,MP_August 2013,A,11,1,left
LCI,LCI 025,MP_August 2013,B,24,8,left
LCI,LCI 025,MP_August 2013,C,35,2,left
LCI,LCI 026,MP_May 2012,A,4,2,left
LCI,LCI 026,MP_May 2012,B,21,5,left
LCI,LCI 026,MP_May 2012,C,23,1,left
LCI,LCI 026,MP_August 2014,A,4,2,left
LCI,LCI 026,MP_August 2014,B,21,5,left
LCI,LCI 026,MP_August 2014,C,23,1,left
LCI,LCI 026,MP_September_2015,A,4,3,left
LCI,LCI 026,MP_September_2015,B,39.8,2,left
LCI,LCI 026,MP_September_2015,C,21,7,left
LCI,LCI 027,MP_May 2012,A,9,4,left
LCI,LCI 027,MP_May 2012,B,9,2,right
LCI,LCI 027,MP_August 2014,A,9,4,left
LCI,LCI 027,MP_September_2015,A,9,8,right
LCI,LCI 027,MP_September_2015,B,9.3,5,left
LCI,LCI 028,MP_May 2012,A,11,4,left
LCI,LCI 028,MP_May 2012,B,13,3,right
LCI,LCI 028,MP_May 2012,C,39,4,right
LCI,LCI 028,MP_August 2014,A,11,4,left
LCI,LCI 028,MP_August 2014,B,13,3,right
LCI,LCI 028,MP_August 2014,C,39,4,right
LCI,LCI 028,MP_September_2015,A,12.7,5,right
LCI,LCI 028,MP_September_2015,B,39.8,5,right
LCI,LCI 029,MP_July 2012,A,5,2,right
LCI,LCI 029,MP_July 2012,B,26,3,left
LCI,LCI 029,MP_July 2012,C,47,1,left
LCI,LCI 029,MP_August 2014,A,5,2,right
LCI,LCI 029,MP_August 2014,B,26,3,left
LCI,LCI 029,MP_August 2014,C,47,1,left
LCI,LCI 029,MP_September_2015,A,4.8,2,right
LCI,LCI 029,MP_September_2015,B,26.8,5,right
LCI,LCI 031,MP_August 2013,A,12,2,left
LCI,LCI 031,MP_August 2013,B,19,2,right
LCI,LCI 031,MP_August 2013,C,3,2,right
LCI,LCI 032,MP_July 2012,A,11,2,left
LCI,LCI 032,MP_July 2012,B,28,4,right
LCI,LCI 032,MP_July 2012,C,28,12,left
LCI,LCI 032,MP_August 2014,A,11,2,left
LCI,LCI 032,MP_August 2014,B,28,4,right
LCI,LCI 032,MP_August 2014,C,28,12,left
LCI,LCI 033,MP_July 2012,A,10,6,left
LCI,LCI 033,MP_July 2012,B,17,9,left
LCI,LCI 033,MP_July 2012,C,22,6,left
LCI,LCI 033,MP_August 2014,A,10,6,left
LCI,LCI 033,MP_August 2014,B,17,9,left
LCI,LCI 033,MP_August 2014,C,22,6,left
LCI,LCI 034,MP_July 2012,A,7,8,right
LCI,LCI 034,MP_July 2012,B,15,4,right
LCI,LCI 034,MP_July 2012,C,33,5,right
LCI,LCI 034,MP_August 2014,A,7,8,right
LCI,LCI 034,MP_August 2014,B,15,4,right
LCI,LCI 034,MP_August 2014,C,33,5,right
LCI,LCI 035,MP_July 2012,A,6,1,right
LCI,LCI 035,MP_July 2012,B,38,1,right
LCI,LCI 035,MP_July 2012,C,65,0,
LCI,LCI 035,MP_August 2014,A,6,1,right
LCI,LCI 035,MP_August 2014,B,38,1,right
LCI,LCI 035,MP_August 2014,C,65,0,
LCI,LCI 039 R,MP_July 2012,A,25,3,left
LCI,LCI 039 R,MP_July 2012,B,42,2,right
LCI,LCI 039 R,MP_July 2012,C,5,4,right
LCI,LCI 039 R,MP_August 2013,A,25,3,left
LCI,LCI 039 R,MP_August 2013,B,42,2,right
LCI,LCI 039 R,MP_August 2013,C,5,4,right
LCI,LCI 039 R,MP_July 2014,A,25,5,left
LCI,LCI 039 R,MP_July 2014,B,43,2,left
LCI,LCI 039 R,MP_July 2014,C,6,5,right
LCI,LCI 039 W,MP_July 2014,A,25,5,left
LCI,LCI 039 W,MP_July 2014,B,43,2,left
LCI,LCI 039 W,MP_July 2014,C,6,5,right
LCI,LCI 041,MP_August 2013,A,10,3,left
LCI,LCI 041,MP_August 2013,B,17,3,left
LCI,LCI 041,MP_August 2013,C,38,10,right
LCI,LCI 043,MP_August 2013,A,5,1,left
LCI,LCI 043,MP_August 2013,B,11,5,left
LCI,LCI 043,MP_August 2013,C,26,8,left
LCI,LCI 044,MP_August 2013,A,3,2,right
LCI,LCI 044,MP_August 2013,B,16,5,left
LCI,LCI 044,MP_August 2013,C,28,3,left
LCI,LCI 046,MP_July 2012,A,4,3,right
LCI,LCI 046,MP_July 2012,B,26,6,left
LCI,LCI 046,MP_July 2012,C,12,5,left
LCI,LCI 046,MP_August 2013,A,4,3,right
LCI,LCI 046,MP_August 2013,B,26,6,left
LCI,LCI 046,MP_August 2013,C,12,5,left
LCI,LCI 047 R,MP_July 2014,A,8,4,left
LCI,LCI 047 R,MP_July 2014,B,30,1,right
LCI,LCI 047 R,MP_July 2014,C,60,0,
LCI,LCI 050,MP_August 2013,A,18,8,left
LCI,LCI 050,MP_August 2013,B,6,4,left
LCI,LCI 050,MP_August 2013,C,24,6,left
LCI,LCI 051,MP_July 2012,A,34,3,left
LCI,LCI 051,MP_July 2012,B,22,6,left
LCI,LCI 051,MP_July 2012,C,6,5,left
LCI,LCI 051,MP_August 2013,A,34,3,left
LCI,LCI 051,MP_August 2013,B,22,6,left
LCI,LCI 051,MP_August 2013,C,6,5,left
LCI,LCI 052,MP_July 2012,A,6,2,left
LCI,LCI 052,MP_July 2012,B,13,2,right
LCI,LCI 052,MP_July 2012,C,23,7,right
LCI,LCI 052,MP_August 2013,A,6,2,left
LCI,LCI 052,MP_August 2013,B,13,2,right
LCI,LCI 052,MP_August 2013,C,23,7,right
LCI,LCI 053,MP_July 2012,A,26,1,right
LCI,LCI 053,MP_July 2012,B,25,6,left
LCI,LCI 053,MP_July 2012,C,34,4,right
LCI,LCI 053,MP_August 2013,A,26,1,right
LCI,LCI 053,MP_August 2013,B,25,6,left
LCI,LCI 053,MP_August 2013,C,34,4,right
LCI,LCI 054,MP_July 2012,A,25,4,left
LCI,LCI 054,MP_July 2012,B,8,4,right
LCI,LCI 054,MP_July 2012,C,30,2,right
LCI,LCI 054,MP_August 2013,A,25,4,left
LCI,LCI 054,MP_August 2013,B,8,4,right
LCI,LCI 054,MP_August 2013,C,30,2,right
LCI,LCI 055,MP_July 2012,A,24,3,right
LCI,LCI 055,MP_July 2012,B,14,8,right
LCI,LCI 055,MP_July 2012,C,14,4,right
LCI,LCI 055,MP_August 2013,A,24,3,right
LCI,LCI 055,MP_August 2013,B,14,8,right
LCI,LCI 055,MP_August 2013,C,14,4,right
LCI,LCI 056,MP_July 2012,A,17,4,left
LCI,LCI 056,MP_July 2012,B,49,2,right
LCI,LCI 056,MP_July 2012,C,24,4,right
LCI,LCI 056,MP_August 2013,A,17,4,left
LCI,LCI 056,MP_August 2013,B,49,2,right
LCI,LCI 056,MP_August 2013,C,24,4,right
LCI,LCI 201,KLRCR_2012,A,6,1,left
LCI,LCI 201,KLRCR_2012,B,33,2,left
LCI,LCI 201,KLRCR_2012,C,15,2,right
LCI,LCI 201,KLRCR_2013,A,6,1,left
LCI,LCI 201,KLRCR_2013,B,33,2,left
LCI,LCI 201,KLRCR_2013,C,15,2,right
LCI,LCI 201,KLRCR_2014,A,6,1,left
LCI,LCI 201,KLRCR_2014,B,33,2,left
LCI,LCI 201,KLRCR_2014,C,15,2,right
LCI,LCI 201,KLRCR_2015,A,6,1,left
LCI,LCI 201,KLRCR_2015,B,33,2,left
LCI,LCI 201,KLRCR_2015,C,15,2,right
LCI,LCI 202,KLRCR_2012,A,30,4,right
LCI,LCI 202,KLRCR_2012,B,21,3,left
LCI,LCI 202,KLRCR_2012,C,5,3,right
LCI,LCI 202,KLRCR_2013,A,30,4,right
LCI,LCI 202,KLRCR_2013,B,21,3,left
LCI,LCI 202,KLRCR_2013,C,5,3,right
LCI,LCI 202,KLRCR_2014,A,30,4,right
LCI,LCI 202,KLRCR_2014,B,21,3,left
LCI,LCI 202,KLRCR_2014,C,5,3,right
LCI,LCI 202,KLRCR_2015,A,30,4,right
LCI,LCI 202,KLRCR_2015,B,21,3,left
LCI,LCI 202,KLRCR_2015,C,5,3,right
LCI,LCI 203,KLRCR_2012,A,10,3,left
LCI,LCI 203,KLRCR_2012,B,2,2,left
LCI,LCI 203,KLRCR_2012,C,9,2,right
LCI,LCI 203,KLRCR_2013,A,10,3,left
LCI,LCI 203,KLRCR_2013,B,2,2,left
LCI,LCI 203,KLRCR_2013,C,9,2,right
LCI,LCI 203,KLRCR_2014,A,10,3,left
LCI,LCI 203,KLRCR_2014,B,2,2,left
LCI,LCI 203,KLRCR_2014,C,9,2,right
LCI,LCI 203,KLRCR_2015,A,10,3,left
LCI,LCI 203,KLRCR_2015,B,2,2,left
LCI,LCI 203,KLRCR_2015,C,9,2,right
LCI,LCI 204,KLRCR_2012,A,4,5,right
LCI,LCI 204,KLRCR_2012,B,32,1,right
LCI,LCI 204,KLRCR_2012,C,16,5,right
LCI,LCI 204,KLRCR_2013,A,4,5,right
LCI,LCI 204,KLRCR_2013,B,32,1,right
LCI,LCI 204,KLRCR_2013,C,16,5,right
LCI,LCI 204,KLRCR_2014,A,4,5,right
LCI,LCI 204,KLRCR_2014,B,32,1,right
LCI,LCI 204,KLRCR_2014,C,16,5,right
LCI,LCI 205,KLRCR_2012,A,30,3,left
LCI,LCI 205,KLRCR_2012,B,36,5,left
LCI,LCI 205,KLRCR_2012,C,14,4,right
LCI,LCI 205,KLRCR_2013,A,30,3,left
LCI,LCI 205,KLRCR_2013,B,36,5,left
LCI,LCI 205,KLRCR_2013,C,14,4,right
LCI,LCI 205,KLRCR_2014,A,30,3,left
LCI,LCI 205,KLRCR_2014,B,36,5,left
LCI,LCI 205,KLRCR_2014,C,14,4,right
LCI,LCI 205,KLRCR_2015,A,30,3,left
LCI,LCI 205,KLRCR_2015,B,36,5,left
LCI,LCI 205,KLRCR_2015,C,14,4,right
LCI,LCI 206,KLRCR_2012,A,13,3,left
LCI,LCI 206,KLRCR_2012,B,16,3,right
LCI,LCI 206,KLRCR_2012,C,2,4,left
LCI,LCI 206,KLRCR_2013,A,13,3,left
LCI,LCI 206,KLRCR_2013,B,16,3,right
LCI,LCI 206,KLRCR_2013,C,2,4,left
LCI,LCI 206,KLRCR_2014,A,13,3,left
LCI,LCI 206,KLRCR_2014,B,16,3,right
LCI,LCI 206,KLRCR_2014,C,2,4,left
LCI,LCI 206,KLRCR_2015,A,13,3,left
LCI,LCI 206,KLRCR_2015,B,16,3,right
LCI,LCI 206,KLRCR_2015,C,2,4,left
LCI,LCI 207,KLRCR_2012,A,2,2,right
LCI,LCI 207,KLRCR_2012,B,9,11,left
LCI,LCI 207,KLRCR_2012,C,9,9,right
LCI,LCI 207,KLRCR_2013,A,2,2,right
LCI,LCI 207,KLRCR_2013,B,9,11,left
LCI,LCI 207,KLRCR_2013,C,9,9,right
LCI,LCI 207,KLRCR_2014,A,2,2,right
LCI,LCI 207,KLRCR_2014,B,9,11,left
LCI,LCI 207,KLRCR_2014,C,9,9,right
LCI,LCI 207,KLRCR_2015,A,2,2,right
LCI,LCI 207,KLRCR_2015,B,9,11,left
LCI,LCI 207,KLRCR_2015,C,9,9,right
LCI,LCI 208,KLRCR_2012,A,12,3,right
LCI,LCI 208,KLRCR_2012,B,16,5,left
LCI,LCI 208,KLRCR_2012,C,19,1,right
LCI,LCI 208,KLRCR_2013,A,12,3,right
LCI,LCI 208,KLRCR_2013,B,16,5,left
LCI,LCI 208,KLRCR_2013,C,19,1,right
LCI,LCI 208,KLRCR_2014,A,12,3,right
LCI,LCI 208,KLRCR_2014,B,16,5,left
LCI,LCI 208,KLRCR_2014,C,19,1,right
LCI,LCI 208,KLRCR_2015,A,12,3,right
LCI,LCI 208,KLRCR_2015,B,16,5,left
LCI,LCI 208,KLRCR_2015,C,19,1,right
LCI,LCI 209,KLRCR_2012,A,11,3,right
LCI,LCI 209,KLRCR_2012,B,33,12,right
LCI,LCI 209,KLRCR_2012,C,38,15,right
LCI,LCI 209,KLRCR_2013,A,11,3,right
LCI,LCI 209,KLRCR_2013,B,33,12,right
LCI,LCI 209,KLRCR_2013,C,38,15,right
LCI,LCI 209,KLRCR_2014,A,11,3,right
LCI,LCI 209,KLRCR_2014,B,33,12,right
LCI,LCI 209,KLRCR_2014,C,38,15,right
LCI,LCI 209,KLRCR_2015,A,11,3,right
LCI,LCI 209,KLRCR_2015,B,33,12,right
LCI,LCI 209,KLRCR_2015,C,38,15,right
LCI,LCI 210,KLRCR_2012,A,6,2,right
LCI,LCI 210,KLRCR_2012,B,20,4,right
LCI,LCI 210,KLRCR_2012,C,10,15,right
LCI,LCI 210,KLRCR_2013,A,6,2,right
LCI,LCI 210,KLRCR_2013,B,20,4,right
LCI,LCI 210,KLRCR_2013,C,10,15,right
LCI,LCI 210,KLRCR_2014,A,6,2,right
LCI,LCI 210,KLRCR_2014,B,20,4,right
LCI,LCI 210,KLRCR_2014,C,10,15,right
LCI,LCI 210,KLRCR_2015,A,6,2,right
LCI,LCI 210,KLRCR_2015,B,20,4,right
LCI,LCI 210,KLRCR_2015,C,10,15,right
LCI,LCI 211,KLRCR_2012,A,5,10,left
LCI,LCI 211,KLRCR_2012,B,30,2,right
LCI,LCI 211,KLRCR_2012,C,9,4,right
LCI,LCI 211,KLRCR_2013,A,5,10,left
LCI,LCI 211,KLRCR_2013,B,30,2,right
LCI,LCI 211,KLRCR_2013,C,9,4,right
LCI,LCI 211,KLRCR_2014,A,5,10,left
LCI,LCI 211,KLRCR_2014,B,30,2,right
LCI,LCI 211,KLRCR_2014,C,9,4,right
LCI,LCI 211,KLRCR_2015,A,5,10,left
LCI,LCI 211,KLRCR_2015,B,30,2,right
LCI,LCI 211,KLRCR_2015,C,9,4,right
LCI,LCI 212,KLRCR_2012,A,5,4,left
LCI,LCI 212,KLRCR_2012,B,17,7,right
LCI,LCI 212,KLRCR_2012,C,6,3,right
LCI,LCI 212,KLRCR_2013,A,5,4,left
LCI,LCI 212,KLRCR_2013,B,17,7,right
LCI,LCI 212,KLRCR_2013,C,6,3,right
LCI,LCI 212,KLRCR_2014,A,5,4,left
LCI,LCI 212,KLRCR_2014,B,17,7,right
LCI,LCI 212,KLRCR_2014,C,6,3,right
LCI,LCI 212,KLRCR_2015,A,5,4,left
LCI,LCI 212,KLRCR_2015,B,17,7,right
LCI,LCI 212,KLRCR_2015,C,6,3,right
LCI,LCI 213,KLRCR_2012,A,2,1,left
LCI,LCI 213,KLRCR_2012,B,17,2,right
LCI,LCI 213,KLRCR_2012,C,10,2,right
LCI,LCI 213,KLRCR_2013,A,2,1,left
LCI,LCI 213,KLRCR_2013,B,17,2,right
LCI,LCI 213,KLRCR_2013,C,10,2,right
LCI,LCI 213,KLRCR_2014,A,2,1,left
LCI,LCI 213,KLRCR_2014,B,17,2,right
LCI,LCI 213,KLRCR_2014,C,10,2,right
LCI,LCI 214,KLRCR_2012,A,29,1,right
LCI,LCI 214,KLRCR_2012,B,46,2,right
LCI,LCI 214,KLRCR_2012,C,35,2,right
LCI,LCI 214,KLRCR_2013,A,29,1,right
LCI,LCI 214,KLRCR_2013,B,46,2,right
LCI,LCI 214,KLRCR_2013,C,35,2,right
LCI,LCI 214,KLRCR_2014,A,29,1,right
LCI,LCI 214,KLRCR_2014,B,46,2,right
LCI,LCI 214,KLRCR_2014,C,35,2,right
LCI,LCI 214,KLRCR_2015,A,29,1,right
LCI,LCI 214,KLRCR_2015,B,46,2,right
LCI,LCI 214,KLRCR_2015,C,35,2,right
LCI,LCI 301,PRNP_2012,A,2,2,left
LCI,LCI 301,PRNP_2012,B,21,1,left
LCI,LCI 301,PRNP_2012,C,33,6,left
LCI,LCI 301,PRNP_2014,A,0,2,right
LCI,LCI 301,PRNP_2014,B,21,1,left
LCI,LCI 301,PRNP_2014,C,33,6,left
LCI,LCI 301,PRNP_2015,A,2,1,left
LCI,LCI 301,PRNP_2015,B,21.3,3,left
LCI,LCI 301,PRNP_2015,C,32.7,7,left
LCI,LCI 302,PRNP_2012,C,38,0,
LCI,LCI 302,PRNP_2014,C,38,0,
LCI,LCI 303,PRNP_2012,A,-5,0,
LCI,LCI 303,PRNP_2012,B,16,1,left
LCI,LCI 303,PRNP_2012,C,23,3,left
LCI,LCI 303,PRNP_2014,A,-5,0,
LCI,LCI 303,PRNP_2014,B,16,1,left
LCI,LCI 303,PRNP_2014,C,23,3,left
LCI,LCI 303,PRNP_2015,A,14,15,left
LCI,LCI 303,PRNP_2015,B,24.4,5,left
LCI,LCI 304,PRNP_2012,A,0,0,
LCI,LCI 304,PRNP_2012,B,15,0,
LCI,LCI 304,PRNP_2014,A,0,0,
LCI,LCI 304,PRNP_2014,B,15,0,
LCI,LCI 304,PRNP_2014,C,38,0,
LCI,LCI 304,PRNP_2015,A,1.5,5,right
LCI,LCI 304,PRNP_2015,B,15,1,left
LCI,LCI 304,PRNP_2015,C,38.3,1,left
LCI,LCI 305 R,PRNP_2012,A,0,0,
LCI,LCI 305 R,PRNP_2012,B,20,0,
LCI,LCI 305 R,PRNP_2012,C,24,0,
LCI,LCI 305 R,PRNP_2014,A,0,1,right
LCI,LCI 305 R,PRNP_2014,B,20,0,
LCI,LCI 305 R,PRNP_2014,C,24,3,right
LCI,LCI 305 R,PRNP_2015,A,0,2,right
LCI,LCI 305 R,PRNP_2015,B,20,1,left
LCI,LCI 305 R,PRNP_2015,C,30,3,right
LCI,LCI 305 W,PRNP_2015,A,0,2,right
LCI,LCI 305 W,PRNP_2015,B,20,1,left
LCI,LCI 305 W,PRNP_2015,C,30,3,right
LCI,LCI 306,PRNP_2012,A,47,9,left
LCI,LCI 306,PRNP_2012,B,33,2,right
LCI,LCI 306,PRNP_2012,C,15,0,
LCI,LCI 307,PRNP_2012,A,12,2,right
LCI,LCI 307,PRNP_2012,B,24,0,
LCI,LCI 307,PRNP_2012,C,28,0,
LCI,LCI 308,PRNP_2012,A,16,0,
LCI,LCI 308,PRNP_2012,B,22,0,
LCI,LCI 308,PRNP_2012,C,35.6,0,
LCI,LCI 311,PRNP_2012,A,15,0,
LCI,LCI 311,PRNP_2012,B,21,0,
LCI,LCI 311,PRNP_2012,C,33,0,
LCI,LCI 311,PRNP_2014,A,20,1,left
LCI,LCI 311,PRNP_2014,B,17,1,left
LCI,LCI 311,PRNP_2014,C,33,1,left
LCI,LCI 313 R,PRNP_2014,A,23,1,left
LCI,LCI 313 R,PRNP_2014,B,11,1,right
LCI,LCI 313 R,PRNP_2014,C,30,1,right
LCI,LCI 313 R,PRNP_2015,A,10.5,1,right
LCI,LCI 313 R,PRNP_2015,B,23.5,3,left
LCI,LCI 313 R,PRNP_2015,C,29.5,1,right
LCI,LCI 313 W,PRNP_2014,A,23,1,left
LCI,LCI 313 W,PRNP_2014,B,11,1,right
LCI,LCI 313 W,PRNP_2014,C,30,1,right
LCI,LCI 313 W,PRNP_2015,A,10.5,1,right
LCI,LCI 313 W,PRNP_2015,B,23.5,3,left
LCI,LCI 313 W,PRNP_2015,C,29.5,1,right
LCI,LCI 314 R,PRNP_2012,A,18,0,
LCI,LCI 314 R,PRNP_2012,B,30,0,
LCI,LCI 314 R,PRNP_2012,C,33,0,
LCI,LCI 314 R,PRNP_2014,A,9,2,right
LCI,LCI 314 R,PRNP_2014,B,21,1,right
LCI,LCI 314 R,PRNP_2014,C,33,1,right
LCI,LCI 315,PRNP_2012,A,15,0,
LCI,LCI 315,PRNP_2012,B,31,0,
LCI,LCI 315,PRNP_2012,C,46,0,
LCI,LCI 316,PRNP_2014,A,27,1,right
LCI,LCI 316,PRNP_2014,B,37,2,right
LCI,LCI 316,PRNP_2014,C,15,1,left
LCI,LCI 316,PRNP_2015,A,10.2,1,left
LCI,LCI 316,PRNP_2015,B,27,1,right
LCI,LCI 317 R,PRNP_2012,A,11,2,right
LCI,LCI 317 R,PRNP_2012,B,21,3,right
LCI,LCI 317 R,PRNP_2012,C,40,2,left
LCI,LCI 317 R,PRNP_2014,A,11,2,right
LCI,LCI 317 R,PRNP_2014,B,21,3,right
LCI,LCI 317 R,PRNP_2014,C,40,2,left
LCI,LCI 317 R,PRNP_2015,A,11,2,right
LCI,LCI 317 R,PRNP_2015,B,21,3,right
LCI,LCI 317 R,PRNP_2015,C,40,2,left
LCI,LCI 317 W,PRNP_2012,A,11,2,right
LCI,LCI 317 W,PRNP_2012,B,21,3,right
LCI,LCI 317 W,PRNP_2012,C,40,2,left
LCI,LCI 317 W,PRNP_2014,A,11,2,right
LCI,LCI 317 W,PRNP_2014,B,21,3,right
LCI,LCI 317 W,PRNP_2014,C,40,2,left
LCI,LCI 317 W,PRNP_2015,A,11,2,right
LCI,LCI 317 W,PRNP_2015,B,21,3,right
LCI,LCI 317 W,PRNP_2015,C,40,2,left
LCI,LCI 318,PRNP_2012,A,9,1,left
LCI,LCI 318,PRNP_2012,B,34,1,right
LCI,LCI 318,PRNP_2012,C,46,1,right
LCI,LCI 318,PRNP_2014,A,15,1,left
LCI,LCI 318,PRNP_2014,B,26,1,right
LCI,LCI 318,PRNP_2014,C,35,1,right
LCI,LCI 319,PRNP_2012,A,45,0,
LCI,LCI 319,PRNP_2012,B,38,0,
LCI,LCI 319,PRNP_2012,C,20,0,
LCI,LCI 319,PRNP_2014,C,20,0,
LCI,LCI 401,Mt Elizabeth_2013,A,10,0,
LCI,LCI 401,Mt Elizabeth_2013,B,20,0,
LCI,LCI 401,Mt Elizabeth_2013,C,40,0,
LCI,LCI 403,Mt Elizabeth_2013,A,5,0,
LCI,LCI 403,Mt Elizabeth_2013,B,11,0,
LCI,LCI 403,Mt Elizabeth_2013,C,46,0,
LCI,LCI 405,Mt Elizabeth_2013,A,1,0,
LCI,LCI 405,Mt Elizabeth_2013,B,10,0,
LCI,LCI 405,Mt Elizabeth_2013,C,43,0,
LCI,LCI 406,Mt Elizabeth_2013,A,2,0,
LCI,LCI 406,Mt Elizabeth_2013,B,10,0,
LCI,LCI 406,Mt Elizabeth_2013,C,30,0,
LCI,LCI 410,Mt Elizabeth_2013,A,10,0,
LCI,LCI 410,Mt Elizabeth_2013,B,20,0,
LCI,LCI 410,Mt Elizabeth_2013,C,30,0,
LCI,LCI 411,Mt Elizabeth_2013,A,15,0,
LCI,LCI 411,Mt Elizabeth_2013,B,37,0,
LCI,LCI 411,Mt Elizabeth_2013,C,43,0,
LCI,LCI 412,Mt Elizabeth_2013,A,10,0,
LCI,LCI 412,Mt Elizabeth_2013,B,37,0,
LCI,LCI 412,Mt Elizabeth_2013,C,49,0,
LCI,LCI 413,Mt Elizabeth_2013,A,44.5,0,
LCI,LCI 413,Mt Elizabeth_2013,B,35.7,0,
LCI,LCI 413,Mt Elizabeth_2013,C,28,0,
LCI,LCI 501,Bachsten_2013,A,10,0,
LCI,LCI 501,Bachsten_2013,B,23,0,
LCI,LCI 501,Bachsten_2013,C,26.8,0,
LCI,LCI 501,Bachsten_2015,A,5,0,
LCI,LCI 501,Bachsten_2015,B,30,0,
LCI,LCI 501,Bachsten_2015,C,40,0,
LCI,LCI 502,Bachsten_2013,A,9,0,
LCI,LCI 502,Bachsten_2013,B,15,0,
LCI,LCI 502,Bachsten_2013,C,28,0,
LCI,LCI 502,Bachsten_2015,A,5,0,
LCI,LCI 502,Bachsten_2015,B,32,0,
LCI,LCI 502,Bachsten_2015,C,37,0,
LCI,LCI 504,Bachsten_2013,A,10,0,
LCI,LCI 504,Bachsten_2013,B,41,0,
LCI,LCI 504,Bachsten_2013,C,60,0,
LCI,LCI 504,Bachsten_2015,A,37,0,
LCI,LCI 504,Bachsten_2015,B,29,0,
LCI,LCI 504,Bachsten_2015,C,0,0,
LCI,LCI 505,Bachsten_2013,A,5,0,
LCI,LCI 505,Bachsten_2013,B,24,0,
LCI,LCI 505,Bachsten_2013,C,49,0,
LCI,LCI 505,Bachsten_2015,A,10,0,
LCI,LCI 505,Bachsten_2015,B,39,0,
LCI,LCI 505,Bachsten_2015,C,50,0,
LCI,LCI 506,Bachsten_2013,A,5,0,
LCI,LCI 506,Bachsten_2013,B,22.9,0,
LCI,LCI 506,Bachsten_2013,C,39,0,
LCI,LCI 506,Bachsten_2015,A,40,0,
LCI,LCI 507,Bachsten_2013,A,21.4,0,
LCI,LCI 507,Bachsten_2013,B,38,2,right
LCI,LCI 507,Bachsten_2013,C,35,0,
LCI,LCI 507,Bachsten_2015,A,46,0,
LCI,LCI 507,Bachsten_2015,B,11,0,
LCI,LCI 507,Bachsten_2015,C,5,0,
LCI,LCI 511,Bachsten_2013,A,0,0,
LCI,LCI 511,Bachsten_2013,B,10,0,
LCI,LCI 511,Bachsten_2013,C,50,0,
LCI,LCI 511,Bachsten_2015,A,3,0,
LCI,LCI 511,Bachsten_2015,B,35,0,
LCI,LCI 511,Bachsten_2015,C,44,0,
LCI,LCI 512,Bachsten_2013,A,10,0,
LCI,LCI 512,Bachsten_2013,B,28,0,
LCI,LCI 512,Bachsten_2013,C,43,0,
LCI,LCI 512,Bachsten_2015,A,24,0,
LCI,LCI 512,Bachsten_2015,B,20,0,
LCI,LCI 512,Bachsten_2015,C,12,0,
LCI,LCI 601,DRNP_2013,A,0,0,
LCI,LCI 601,DRNP_2013,B,10,0,
LCI,LCI 601,DRNP_2013,C,47,0,
LCI,LCI 601,DRNP_2015,A,12,0,
LCI,LCI 601,DRNP_2015,B,20,0,
LCI,LCI 601,DRNP_2015,C,27,0,
LCI,LCI 602,DRNP_2013,A,11,1,right
LCI,LCI 602,DRNP_2013,B,21,1,right
LCI,LCI 602,DRNP_2013,C,35,0,
LCI,LCI 602,DRNP_2015,A,11,0,
LCI,LCI 602,DRNP_2015,B,21,0,
LCI,LCI 603,DRNP_2013,A,3,0.5,left
LCI,LCI 603,DRNP_2013,B,7,0,
LCI,LCI 603,DRNP_2013,C,24.7,1,right
LCI,LCI 603,DRNP_2015,A,3,0,
LCI,LCI 603,DRNP_2015,B,7,0,
LCI,LCI 603,DRNP_2015,C,25,0,
LCI,LCI 604,DRNP_2013,A,2,0,
LCI,LCI 604,DRNP_2013,B,10,0,
LCI,LCI 604,DRNP_2013,C,23,0,
LCI,LCI 604,DRNP_2015,A,9.5,0,
LCI,LCI 604,DRNP_2015,B,15,0,
LCI,LCI 604,DRNP_2015,C,25,0,
LCI,LCI 605,DRNP_2013,A,10,0,
LCI,LCI 605,DRNP_2013,B,37,0,
LCI,LCI 605,DRNP_2013,C,44,0,
LCI,LCI 605,DRNP_2015,A,6,0,
LCI,LCI 605,DRNP_2015,B,24,0,
LCI,LCI 605,DRNP_2015,C,45,0,
LCI,LCI 606,DRNP_2013,C,42,0,
LCI,LCI 606,DRNP_2015,A,28,0,
LCI,LCI 606,DRNP_2015,B,31,0,
LCI,LCI 606,DRNP_2015,C,45,0,
LCI,LCI 607,DRNP_2013,A,5,1,left
LCI,LCI 607,DRNP_2013,B,10,2,right
LCI,LCI 607,DRNP_2013,C,15,3,right
LCI,LCI 607,DRNP_2015,A,5,0,
LCI,LCI 607,DRNP_2015,B,10,0,
LCI,LCI 607,DRNP_2015,C,15,0,
LCI,LCI 608 R,DRNP_2013,A,4,2,left
LCI,LCI 608 R,DRNP_2013,B,19,5,left
LCI,LCI 608 R,DRNP_2013,C,36,0,
LCI,LCI 608 R,DRNP_2015,A,7,0,
LCI,LCI 608 R,DRNP_2015,B,29,0,
LCI,LCI 608 R,DRNP_2015,C,32,0,
LCI,LCI 608 W,DRNP_2015,A,7,0,
LCI,LCI 608 W,DRNP_2015,B,29,0,
LCI,LCI 608 W,DRNP_2015,C,32,0,
LCI,LCI 611,DRNP_2015,A,8,0,
LCI,LCI 611,DRNP_2015,B,17,0,
LCI,LCI 611,DRNP_2015,C,33,0,
LCI,LCI 612,DRNP_2015,A,2,0,
LCI,LCI 612,DRNP_2015,B,8,0,
LCI,LCI 612,DRNP_2015,C,30,0,
LCI,LCI 614,DRNP_2015,A,4,0,
LCI,LCI 614,DRNP_2015,B,25,0,
LCI,LCI 615,DRNP_2015,A,31.5,0,
LCI,LCI 615,DRNP_2015,B,41,0,
LCI,LCI 615,DRNP_2015,C,48,0,
LCI,LCI 616,DRNP_2015,A,12,0,
LCI,LCI 616,DRNP_2015,B,36,0,
LCI,LCI 616,DRNP_2015,C,34,0,
LCI,LCI 617,DRNP_2015,B,18,0,
LCI,LCI 617,DRNP_2015,C,37,0,
