Project,Site,Visit,Peg ID,at ... m on transect,walk ... m,to the
NC,MNP 001,MNP_2012,A,43,4,left
NC,MNP 001,MNP_2012,B,35,2,right
NC,MNP 001,MNP_2012,C,20,7,left
NC,MNP 001,MNP_2013,A,43,4,left
NC,MNP 001,MNP_2013,B,35,2,right
NC,MNP 001,MNP_2013,C,20,7,left
NC,MNP 001,MNP_2015,A,43,4,left
NC,MNP 001,MNP_2015,B,35,2,right
NC,MNP 001,MNP_2015,C,20,7,left
NC,MNP 004,MNP_2012,A,22,2,left
NC,MNP 004,MNP_2012,B,29,8,left
NC,MNP 004,MNP_2012,C,6,6,left
NC,MNP 004,MNP_2013,A,22,2,left
NC,MNP 004,MNP_2013,B,29,8,left
NC,MNP 004,MNP_2013,C,6,6,left
NC,MNP 004,MNP_2015,A,22,2,left
NC,MNP 004,MNP_2015,B,29,8,left
NC,MNP 004,MNP_2015,C,6,6,left
NC,MNP 006,MNP_2012,A,21,4,left
NC,MNP 006,MNP_2012,B,39,3,left
NC,MNP 006,MNP_2012,C,16,8,left
NC,MNP 006,MNP_2013,A,21,4,left
NC,MNP 006,MNP_2013,B,39,3,left
NC,MNP 006,MNP_2013,C,16,8,left
NC,MNP 006,MNP_2015,A,21,4,left
NC,MNP 006,MNP_2015,B,39,3,left
NC,MNP 006,MNP_2015,C,16,8,left
NC,MNP 007,MNP_2012,A,35,15,left
NC,MNP 007,MNP_2012,B,33,5,left
NC,MNP 007,MNP_2012,C,19,4,right
NC,MNP 007,MNP_2013,A,35,15,left
NC,MNP 007,MNP_2013,B,33,5,left
NC,MNP 007,MNP_2013,C,19,4,right
NC,MNP 007,MNP_2015,A,35,15,left
NC,MNP 007,MNP_2015,B,33,5,left
NC,MNP 007,MNP_2015,C,19,4,right
NC,MNP 009,MNP_2012,A,26,8,left
NC,MNP 009,MNP_2012,B,13,2,left
NC,MNP 009,MNP_2012,C,8,7,right
NC,MNP 009,MNP_2013,A,26,8,left
NC,MNP 009,MNP_2013,B,13,2,left
NC,MNP 009,MNP_2013,C,8,7,right
NC,MNP 009,MNP_2015,A,26,8,left
NC,MNP 009,MNP_2015,B,13,2,left
NC,MNP 009,MNP_2015,C,8,7,right
NC,MNP 010,MNP_2012,A,41,6,right
NC,MNP 010,MNP_2012,B,15,3,left
NC,MNP 010,MNP_2012,C,5,4,left
NC,MNP 010,MNP_2013,A,41,6,right
NC,MNP 010,MNP_2013,B,15,3,left
NC,MNP 010,MNP_2013,C,5,4,left
NC,MNP 010,MNP_2015,A,41,6,right
NC,MNP 010,MNP_2015,B,15,3,left
NC,MNP 010,MNP_2015,C,5,4,left
NC,PLNR 001,PLNR_2012,A,34,7,left
NC,PLNR 001,PLNR_2012,B,37,3,right
NC,PLNR 001,PLNR_2012,C,12,7,left
NC,PLNR 001,PLNR_2013,A,34,7,left
NC,PLNR 001,PLNR_2013,B,37,3,right
NC,PLNR 001,PLNR_2013,C,12,7,left
NC,PLNR 001,PLNR_2015,A,34,7,left
NC,PLNR 001,PLNR_2015,B,37,3,right
NC,PLNR 001,PLNR_2015,C,12,7,left
NC,PLNR 002,PLNR_2012,A,5,8,left
NC,PLNR 002,PLNR_2012,B,22,14,left
NC,PLNR 002,PLNR_2012,C,34,4,left
NC,PLNR 002,PLNR_2013,A,5,8,left
NC,PLNR 002,PLNR_2013,B,22,14,left
NC,PLNR 002,PLNR_2013,C,34,4,left
NC,PLNR 002,PLNR_2015,A,5,8,left
NC,PLNR 002,PLNR_2015,B,22,14,left
NC,PLNR 002,PLNR_2015,C,34,4,left
NC,PLNR 003,PLNR_2012,A,10,3,right
NC,PLNR 003,PLNR_2012,B,15,5,left
NC,PLNR 003,PLNR_2012,C,37,27,left
NC,PLNR 003,PLNR_2013,A,10,3,right
NC,PLNR 003,PLNR_2013,B,15,5,left
NC,PLNR 003,PLNR_2013,C,37,27,left
NC,PLNR 003,PLNR_2015,A,10,3,right
NC,PLNR 003,PLNR_2015,B,15,5,left
NC,PLNR 003,PLNR_2015,C,37,27,left
NC,PLNR 004,PLNR_2013,A,34,3,left
NC,PLNR 004,PLNR_2013,B,16,3,left
NC,PLNR 004,PLNR_2013,C,9,2,left
NC,PLNR 004,PLNR_2015,A,34,3,left
NC,PLNR 004,PLNR_2015,B,16,3,left
NC,PLNR 004,PLNR_2015,C,9,2,left
NC,PLNR 005,PLNR_2013,A,10,2,left
NC,PLNR 005,PLNR_2013,B,5,5,left
NC,PLNR 005,PLNR_2013,C,24,6,right
NC,PLNR 005,PLNR_2015,A,10,2,left
NC,PLNR 005,PLNR_2015,B,5,5,left
NC,PLNR 005,PLNR_2015,C,24,6,right
NC,PLNR 006,PLNR_2012,A,23,3,left
NC,PLNR 006,PLNR_2012,B,27,5,right
NC,PLNR 006,PLNR_2012,C,33,6,left
NC,PLNR 006,PLNR_2013,A,23,3,left
NC,PLNR 006,PLNR_2013,B,27,5,right
NC,PLNR 006,PLNR_2013,C,33,6,left
NC,PLNR 006,PLNR_2015,A,23,3,left
NC,PLNR 006,PLNR_2015,B,27,5,right
NC,PLNR 006,PLNR_2015,C,33,6,left
NC,PLNR 007,PLNR_2012,A,20,13,right
NC,PLNR 007,PLNR_2012,B,34,6,right
NC,PLNR 007,PLNR_2012,C,26,3,right
NC,PLNR 007,PLNR_2013,A,20,13,right
NC,PLNR 007,PLNR_2013,B,34,6,right
NC,PLNR 007,PLNR_2013,C,26,3,right
NC,PLNR 007,PLNR_2015,A,20,13,right
NC,PLNR 007,PLNR_2015,B,34,6,right
NC,PLNR 007,PLNR_2015,C,26,3,right
NC,PLNR 008,PLNR_2013,A,25,2,right
NC,PLNR 008,PLNR_2013,B,41,1.5,right
NC,PLNR 008,PLNR_2013,C,10,5,left
NC,PLNR 008,PLNR_2015,A,25,2,right
NC,PLNR 008,PLNR_2015,B,41,1.5,right
NC,PLNR 008,PLNR_2015,C,10,5,left
NC,PNP 001,PNP_2012,A,43,2,left
NC,PNP 001,PNP_2012,B,20,4,left
NC,PNP 001,PNP_2012,C,7,4,left
NC,PNP 001,PNP_2013,A,43,2,left
NC,PNP 001,PNP_2013,B,20,4,left
NC,PNP 001,PNP_2013,C,7,4,left
NC,PNP 001,PNP_2015,A,43,2,left
NC,PNP 001,PNP_2015,B,20,4,left
NC,PNP 001,PNP_2015,C,7,4,left
NC,PNP 002,PNP_2012,A,25,1,left
NC,PNP 002,PNP_2012,B,19,2,right
NC,PNP 002,PNP_2012,C,10,2,right
NC,PNP 002,PNP_2013,A,25,1,left
NC,PNP 002,PNP_2013,B,19,2,right
NC,PNP 002,PNP_2013,C,10,2,right
NC,PNP 002,PNP_2015,A,25,1,left
NC,PNP 002,PNP_2015,B,19,2,right
NC,PNP 002,PNP_2015,C,10,2,right
NC,PNP 003,PNP_2012,A,16,2,left
NC,PNP 003,PNP_2012,B,46,3,left
NC,PNP 003,PNP_2012,C,31,4,left
NC,PNP 003,PNP_2013,A,16,2,left
NC,PNP 003,PNP_2013,B,46,3,left
NC,PNP 003,PNP_2013,C,31,4,left
NC,PNP 003,PNP_2015,A,16,2,left
NC,PNP 003,PNP_2015,B,46,3,left
NC,PNP 003,PNP_2015,C,31,4,left
NC,PNP 004,PNP_2012,A,6,18,left
NC,PNP 004,PNP_2012,B,18,2,right
NC,PNP 004,PNP_2012,C,5,5,left
NC,PNP 004,PNP_2013,A,6,18,left
NC,PNP 004,PNP_2013,B,18,2,right
NC,PNP 004,PNP_2013,C,5,5,left
NC,PNP 004,PNP_2015,A,6,18,left
NC,PNP 004,PNP_2015,B,18,2,right
NC,PNP 004,PNP_2015,C,5,5,left
NC,PNP 005,PNP_2012,A,14,16,right
NC,PNP 005,PNP_2012,B,6,0.5,left
NC,PNP 005,PNP_2012,C,18,10,right
NC,PNP 005,PNP_2013,A,14,16,right
NC,PNP 005,PNP_2013,B,6,0.5,left
NC,PNP 005,PNP_2013,C,18,10,right
NC,PNP 005,PNP_2015,A,14,16,right
NC,PNP 005,PNP_2015,B,6,0.5,left
NC,PNP 005,PNP_2015,C,18,10,right
NC,PNP 006,PNP_2012,A,42,1,left
NC,PNP 006,PNP_2012,B,21,7,right
NC,PNP 006,PNP_2012,C,5,5,right
NC,PNP 006,PNP_2013,A,42,1,left
NC,PNP 006,PNP_2013,B,21,7,right
NC,PNP 006,PNP_2013,C,5,5,right
NC,PNP 006,PNP_2015,A,42,1,left
NC,PNP 006,PNP_2015,B,21,7,right
NC,PNP 006,PNP_2015,C,5,5,right
NC,PNP 007,PNP_2012,A,33,5,left
NC,PNP 007,PNP_2012,B,26,8,left
NC,PNP 007,PNP_2012,C,31,6,right
NC,PNP 007,PNP_2013,A,33,5,left
NC,PNP 007,PNP_2013,B,26,8,left
NC,PNP 007,PNP_2013,C,31,6,right
NC,PNP 007,PNP_2015,A,33,5,left
NC,PNP 007,PNP_2015,B,26,8,left
NC,PNP 007,PNP_2015,C,31,6,right
NC,PNP 008,PNP_2012,A,9,6,right
NC,PNP 008,PNP_2012,B,12,4,left
NC,PNP 008,PNP_2012,C,18,6,right
NC,PNP 008,PNP_2013,A,9,6,right
NC,PNP 008,PNP_2013,B,12,4,left
NC,PNP 008,PNP_2013,C,18,6,right
NC,PNP 008,PNP_2015,A,9,6,right
NC,PNP 008,PNP_2015,B,12,4,left
NC,PNP 008,PNP_2015,C,18,6,right
NC,PNP 009,PNP_2012,A,4,15,left
NC,PNP 009,PNP_2012,B,4,9,left
NC,PNP 009,PNP_2012,C,4,4,left
NC,PNP 009,PNP_2013,A,4,15,left
NC,PNP 009,PNP_2013,B,4,9,left
NC,PNP 009,PNP_2013,C,4,4,left
NC,PNP 009,PNP_2015,A,4,15,left
NC,PNP 009,PNP_2015,B,4,9,left
NC,PNP 009,PNP_2015,C,4,4,left
NC,PNP 010,PNP_2012,A,35,3,right
NC,PNP 010,PNP_2012,B,19,4,right
NC,PNP 010,PNP_2012,C,16,5,left
NC,PNP 010,PNP_2013,A,35,3,right
NC,PNP 010,PNP_2013,B,19,4,right
NC,PNP 010,PNP_2013,C,16,5,left
NC,PNP 010,PNP_2015,A,35,3,right
NC,PNP 010,PNP_2015,B,19,4,right
NC,PNP 010,PNP_2015,C,16,5,left
NC,PNP 011,PNP_2012,A,29,4,right
NC,PNP 011,PNP_2012,B,40,1,right
NC,PNP 011,PNP_2012,C,6,5,left
NC,PNP 011,PNP_2013,A,29,4,right
NC,PNP 011,PNP_2013,B,40,1,right
NC,PNP 011,PNP_2013,C,6,5,left
NC,PNP 011,PNP_2015,A,29,4,right
NC,PNP 011,PNP_2015,B,40,1,right
NC,PNP 011,PNP_2015,C,6,5,left
NC,PNP 012,PNP_2012,A,10,9,right
NC,PNP 012,PNP_2012,B,19,5,right
NC,PNP 012,PNP_2012,C,7,2,right
NC,PNP 012,PNP_2013,A,10,9,right
NC,PNP 012,PNP_2013,B,19,5,right
NC,PNP 012,PNP_2013,C,7,2,right
NC,PNP 012,PNP_2015,A,10,9,right
NC,PNP 012,PNP_2015,B,19,5,right
NC,PNP 012,PNP_2015,C,7,2,right
