Project,Site,Visit,Perennial Grass %,Annual Grass %,Herb %,Litter %,Logs (>50mm) %,Exposed Rock and Gravel %,Bare Ground %,Termite Mound %,Comments
NC,PNP 001,PNP_2015,42,0,0,15,0,40,3,0,
NC,PNP 002,PNP_2012,85,0,1,8,1,0,5,0,
NC,PNP 002,PNP_2013,8,0,0,15,1,0,76,0,site burned as part of our early season fire
NC,MNP 001,MNP_2011,70,0,1,14,1,9,5,0,Nice dense shrub layer. Spinifex starting to seed (early seeding stage)
NC,MNP 001,MNP_2012,62,0,3,18,1,8,8,0,"dense with significant debris on the ground, some spinifex quite mature"
NC,MNP 001,MNP_2013,38,3,4,11,0,23,21,0,
NC,MNP 001,MNP_2015,53,0,2,15,0,15,15,0,
NC,MNP 004,MNP_2012,42,1,2,26,0,24,5,0,
NC,MNP 004,MNP_2013,20,5,2,7,0,49,17,0,
NC,MNP 004,MNP_2015,32,0,1,17,0,44,6,0,
NC,MNP 006,MNP_2012,23,1,4,20,1,40,11,0,
NC,MNP 006,MNP_2013,22,3,3,21,1,43,7,0,
NC,MNP 006,MNP_2015,22,2,3,20,1,40,12,0,
NC,MNP 007,MNP_2011,50,0,0,5,0,35,10,0,
NC,MNP 007,MNP_2012,27,0,1,4,0,49,19,0,dead shrubs up to 3m hight
NC,MNP 007,MNP_2013,27,1,1,5,0,46,20,0,
NC,MNP 007,MNP_2015,22,1,1,5,0,48,23,0,"tree over peg A dead and fallen, shrubs around peg B dead"
NC,MNP 009,MNP_2011,40,0,0,20,1,0,39,0,
NC,MNP 009,MNP_2012,20,8,2,13,0,0,57,0,
NC,MNP 009,MNP_2013,20,8,2,13,0,0,57,0,
NC,MNP 009,MNP_2015,26,5,4,24,0,0,41,0,
NC,MNP 010,MNP_2011,10,12,8,15,5,0,50,0,
NC,MNP 010,MNP_2012,6,8,10,63,1,0,12,0,
NC,MNP 010,MNP_2013,9,17,15,35,1,0,23,0,
NC,MNP 010,MNP_2015,3,7,16,54,3,0,17,0,
NC,MNP 011,MNP_2011,10,14,0,73,0,0,3,0,Extensive thin leaf litter probably due to hot fire in previous year causing the tries to drop their leaves after the fire
NC,PLNR 001,PLNR_2011,48,0,0,10,0,40,2,0,
NC,PLNR 001,PLNR_2012,50,0,1,13,0,36,0,0,
NC,PLNR 001,PLNR_2013,15,1,11,3,0,63,7,0,last years fire has taken out most of the shrub layer
NC,PLNR 001,PLNR_2015,31,0,2,14,0,49,4,0,
NC,PLNR 002,PLNR_2011,42,2,13,17,1,0,25,0,
NC,PLNR 002,PLNR_2012,61,1,6,19,0,0,13,0,
NC,PLNR 002,PLNR_2013,31,7,3,7,0,0,52,0,
NC,PLNR 002,PLNR_2015,28,10,8,7,1,0,46,0,
NC,PLNR 003,PLNR_2011,25,0,0,5,0,0,70,0,
NC,PLNR 003,PLNR_2012,48,0,0,32,0,0,20,0,
NC,PLNR 003,PLNR_2013,46,0,0,4,0,0,50,0,
NC,PLNR 003,PLNR_2015,60,0,0,1,0,0,39,0,"site looks like it flooded more, Eriachne appears stunted"
NC,PLNR 004,PLNR_2013,90,0,0,2,0,0,8,0,soil still wet in approx 80% of site
NC,PLNR 004,PLNR_2015,84,0,0,3,0,0,13,0,
NC,PLNR 005,PLNR_2013,50,0,2,10,1,12,25,0,
NC,PLNR 005,PLNR_2015,45,7,2,10,0,11,24,1,
NC,PLNR 006,PLNR_2012,69,0,1,20,0,8,2,0,
NC,PLNR 006,PLNR_2013,40,0,3,17,0,27,13,0,
NC,PLNR 006,PLNR_2015,26,1,1,19,0,38,15,0,
NC,PLNR 007,PLNR_2012,10,15,4,14,0,39,18,0,
NC,PLNR 007,PLNR_2013,8,16,1,12,0,47,16,0,
NC,PLNR 007,PLNR_2015,8,17,1,11,0,46,17,0,
NC,PLNR 008,PLNR_2013,18,10,3,22,0,0,47,0,
NC,PLNR 008,PLNR_2015,25,8,2,19,0,0,46,0,
NC,PNP 001,PNP_2012,28,0,2,8,1,53,8,0,cattle tracks 500m from site
NC,PNP 001,PNP_2013,36,0,1,18,0,39,6,0,
NC,PNP 002,PNP_2015,82,0,1,10,1,0,6,0,
NC,PNP 003,PNP_2012,43,0,1,18,1,0,36,1,
NC,PNP 003,PNP_2013,29,2,0,17,0,0,51,1,
NC,PNP 003,PNP_2015,27,1,1,9,0,0,62,0,
NC,PNP 004,PNP_2012,44,0,0,9,0,2,45,0,
NC,PNP 004,PNP_2013,22,0,1,9,0,2,66,0,
NC,PNP 004,PNP_2015,12,0,0,3,0,2,83,0,
NC,PNP 005,PNP_2012,38,0,1,1,0,52,8,0,"dead adult grevilleas up to 4m high, group of cattle 2km from site"
NC,PNP 005,PNP_2013,51,0,0,2,0,39,8,0,
NC,PNP 005,PNP_2015,64,0,1,1,0,32,2,0,
NC,PNP 006,PNP_2012,34,0,4,8,0,46,8,0,"dead shrubs 2-3m high, group of cattle 500m from site"
NC,PNP 006,PNP_2013,23,0,1,11,0,48,17,0,
NC,PNP 006,PNP_2015,40,0,2,9,0,35,14,0,
NC,PNP 007,PNP_2012,24,0,2,3,0,46,25,0,"dead shrubs 1m high, group of cattle 1 km from site"
NC,PNP 007,PNP_2013,29,0,0,7,0,41,23,0,
NC,PNP 007,PNP_2015,33,0,0,6,0,53,8,0,
NC,PNP 008,PNP_2012,28,2,1,7,0,51,11,0,
NC,PNP 008,PNP_2013,14,3,4,4,0,49,26,0,site burned as a backburn during last years wildfire
NC,PNP 008,PNP_2015,26,2,1,12,0,44,15,0,
NC,PNP 009,PNP_2012,29,3,1,5,0,54,8,0,
NC,PNP 009,PNP_2013,35,4,0,6,0,48,7,0,
NC,PNP 009,PNP_2015,38,2,0,10,0,47,3,0,
NC,PNP 010,PNP_2012,70,0,6,9,0,0,15,0,"dead shrubs up to 3m high, cattle tracks 500m from site"
NC,PNP 010,PNP_2013,10,0,2,35,0,0,53,0,site burned during this years early season burn (asset protection)
NC,PNP 010,PNP_2015,52,0,1,10,0,0,37,0,
NC,PNP 011,PNP_2012,20,0,0,2,0,72,5,1,fire damage to adult Euc brev
NC,PNP 011,PNP_2013,27,0,0,4,0,64,5,0,
NC,PNP 011,PNP_2015,3,1,0,4,0,86,5,1,
NC,PNP 012,PNP_2012,47,0,1,2,0,13,37,0,dead trees and shrubs up to 3m high
NC,PNP 012,PNP_2013,52,0,0,2,0,11,35,0,
NC,PNP 012,PNP_2015,65,0,0,2,0,12,21,0,
