Project,Site,Visit,Perennial Grass %,Annual Grass %,Herb %,Litter %,Logs (>50mm) %,Exposed Rock and Gravel %,Bare Ground %,Termite Mound %,Comments
LCI,LCI 001,MP_July 2011,5,0,0,10,1,10,74,0,"Site burnt early dry season. Quite hot, scorch height around 4 m or higher at some points. Leaves lower than 4 m now regrowing. Surrounding areas burnt less intensely, and a number of unburnt patches within 300 m (gully and nearby non rocky areas). Burnt quite hot despite early dry season fire. Possibly because higher fule load after fie protection around site in April 2010."
LCI,LCI 001,MP_July 2012,1.4,0.6,0,20.2,0,4.4,73.2,0.2,
LCI,LCI 001,MP_July 2013,55,5,0,23,0,2,14,1,"Not burnt this year. Some Triodia producing seeds now, probably with recent rain. Burnt early 2012"
LCI,LCI 001,MP_July 2014,50,6,0,30,0,5,8,1,"recent low intensity fire, most tape still present"
LCI,LCI 002,MP_July 2011,15,5,3,15,0,61,1,0,"A number of leafless (deciduous or dead) trees, site partly fire damaged from previous years. Brachychiton leafless but flowering. May be rainforest elements as some areas are so rocky they may never be burnt. Despite this some areas have been burnt, leaving only a few scattered but very large mature Triodia hummocks. Much of the areas with some soil in between rocks is covered by a very spiney Hibiscus erect herb/shrub. This may be a species which responds to fire and is an early coloniser. Most recent fire (maybe 1 or 2 years) has killed some shrubs and maybe some trees in parts of plot, maybe also spinifex. Hard tpo tell how extensive because some trees are deciduous. About 30-50% of site seems to have been burnt in most recent fire. Hibiscus (prickly)  may be a post-fire specialist. Large patches of spinifex scattered about on rocky scree slope."
LCI,LCI 002,MP_July 2012,5.8,0.2,0.8,6.6,0,84.2,2.4,0,"A patchy fire has passed into the site, but fire very patchy. Relatively intense on flat base of hill"
LCI,LCI 002,MP_July 2013,15,0,0,8,0,77,0,0,Not burnt this year. Clearly canopy and shrub cover is higher and better developed. Parts of this site where burnt on previous years and veg was a lot more open and Triodia more patchy. Triodia cover is everywhere between rocks this year.
LCI,LCI 002,MP_July 2014,10,0,0,8,1,78,3,0,most of site long unburnt but sandplain recently burnt
LCI,LCI 003,MP_July 2011,80,0,0,15,0,0,5,0,
LCI,LCI 003,MP_May 2012,88.8,0,0.2,8,0,0,3,0,
LCI,LCI 003,MP_July 2013,15,0,0,28,0,0,57,0,Burnt early in dry season. Resprouting vigorously with no evidence of cattle grazing or impact
LCI,LCI 003,MP_July 2014,48,0,0,34,1,0,17,0,
LCI,LCI 004,MP_July 2011,84,0,0,6,0,5,5,0,"This site burned relatively frequently as near the road subject to prescribed burning, but fires generally low intensity and patchy. No fire this year. Cattle culled in the area recently and there was no evidence of recent (since wet season) cattle impacts. Nearby carcases show recent presence and they are known to have been common in this area over the last 4 years. The start of the transect for the site on old cattle scald/track upon which vegetation has not yet regrown."
LCI,LCI 004,MP_July 2012,15.8,0,2,7,0,20,54.8,0,
LCI,LCI 004,MP_August 2013,73,0,1,13,0,7,6,0,
LCI,LCI 004,MP_July 2014,52,0,5,17,0,2,24,0,
LCI,LCI 005,MP_July 2011,6,0,1,17,0,76,0,0,"Recently burnt, moderate intensity. Little ground cover of grass, except in one corner at top of hill which was unburnt."
LCI,LCI 005,MP_August 2013,23,0,11,55,1,10,0,0,
LCI,LCI 007,MP_July 2011,35,5,0,38,1,6,15,0,
LCI,LCI 007,MP_May 2012,0.7,0.2,0,10.4,0.4,7.8,80.5,0,
LCI,LCI 007,MP_August 2013,30,8,0,42,1,6,13,0,
LCI,LCI 007,MP_July 2014,2,1,0,13,0,7,77,0,recently burnt approx 2 - 3 months ago
LCI,LCI 008 R,MP_July 2011,0,0,0,25,1,65,9,0,
LCI,LCI 008 R,MP_August 2013,5,0,4,61,1,27,2,0,
LCI,LCI 008 R,MP_July 2014,0,0,7,61,0,29,3,0,
LCI,LCI 008 R,MP_July 2012,9,0,2,61,1,26,1,0,
LCI,LCI 008 W,MP_July 2011,61,0,0,18,1,8,12,0,
LCI,LCI 008 W,MP_July 2012,72,0,1,18,0,6,2,1,
LCI,LCI 008 W,MP_August 2013,4,2,0,35,0,24,34,1,
LCI,LCI 008 W,MP_July 2014,33,0,0,44,0,11,12,0,
LCI,LCI 009,MP_July 2011,96,0,0,3,0,0,1,0,
LCI,LCI 009,MP_May 2012,3.1,0,2,4.6,0,57.6,32.3,0,
LCI,LCI 009,MP_August 2013,46,0,0,36,0,13,5,0,
LCI,LCI 009,MP_July 2014,57,0,1,31,0,4,7,0,tape present so not burnt last year
LCI,LCI 010,MP_July 2011,85,0,0,12,0,0,3,0,
LCI,LCI 010,MP_May 2012,8,0,0,11.8,0,0,80.2,0,
LCI,LCI 010,MP_August 2013,80,0,1,14,0,0,5,0,
LCI,LCI 010,MP_July 2014,67,0,0,32,0,0,1,0,very dense grass
LCI,LCI 011,MP_July 2011,64,0,1,26,1,2,6,0,"Some parts of site burnt in 2010 (about 30%). Much of current trap site unaffected. The majority of the site has not been burnt for 5 years. There is evidence of previous cattle pads and resting spots, however, these are not currently used much by cattle and vegetation is recovering (5 %), although cattle observed and heard in the general area."
LCI,LCI 011,MP_May 2012,6.6,16,2.2,70.2,0.8,0,4.2,0,"This site has come back from cattle impact. Much higher grass biomass. Sorghum (annual) has superceded Eriachne obtusa which used to dominate this part of site, just off the rocks."
LCI,LCI 011,MP_August 2013,15,10,0,64,2,2,7,0,
LCI,LCI 011,MP_July 2014,30,0,1,58,2,2,7,0,
LCI,LCI 026,MP_September_2015,15,0,0,58,0,27,0,0,
LCI,LCI 027,MP_August 2011,64,5,0,6,0,0,25,0,
LCI,LCI 027,MP_May 2012,80,0,0,4,0,0,16,0,
LCI,LCI 027,MP_July 2013,85,0,0,2,0,1,12,0,"Not burnt this year. Some evidence of cattle but not heavy, just some tracks"
LCI,LCI 012,MP_July 2011,9,0,0,11,1,76,3,0,"This site was recently burnt and much of the shrub layer (Acacia lanceolate and narrow leaf) was removed by the fire. Cover in shrub layer was reduced by about 3 % due to this fire. Also most of the Triodia spp. cover was removed by the fire. Rainforest and fruit trees occurring in the rocky gully at the site were unaffected by fire, and some patches of Triodia have also been protected by rocky surroundings leaving some old large tussocks intact in the area. About 80% of vegetation burnt, but pockets of spinifex surrounded by rocks did not. Also rainforest gully escaped fire."
LCI,LCI 012,MP_May 2012,11,1,0.6,12.6,1,73,1,0,
LCI,LCI 012,MP_August 2013,27,0,2,14,1,56,0,0,this year's fire burned up to the site but left site unburned
LCI,LCI 012,MP_July 2014,25,0,0,15,1,58,1,0,looks long unburnt
LCI,LCI 013,MP_August 2011,10,0,0,12,1,51,26,0,
LCI,LCI 013,MP_May 2012,50,0,1,38,0,10,1,0,
LCI,LCI 013,MP_August 2013,58,0,1,34,1,5,1,0,
LCI,LCI 014,MP_August 2011,9,0,0,54,2,22,12,1,
LCI,LCI 014,MP_May 2012,24,0.2,5,61,0,10.2,0,0,
LCI,LCI 014,MP_August 2013,16,0,1,56,0,24,3,0,
LCI,LCI 014,MP_July 2014,1,0,1,52,0,45,1,0,very recent fire - grass only just resprouting
LCI,LCI 015 R,MP_August 2011,3,0,1,75,2,17,2,0,
LCI,LCI 015 R,MP_July 2012,2,0,5,75,2,15,1,0,
LCI,LCI 015 R,MP_August 2013,2,0,2,77,1,16,2,0,patchy low fire burned up to one small part of the rainforest boundary (car park)
LCI,LCI 015 R,MP_July 2014,0,0,9,64,4,22,1,0,rainforest unburnt but woodland burnt within 2-3 year
LCI,LCI 015 W,MP_August 2011,82,0,2,6,2,8,0,0,
LCI,LCI 015 W,MP_July 2012,1,0,1,14,3,27,54,0,
LCI,LCI 015 W,MP_August 2013,77,0,1,8,3,9,2,0,patchy low fire burned up to one small part of the rainforest boundary (car park)
LCI,LCI 015 W,MP_July 2014,62,0,1,19,2,15,1,0,rainforest unburnt but woodland burnt within 2-3 year
LCI,LCI 016,MP_September 2011,15,0,0,5,0,0,80,0,Most of site burnt in small scale early fire. Has been kept low by local herd of cattle which hangs around at this spot. Couple of dead cows from aerial shoot.
LCI,LCI 017,MP_September 2011,26,2,1,30,1,3,36,1,"Sandstone, flat, some sections of deeper soil with non-Triodia grasses. Burnt 2010 or 2009. Not old growth spinifex."
LCI,LCI 018,MP_September 2011,33,3,0,10,0,33,21,0,Not burnt for a long while
LCI,LCI 019,MP_August 2011,16,1,0,64,1,18,0,0,
LCI,LCI 019,MP_May 2012,1.52,0,0,12.2,0.6,19.22,66.26,0,
LCI,LCI 019,MP_August 2013,19,0,0,64,1,16,0,0,
LCI,LCI 019,MP_July 2014,16,0,0,64,1,19,0,0,"not burnt since last survey period, build up of leaf litter suggests no fire for a few years"
LCI,LCI 020,MP_August 2011,30,6,0,6,0,50,8,0,
LCI,LCI 020,MP_May 2012,0.7,0,0,3.4,0,40,55.9,0,
LCI,LCI 020,MP_August 2013,25,13,0,7,0,46,9,0,
LCI,LCI 020,MP_July 2014,6,0,0,12,1,55,26,0,most ground coverrecently  burnt but cool patchy fire
LCI,LCI 021,MP_August 2011,10,5,5,10,0,50,20,0,"Site divided into rocky scree which rarely would be burnt, Triodia on sand between rocks in surrounding areas (mostly burnt this time) and unburnt Triodia in more rocky sections adjacent to scree. The hillslope contains a series of scree sections surrounded by more typical grassy woodland on sand."
LCI,LCI 021,MP_May 2012,11.2,2.08,17,12,0,56.92,0.6,0,
LCI,LCI 021,MP_August 2013,14,2,6,25,0,51,2,0,
LCI,LCI 021,MP_July 2014,13,0,3,21,1,61,1,0,
LCI,LCI 022,MP_August 2011,80,0,0,13,0,3,4,0,
LCI,LCI 022,MP_July 2012,83.4,0,0,10.6,0,5,1,0,
LCI,LCI 022,MP_July 2013,19,0,1,14,0,66,0,0,"This site seems to have been burnt, maybe late last year (not since wet season). Tape on post melted and lots  of shrubs resprouting from the base. More open shrub and herbaceous layer."
LCI,LCI 023 R,MP_August 2011,0,0,0,80,2,15,3,0,
LCI,LCI 023 R,MP_July 2013,0,0,0,87,0,13,0,0,
LCI,LCI 023 R,MP_July 2014,0,0,1,78,0,14,7,0,no fire evidence
LCI,LCI 023 W,MP_August 2011,86,0,0,12,0,2,0,0,
LCI,LCI 023 W,MP_July 2013,77,0,0,5,0,4,14,0,
LCI,LCI 023 W,MP_July 2014,81,0,0,5,0,3,11,0,no fire evidence
LCI,LCI 024,MP_August 2011,80,0,0,16,0,0,4,0,
LCI,LCI 024,MP_July 2012,80.8,0,0,18.8,0,0,0.4,0,
LCI,LCI 024,MP_July 2013,69,0,0,12,0,0,19,0,"Burnt across track. Not burnt in site, but looks like top half has been heavily grazed/trampled. Possibly burnt last year?? More often than previous years. Need to check"
LCI,LCI 025,MP_September 2011,7,60,0,25,1,5,2,0,"Frequently burnt laterite forest, lots of Sorhum (annual) dominance, few perennial grasses in term sof cover. Trees blackened to 6 m. Not burnt this year."
LCI,LCI 025,MP_May 2012,1.04,1,0,3.68,1,10,83,0,
LCI,LCI 025,MP_August 2013,8,30,0,42,1,13,6,0,
LCI,LCI 025,MP_August 2014,12,20,0,47,0,9,12,0,
LCI,LCI 026,MP_August 2011,5,1,1,45,1,23,24,0,
LCI,LCI 026,MP_May 2012,29,0,0,40,0,23,8,0,
LCI,LCI 026,MP_July 2013,45,2,0,31,1,21,0,0,
LCI,LCI 026,MP_August 2014,2,1,0,45,1,24,27,0,
LCI,LCI 027,MP_August 2014,2,1,4,11,0,1,81,0,
LCI,LCI 027,MP_September_2015,87,0,0,2,0,0,11,0,
LCI,LCI 028,MP_August 2011,83,0,0,9,1,0,7,0,
LCI,LCI 028,MP_May 2012,89.6,0,0,7.8,0,0.4,2,0.2,
LCI,LCI 028,MP_July 2013,86,0,1,8,1,1,3,0,"Not burnt. Cattle hoof marks down by creek, but not heavily grazed"
LCI,LCI 028,MP_August 2014,13,0,1,15,1,4,66,0,
LCI,LCI 028,MP_September_2015,25,0,0,68,2,0,5,0,
LCI,LCI 029,MP_September 2011,83,8,0,8,0,0,1,0,"Looks like lots of older cattle damage, maybe before this year though some recent dung seen."
LCI,LCI 029,MP_July 2012,88,2,1,8,0,0,1,0,
LCI,LCI 029,MP_July 2013,86,0,0,9,0,0,5,0,"Burnt maybe end of 2012, or very early 2013. Shrubs top kill to 2 m in main plot area, grass layer reduced"
LCI,LCI 029,MP_August 2014,30,0,1,14,1,0,54,0,
LCI,LCI 029,MP_September_2015,83,0,0,16,1,0,0,0,
LCI,LCI 031,MP_July 2011,9,0,6,16,0,59,10,0,
LCI,LCI 031,MP_August 2013,47,0,2,21,0,27,3,0,
LCI,LCI 032,MP_August 2011,80,0,5,5,0,4,6,0,
LCI,LCI 032,MP_July 2012,82,0,6,4,0,3,5,0,
LCI,LCI 032,MP_July 2013,83,0,7,6,0,3,1,0,Not burnt. Visited by cattle but not trashed. Cattle use this valley.
LCI,LCI 032,MP_August 2014,6,0,2,27,0,36,29,0,"recent low intensity fire, grass just resprouting"
LCI,LCI 033,MP_August 2011,83,0,8,8,0,1,0,0,
LCI,LCI 033,MP_July 2012,86,0,6,5,0,2,1,0,
LCI,LCI 033,MP_July 2013,30,0,6,12,0,40,12,0,whole site burnt in early dry season fire
LCI,LCI 033,MP_August 2014,67,0,6,12,1,11,3,0,
LCI,LCI 034,MP_July 2011,6,1,2,15,1,32,42,1,
LCI,LCI 034,MP_July 2012,27,8,4,12,1,27,21,0,
LCI,LCI 034,MP_July 2013,7,1,3,17,1,30,41,0,"Site burnt this year, low intensity fire. Low intensity, localised, adjacent to unburnt veg or edge of site boundary."
LCI,LCI 034,MP_August 2014,24,7,4,14,0,28,23,0,
LCI,LCI 035,MP_July 2011,7,0,0,19,0,38,36,0,
LCI,LCI 035,MP_July 2012,8,8,5,5,0,64,10,0,
LCI,LCI 035,MP_July 2013,13,2,0,2,0,53,30,0,"Burnt and grazed around base of rock, unburnt in interior gaps within rocks. Long unburnt"
LCI,LCI 035,MP_August 2014,19,8,0,15,0,45,13,0,
LCI,LCI 038,MP_September 2011,11,0,2,85,0,0,2,0,"Edge of the last few wet patches. Open Melaleuca woodland/forest. Water has only just receded in the last month and most of the ground cover is flattened. Litter of senescent Juncus, and grass mixed in with finer litter including Melaleuca leaf"
LCI,LCI 039 R,MP_July 2012,0,0,2,83,3,12,0,0,50% of rainforest opened up by cattle
LCI,LCI 039 R,MP_August 2013,0,0,3,82,2,13,0,0,
LCI,LCI 039 R,MP_July 2014,0,0,2,78,4,15,1,0,
LCI,LCI 039 W,MP_July 2012,32,0,1,65,1,1,0,0,50% of rainforest opened up by cattle
LCI,LCI 039 W,MP_August 2013,29,0,2,66,2,1,0,0,
LCI,LCI 039 W,MP_July 2014,8,0,2,64,1,24,1,0,
LCI,LCI 041,MP_July 2012,1,0,2,39,0,5,51,2,
LCI,LCI 041,MP_August 2013,16,1,5,63,1,7,6,1,
LCI,LCI 043,MP_July 2012,3.8,0,0,11.2,0.2,0,84.8,0,
LCI,LCI 043,MP_August 2013,40,0,0,47,1,0,12,0,
LCI,LCI 044,MP_July 2012,72,0,5,20,1,0,2,0,
LCI,LCI 044,MP_August 2013,5,0,5,64,0,0,26,0,
LCI,LCI 046,MP_July 2012,13,0,1,15,1,23,46,1,
LCI,LCI 046,MP_August 2013,61,0,3,16,1,11,7,1,
LCI,LCI 047 R,MP_September 2013,0,0,0,97,0,1,2,0,Burnt and heavily grazed to the edge. The 50 m verge within the rainforest opened up in understorey by frequent cattle use. Bare litter makes up most of this verge. Shrubs browsed heavily at ground level. No grass incursion currently. But early stages of cattle damage evident.
LCI,LCI 047 R,MP_July 2014,0,0,0,92,2,6,0,0,
LCI,LCI 047 W,MP_September 2013,10,0,0,16,0,2,72,0,Burnt and heavily grazed to the edge. The 50 m verge within the rainforest opened up in understorey by frequent cattle use. Bare litter makes up most of this verge. Shrubs browsed heavily at ground level. No grass incursion currently. But early stages of cattle damage evident.
LCI,LCI 047 W,MP_July 2014,59,2,1,25,0,8,5,0,
LCI,LCI 050,MP_August 2013,11,6,0,35,1,40,6,1,"flat section above scree is burned, the scree looks long time unburned"
LCI,LCI 051,MP_July 2012,5,6,14,23,1,42,9,0,
LCI,LCI 051,MP_August 2013,5,2,11,40,1,32,9,0,
LCI,LCI 052,MP_July 2012,31,0,6,51,2,1,9,0,
LCI,LCI 052,MP_August 2013,9,0,4,42,1,0,44,0,
LCI,LCI 053,MP_July 2012,36,3,2,14,0,44,0,1,
LCI,LCI 053,MP_August 2013,11,0,0,11,1,73,3,1,
LCI,LCI 054,MP_July 2012,39,2,0,13,0,39,7,0,
LCI,LCI 054,MP_August 2013,10,0,0,9,0,55,26,0,
LCI,LCI 055,MP_July 2012,24,1,3,42,1,7,21,1,
LCI,LCI 055,MP_August 2013,5,0,3,25,1,6,60,0,
LCI,LCI 056,MP_July 2012,77,0,1,10,1,0,11,0,
LCI,LCI 056,MP_August 2013,36,0,0,25,1,0,38,0,
LCI,LCI 201,KLRCR_2011,55,3,5,23,1,3,9,1,
LCI,LCI 201,KLRCR_2012,13,3,2,24,0,2,56,0,dead shrubs to 2m
LCI,LCI 201,KLRCR_2013,31,6,10,32,0,3,18,0,
LCI,LCI 201,KLRCR_2014,25,15,7,32,0,3,17,1,
LCI,LCI 201,KLRCR_2015,1,3,1,2,0,0,93,0,
LCI,LCI 202,KLRCR_2011,34,1,2,41,1,3,18,0,
LCI,LCI 202,KLRCR_2012,19,4,2,42,1,4,28,0,
LCI,LCI 202,KLRCR_2013,25,5,4,43,1,12,10,0,
LCI,LCI 202,KLRCR_2014,16,13,8,27,2,9,24,1,
LCI,LCI 202,KLRCR_2015,2,1,1,3,1,7,85,0,
LCI,LCI 203,KLRCR_2011,9,3,1,22,1,60,3,1,
LCI,LCI 203,KLRCR_2012,4,8,1,21,1,60,4,1,
LCI,LCI 203,KLRCR_2013,5,14,1,22,1,52,4,1,
LCI,LCI 203,KLRCR_2014,5,18,3,12,1,55,5,1,
LCI,LCI 203,KLRCR_2015,1,2,1,3,0,86,6,1,
LCI,LCI 204,KLRCR_2011,81,0,1,4,0,0,14,0,
LCI,LCI 204,KLRCR_2012,76,0,1,11,1,0,11,0,
LCI,LCI 204,KLRCR_2013,94,0,1,2,1,0,2,0,
LCI,LCI 204,KLRCR_2014,75,0,2,9,0,0,14,0,
LCI,LCI 204,KLRCR_2015,5,0,0,3,1,0,91,0,
LCI,LCI 205,KLRCR_2011,18,2,1,14,1,42,21,1,
LCI,LCI 205,KLRCR_2012,23,7,1,11,0,40,17,1,
LCI,LCI 205,KLRCR_2013,52,3,0,16,0,20,8,1,
LCI,LCI 205,KLRCR_2014,32,6,2,8,0,39,12,1,
LCI,LCI 205,KLRCR_2015,8,5,1,4,0,18,62,2,I don't understand how this site can have had such high perennial grass cover recorded in previous years. It’s a very low cover site even after it hasn't been burnt (this year) or grazed heavily. How on earth did previous collectors get up to 50% ground cover here? Its only ground that you can't actually see from above that is counted as grass cover!
LCI,LCI 206,KLRCR_2011,83,0,0,2,0,13,2,0,
LCI,LCI 206,KLRCR_2012,22,0,1,13,0,57,7,0,dead shrubs to 2m
LCI,LCI 206,KLRCR_2013,66,0,4,10,0,17,3,0,
LCI,LCI 206,KLRCR_2014,63,0,2,8,0,23,4,0,
LCI,LCI 206,KLRCR_2015,13,0,0,6,0,73,8,0,
LCI,LCI 207,KLRCR_2011,78,0,1,6,1,3,11,0,
LCI,LCI 207,KLRCR_2012,70,0,1,16,0,3,10,0,
LCI,LCI 207,KLRCR_2013,78,0,1,11,0,3,7,0,
LCI,LCI 207,KLRCR_2014,64,0,3,8,0,10,15,0,
LCI,LCI 207,KLRCR_2015,75,0,0,7,0,6,12,0,
LCI,LCI 208,KLRCR_2011,46,5,0,26,0,9,14,0,
LCI,LCI 208,KLRCR_2012,54,4,5,27,1,6,3,0,
LCI,LCI 208,KLRCR_2013,54,4,2,32,0,5,3,0,
LCI,LCI 208,KLRCR_2014,43,14,4,15,0,9,15,0,
LCI,LCI 208,KLRCR_2015,30,6,1,47,1,6,9,0,
LCI,LCI 209,KLRCR_2011,31,1,3,6,1,9,49,0,
LCI,LCI 209,KLRCR_2012,59,0,3,22,0,6,10,0,
LCI,LCI 209,KLRCR_2013,78,0,1,14,0,3,4,0,
LCI,LCI 209,KLRCR_2014,48,5,5,4,0,7,31,0,
LCI,LCI 209,KLRCR_2015,78,0,1,12,0,3,6,0,
LCI,LCI 210,KLRCR_2011,88,0,0,5,0,6,1,0,
LCI,LCI 210,KLRCR_2012,87,0,1,8,0,4,0,0,
LCI,LCI 210,KLRCR_2013,82,0,1,14,0,3,0,0,
LCI,LCI 210,KLRCR_2014,54,0,4,12,0,25,5,0,
LCI,LCI 210,KLRCR_2015,82,0,0,7,0,11,0,0,
LCI,LCI 211,KLRCR_2011,44,1,0,15,1,28,11,0,
LCI,LCI 211,KLRCR_2012,11,3,0,27,1,34,24,0,dead shrubs to 2m
LCI,LCI 211,KLRCR_2013,31,5,1,23,1,29,10,0,
LCI,LCI 211,KLRCR_2014,24,7,2,16,0,32,19,0,
LCI,LCI 211,KLRCR_2015,36,5,0,20,1,33,5,0,
LCI,LCI 212,KLRCR_2011,35,1,2,27,2,32,1,0,
LCI,LCI 212,KLRCR_2012,10,10,2,25,1,45,7,0,dead shrubs to 2m
LCI,LCI 212,KLRCR_2013,24,8,2,27,1,36,2,0,
LCI,LCI 212,KLRCR_2014,16,12,3,17,1,44,6,1,
LCI,LCI 212,KLRCR_2015,25,2,1,21,1,49,1,0,
LCI,LCI 213,KLRCR_2012,60,0,2,16,1,0,21,0,
LCI,LCI 213,KLRCR_2013,83,0,1,10,1,0,5,0,
LCI,LCI 213,KLRCR_2014,66,0,3,12,1,0,18,0,
LCI,LCI 213,KLRCR_2015,67,0,1,5,0,0,27,0,
LCI,LCI 214,KLRCR_2012,2,4,0,17,2,69,6,0,dead shrubs to 4m
LCI,LCI 214,KLRCR_2013,5,9,1,17,0,63,5,0,
LCI,LCI 214,KLRCR_2014,3,15,1,7,1,67,6,0,No trace of scorch height from last sept fire
LCI,LCI 214,KLRCR_2015,1,2,1,3,1,89,3,0,
LCI,LCI 301,PRNP_2012,58,0,8,24,0,8,2,0,
LCI,LCI 301,PRNP_2014,65,0,4,21,0,9,1,0,
LCI,LCI 301,PRNP_2015,5,0,4,0,0,20,71,0,
LCI,LCI 302,PRNP_2012,46.6,0,2,17,0,29,5,0,
LCI,LCI 302,PRNP_2014,1,0,0,11,1,44,43,0,"Burnt 3 weeks previous, most ground cover/ shrub layer removed"
LCI,LCI 302,PRNP_2015,21,2,0,2,8,52,15,0,
LCI,LCI 303,PRNP_2012,16,0,1,4,0,77,2,0,
LCI,LCI 303,PRNP_2014,27,0,0,11,1,59,2,0,"Unburnt, however burnt areas adjacent"
LCI,LCI 303,PRNP_2015,39,0,0,2,0,58,1,0,
LCI,LCI 304,PRNP_2012,72,0,4,5,0,19,0,0,
LCI,LCI 304,PRNP_2014,67,0,1,8,1,20,3,0,"Long unburnt, Xanthostenum flowering"
LCI,LCI 304,PRNP_2015,2,0,0,6,0,51,40,1,
LCI,LCI 305 R,PRNP_2012,0,0,4.6,80,0,15.4,0,0,
LCI,LCI 305 R,PRNP_2014,0,0,1,66,1,29,3,0,
LCI,LCI 305 R,PRNP_2015,0,0,3,70,1,24,2,0,
LCI,LCI 305 W,PRNP_2012,0,0,4.6,80,0,15.4,0,0,
LCI,LCI 305 W,PRNP_2014,0,0,14,71,1,6,8,0,
LCI,LCI 305 W,PRNP_2015,0,0,15,70,1,7,7,0,
LCI,LCI 306,PRNP_2012,70,0,0,4,0,26,0,0,
LCI,LCI 306,PRNP_2014,5,0,0,33,0,53,9,0,burnt in the last week
LCI,LCI 306,PRNP_2015,35,0,3,2,0,56,4,0,
LCI,LCI 307,PRNP_2014,60,0,0,7,0,32,1,0,
LCI,LCI 307,PRNP_2012,45,0,3,5,0,47,0,0,
LCI,LCI 307,PRNP_2015,2,0,0,3,2,89,4,0,logs only along transect. Perennial grass and litter hoigh along transect compared to the rest of the quadrat
LCI,LCI 308,PRNP_2012,63,0,1,7,0,27,2,0,
LCI,LCI 308,PRNP_2014,71,0,1,14,1,6,7,0,"Unburnt, however burnt areas adjacent, damp riparian area, lots of water in creek"
LCI,LCI 308,PRNP_2015,10,1,2,1,0,38,48,0,
LCI,LCI 311,PRNP_2012,39,1,2,42,1,14,1,0,
LCI,LCI 311,PRNP_2014,31,0,4,25,1,26,13,0,"fire regeneration on trees / shrubs, regrowth and scorched seedlings"
LCI,LCI 311,PRNP_2015,52,0,1,23,2,22,0,0,
LCI,LCI 313 R,PRNP_2012,0,0,0,54,0,46,0,0,
LCI,LCI 313 R,PRNP_2014,0,0,1,54,2,42,1,0,"mostly rainforest - long unburnt, some scattered pacyflora on rainforest fringe,"
LCI,LCI 313 R,PRNP_2015,0,0,0,55,1,44,0,0,
LCI,LCI 313 W,PRNP_2012,44,0,0,33,0,23,0,0,
LCI,LCI 313 W,PRNP_2014,43,0,3,24,0,25,5,0,"mostly rainforest - long unburnt, some scattered pacyflora on rainforest fringe,"
LCI,LCI 313 W,PRNP_2015,44,0,0,31,0,22,3,0,
LCI,LCI 314 R,PRNP_2012,0,0,0,86.4,1.3,12.3,0,0,
LCI,LCI 314 R,PRNP_2014,0,0,0,81,1,18,0,0,
LCI,LCI 314 R,PRNP_2015,0,0,0,80,1,19,0,0,
LCI,LCI 314 W,PRNP_2012,29,0,0,67,0,4,0,0,
LCI,LCI 314 W,PRNP_2014,44,0,0,36,2,10,8,0,
LCI,LCI 314 W,PRNP_2015,45,0,1,44,1,9,0,0,
LCI,LCI 315,PRNP_2012,71,1,0,21,0,4,3,0,
LCI,LCI 315,PRNP_2014,73,0,3,8,1,9,6,0,transect not identical (see photos)
LCI,LCI 315,PRNP_2015,38,0,1,50,3,8,0,0,
LCI,LCI 316,PRNP_2012,70,3,1,16,0,10,0,0,
LCI,LCI 316,PRNP_2014,68,0,7,8,2,12,3,0,
LCI,LCI 316,PRNP_2015,65,0,0,18,0,17,0,0,
LCI,LCI 317 R,PRNP_2012,0,2,0.1,49,0,48.9,0,0,Rainforest and pond edge. No evidence of recent fire. No cattle. Passioflora quite dense in patches adjacent to rainforest
LCI,LCI 317 R,PRNP_2014,0,0,5,48,0,47,0,0,"site includes a large waterhole, rainforest long unburnt"
LCI,LCI 317 R,PRNP_2015,0,0,0,50,0,50,0,0,
LCI,LCI 317 W,PRNP_2012,48,5,17,24,0,5,1,0,Rainforest and pond edge. No evidence of recent fire. No cattle. Passioflora quite dense in patches adjacent to rainforest
LCI,LCI 317 W,PRNP_2014,80,0,5,8,0,6,1,0,"site includes a large waterhole, rainforest long unburnt"
LCI,LCI 317 W,PRNP_2015,59,0,0,30,0,10,1,0,
LCI,LCI 318,PRNP_2012,42,0,3,41,0,14,0,0,
LCI,LCI 318,PRNP_2014,47,1,5,27,1,17,2,0,
LCI,LCI 318,PRNP_2015,37,0,0,33,2,28,0,0,
LCI,LCI 319,PRNP_2012,47,0,1,35,0,15,2,0,
LCI,LCI 319,PRNP_2014,43,0,3,29,1,18,6,0,
LCI,LCI 319,PRNP_2015,36,0,1,39,0,20,4,0,
LCI,LCI 401,Mt Elizabeth_2013,7,2,1,35,1,0,54,0,Typical low ground cover Callitris stand. Very sandy substrate. Not burnt in a while
LCI,LCI 401,Mt Elizabeth_2015,8,0,1,25,0,0,66,0,
LCI,LCI 403,Mt Elizabeth_2013,15,0,5,72,0,0,8,0,Not burnt this year. Some patchy fire a few hundred metres away
LCI,LCI 403,Mt Elizabeth_2015,7,0,15,57,0,0,21,0,
LCI,LCI 405,Mt Elizabeth_2013,14,0,7,74,2,0,3,0,No recent fire. This yearss fire scar within 100 m of site. Callitris stand with surrounded by E. tectifica
LCI,LCI 405,Mt Elizabeth_2015,16,0,6,24,0,0,54,0,
LCI,LCI 406,Mt Elizabeth_2013,3,0,0,83,1,0,13,0,Burnt in low intensity early fire
LCI,LCI 406,Mt Elizabeth_2015,18,0,1,80,0,0,0,1,
LCI,LCI 410,Mt Elizabeth_2013,2,0,1,53,2,0,42,0,Burnt earlier this year. Also grazed
LCI,LCI 410,Mt Elizabeth_2015,20,0,7,68,0,0,5,0,
LCI,LCI 411,Mt Elizabeth_2013,67,0,2,28,1,0,2,0,Lightly grazed. Good grass cover
LCI,LCI 411,Mt Elizabeth_2015,36,0,2,50,0,0,12,0,
LCI,LCI 412,Mt Elizabeth_2013,51,0,3,36,0,3,7,0,"Reasonably heavily grazed. Not burnt. Grazed fairly heavily, fairly sparse ground cover, low ground layer"
LCI,LCI 412,Mt Elizabeth_2015,30,0,30,30,0,0,10,0,
LCI,LCI 413,Mt Elizabeth_2013,10,8,5,15,1,61,0,0,"Not burnt. Deep litter in spots, but no evidence of mammals digging or scurrying through the litter"
LCI,LCI 413,Mt Elizabeth_2015,6,0,14,10,0,70,0,0,less litter in quadrat than along transect
LCI,LCI 501,Bachsten_2013,8,7,0,41,1,17,26,0,"patchy fire through site, but quite a lot of ground cover left in large patches. Surrounding areas unburnt. Triodia on hill not burnt. Shrub layer at ground level resprouting (50 cm). Fallen timber, not many hollows"
LCI,LCI 501,Bachsten_2015,1,1,0,22,1,20,55,0,
LCI,LCI 502,Bachsten_2013,2,2,1,9,1,70,15,0,"Mostly burnt, much of shrub/tree canopy scorched/leaf dropped or semi-deciduous. Few unburnt patches Sorghum grass. Nearby creek unburnt. Note: Acacia minirichi killed if scorched - non-resprouter. Understory mostly burnt and a lot of shrub/small tree layer either semi-deciduous or burnt with leaves dropped"
LCI,LCI 502,Bachsten_2015,1,1,0,11,1,75,11,0,
LCI,LCI 504,Bachsten_2013,4,52,0,28,0,16,0,0,"No fire this year prior to survey (although probably burnt since), but maybe burnt last years (lots of blackened trunks)"
LCI,LCI 504,Bachsten_2015,6,12,1,66,0,13,2,0,
LCI,LCI 505,Bachsten_2013,16,12,0,6,0,62,4,0,"2 yr or more post-fire, no dead Acacia. Hillsope/footslope on edge of grassy valley dominated by E. miniata/E. alba woodland. Patchy Sorghum at base of slope, with perennial grasses dominating flat and Triodia dominating upper surface and slopes"
LCI,LCI 505,Bachsten_2015,11,4,1,11,0,67,6,0,
LCI,LCI 506,Bachsten_2013,5,0,0,20,0,67,8,0,Not burnt for at least 2 years as Triodia has flowered this season
LCI,LCI 506,Bachsten_2015,21,2,0,15,0,58,4,0,
LCI,LCI 507,Bachsten_2013,60,0,0,9,0,31,0,0,Not burnt. Few dead Acacia stems suggesting a while without fire
LCI,LCI 507,Bachsten_2015,5,0,2,6,0,87,0,0,
LCI,LCI 511,Bachsten_2013,92,0,1,6,0,0,1,0,"Unburnt. Riparian swamp, ungrazed by cattle. Dead Greville timber from previous fire >8 m high indicating intense fire. This was probably burnt in October 2013 fire since survey"
LCI,LCI 511,Bachsten_2015,94,0,0,3,1,0,1,1,
LCI,LCI 512,Bachsten_2013,92,0,0,8,0,0,0,0,Not burnt prior to survey this year (burnt since probably). Large grass biomass. Dead Grevillea stags suggest previous hot fire.
LCI,LCI 512,Bachsten_2015,98,0,0,2,0,0,0,0,
LCI,LCI 601,DRNP_2013,17,59,1,9,0,0,14,0,"Heavily grazed by cattle. Also frequently occupied and trampled through. Very low, sparse grass layer, mainly senescent or annuals. Sparse ground layer grasses due to grazing. Mainly annuals (Iseilema and some Sorghum). Very low perennial cover prob. Due to cattle grazing and sandy substrate"
LCI,LCI 601,DRNP_2015,6,9,1,65,0,0,19,0,
LCI,LCI 602,DRNP_2013,6,4,3,75,0,0,12,0,Trashed by cattle. Heavy trampling and not much grass cover left. Also weeds like Waltheria and Rosella quite thick in patches
LCI,LCI 602,DRNP_2015,4,10,1,79,1,0,5,0,
LCI,LCI 603,DRNP_2013,13,6,0,13,2,0,66,0,"Not heavily grazed like down near creek, but cattle use this area to traverse and to graze"
LCI,LCI 603,DRNP_2015,2,1,0,13,0,0,84,0,
LCI,LCI 604,DRNP_2013,4,17,0,26,1,45,7,0,"Little shrub cover, tree cover high (>4 m), high Sorghum cover, little perennial grass layer (negligible). Open woodland habitat. Quite sparse grass cover. Some Sorghum in patches. Moderately grazed, low biomass."
LCI,LCI 604,DRNP_2015,1,3,0,33,1,57,5,0,
LCI,LCI 605,DRNP_2013,38,6,2,49,1,3,1,0,cattle commonly use this site for grazing and passing through. Not very heavily impacted
LCI,LCI 605,DRNP_2015,7,1,0,88,0,0,4,0,
LCI,LCI 606,DRNP_2013,12,22,0,14,0,11,41,0,"Site divided into Sorghum (annual) abd short Triodia on sandier soil on one side of ephemeral creek, and Dicanthium fecundum and Sorghum plumosusm on the other side with heavier soils"
LCI,LCI 606,DRNP_2015,9,1,0,59,1,10,20,0,
LCI,LCI 607,DRNP_2013,6,24,3,31,1,29,6,0,"Thick sorghum (annual). Not much evidence of cattle, but some of the larger macropods (tracks and scats)"
LCI,LCI 607,DRNP_2015,6,1,0,79,0,14,0,0,
LCI,LCI 608 R,DRNP_2013,1,0,1,20,5,73,0,0,"Thick vine thicket, almost impenetrable. Over boulder scree slope- steep. Difficult terrain. 37 m canopy opening - this more a vine thicket on scree with mix of RF and savanna sandstone spp than proper rainforest. 90 % cover in rainforest. Gaps 50% cover. Overall about 75% canopy cover, but patchy due to rock fall disturbance"
LCI,LCI 608 R,DRNP_2015,0,0,1,37,1,61,0,0,
LCI,LCI 608 W,DRNP_2013,40,5,0,49,1,5,0,0,"Thick vine thicket, almost impenetrable. Over boulder scree slope- steep. Difficult terrain. 37 m canopy opening - this more a vine thicket on scree with mix of RF and savanna sandstone spp than proper rainforest. 90 % cover in rainforest. Gaps 50% cover. Overall about 75% canopy cover, but patchy due to rock fall disturbance"
LCI,LCI 608 W,DRNP_2015,22,0,0,69,1,8,0,0,
LCI,LCI 611,DRNP_2015,1,1,0,24,1,72,1,0,few rainforest elements in narrow bit of gully
LCI,LCI 612,DRNP_2015,10,1,1,17,0,66,5,0,
LCI,LCI 614,DRNP_2015,6,1,0,21,1,3,68,0,"Shrub dominated, few scattered trees, rocky boulders in surrounding areas, most on sand lens in between rocky areas, with bottom end an ephemeral drainage line with a few more taller trees"
LCI,LCI 615,DRNP_2015,13,0,1,12,1,70,3,0,"At last I've found a site that could be called obligate seeder or tropical heath. Acacia dominated, full of Calytrix (2 spp) also Santalum, Atalaya, Indigofera hirsuta, and even Mistletoe. Still good cover of Triodia. May have missed out on fire for many years due to being cut off from surrounding veg by Drysdale River floodout"
LCI,LCI 616,DRNP_2015,7,0,1,6,1,85,0,0,"dense resinous shiny spinifex above cliff level, rainforest elements associated with escarpment/boulders. Hasn't been burnt for a while - large hummocks. Sparse A. dunnii overstory with some Livistona and other Acacias"
LCI,LCI 617,DRNP_2015,6,2,2,16,1,6,67,0,"patchy grove of Callitris, scattered amidst Corymbia bleeseri woodland with Acacia translucens understorey with Triodia. Sparse grass layer under Callitris, and also in surrounding areas indicating poor soil. Surrounded by more rocky, Triodia shrubland. One dead Callitris indicates stand has been larger, but only one dead one seen, so pretty stable"
