Project,Site,Visit,Peg ID,Intact Litter (mm),Fragm. and decaying,Crust,Worm cast layer,Organic mineral layer,Erosion peg,Comments
LCI,LCI 001,MP_July 2012,A,1,0.1,0,0,0,775,
LCI,LCI 001,MP_July 2012,B,2,0.1,0,0,0,730,
LCI,LCI 001,MP_July 2012,C,1,0.1,0,0,0,790,
LCI,LCI 001,MP_July 2014,A,8,1,0,0,0,774,
LCI,LCI 001,MP_July 2014,B,5,2,0,0,0,749,
LCI,LCI 001,MP_July 2014,C,3,1,0,0,0,790,
LCI,LCI 002,MP_July 2012,A,0.1,0,0,0,0,713,
LCI,LCI 002,MP_July 2012,B,1,0,0,0,200,815,
LCI,LCI 002,MP_July 2012,C,5,2,0,0,200,800,
LCI,LCI 002,MP_July 2014,A,0,0,0,0,0,720,
LCI,LCI 002,MP_July 2014,B,4,0.1,0,0,0,810,
LCI,LCI 002,MP_July 2014,C,5,0.1,0,0,0,780,
LCI,LCI 003,MP_May 2012,A,5,3,0,0,0.5,830,
LCI,LCI 003,MP_May 2012,B,2,0.5,0,0,0,830,
LCI,LCI 003,MP_May 2012,C,15,2,0,0,0,805,
LCI,LCI 003,MP_July 2014,A,13,2,0,0,0,811,
LCI,LCI 003,MP_July 2014,B,3,1,0,0,0,838,
LCI,LCI 003,MP_July 2014,C,6,1,0,0,0,834,
LCI,LCI 004,MP_July 2012,A,0.2,0.1,0,0,0,780,
LCI,LCI 004,MP_July 2012,B,0.1,0,0,0,0,745,
LCI,LCI 004,MP_July 2012,C,1,0,0,0,0,810,
LCI,LCI 004,MP_August 2013,A,0.5,0.1,0,0,0,785,
LCI,LCI 004,MP_August 2013,B,0.5,0.2,0,0,0,752,
LCI,LCI 004,MP_August 2013,C,10,2,0,0,0,814,
LCI,LCI 004,MP_July 2014,A,1,0,0,0,0,780,
LCI,LCI 004,MP_July 2014,B,2,1,0,0,0,740,
LCI,LCI 004,MP_July 2014,C,2,1,0,0,0,800,
LCI,LCI 005,MP_August 2013,A,10,1,0,0,20,757,
LCI,LCI 005,MP_August 2013,B,20,2,0,0,30,720,
LCI,LCI 005,MP_August 2013,C,10,1,0,0,10,725,
LCI,LCI 007,MP_July 2014,A,3,3,0,0,0,806,
LCI,LCI 007,MP_July 2014,B,1,1,0,0,0,806,
LCI,LCI 007,MP_July 2014,C,9,12,0,0,0,780,
LCI,LCI 008 R,MP_August 2013,A,20,5,0,0,0,741,
LCI,LCI 008 R,MP_August 2013,B,20,3,0,0,0,752,
LCI,LCI 008 R,MP_August 2013,C,1,0.2,0,0,0,803,
LCI,LCI 008 R,MP_July 2014,A,1,0.2,0,0,0,808,
LCI,LCI 008 R,MP_July 2014,B,14,2,0,0,0,761,
LCI,LCI 008 R,MP_July 2014,C,16,14,0,0,0,782,
LCI,LCI 008 R,MP_July 2012,A,30,2,0,0,0,741,
LCI,LCI 008 R,MP_July 2012,B,25,0.3,0,0,0,750,
LCI,LCI 008 R,MP_July 2012,C,20,2,0,0,0,802,
LCI,LCI 009,MP_August 2013,A,2,0.5,0,0,5,840,
LCI,LCI 009,MP_August 2013,B,4,1,0,0,0,840,
LCI,LCI 009,MP_August 2013,C,5,0.5,0,0,0,760,
LCI,LCI 009,MP_July 2014,A,3,1,0,0,0,846,
LCI,LCI 009,MP_July 2014,B,1,0,0,0,0,841,
LCI,LCI 009,MP_July 2014,C,4,2,0,0,0,769,
LCI,LCI 010,MP_July 2014,A,0,0,0,0,0,0,
LCI,LCI 010,MP_July 2014,B,0,0,0,0,0,0,
LCI,LCI 010,MP_July 2014,C,0,0,0,0,0,0,
LCI,LCI 011,MP_August 2013,A,8,2,0,0,0,792,
LCI,LCI 011,MP_August 2013,B,0,0,0,0,0,0,
LCI,LCI 011,MP_August 2013,C,0,0,0,0,0,0,
LCI,LCI 011,MP_July 2014,A,22,3,0,2,0,793,
LCI,LCI 011,MP_July 2014,B,11,0,0,0,0,807,
LCI,LCI 011,MP_July 2014,C,0,0,0,0,0,0,
LCI,LCI 012,MP_August 2013,A,2,1,0,0,10,813,
LCI,LCI 012,MP_August 2013,B,0,0,0,0,0,0,
LCI,LCI 012,MP_August 2013,C,0,0,0,0,0,0,
LCI,LCI 013,MP_August 2013,A,15,0.5,0,0,0,833,
LCI,LCI 013,MP_August 2013,B,10,1,0,0,0,785,
LCI,LCI 013,MP_August 2013,C,15,0.5,0,0,0,738,
LCI,LCI 014,MP_August 2013,A,0.5,0.1,0,0,0,782,
LCI,LCI 014,MP_August 2013,B,30,5,0,0,0,765,
LCI,LCI 014,MP_August 2013,C,20,2,0,0,0,782,
LCI,LCI 014,MP_July 2014,A,0,6,0,0,0,790,
LCI,LCI 014,MP_July 2014,B,0,11,0,0,0,780,
LCI,LCI 014,MP_July 2014,C,0,13,0,0,0,794,
LCI,LCI 015 R,MP_July 2012,A,25,3,0,0,50,654,
LCI,LCI 015 R,MP_July 2012,B,15,0.3,0,0,0,769,
LCI,LCI 015 R,MP_July 2012,C,2,0,0,0,0,806,
LCI,LCI 015 R,MP_August 2013,A,30,3,0,0,50,655,
LCI,LCI 015 R,MP_August 2013,B,20,1,0,0,0,761,
LCI,LCI 015 R,MP_August 2013,C,4,1,0,0,0,809,
LCI,LCI 015 R,MP_July 2014,A,35,18,0,0,50,655,
LCI,LCI 015 R,MP_July 2014,B,40,2,0,0,0,765,
LCI,LCI 015 R,MP_July 2014,C,20,0,0,0,0,780,
LCI,LCI 019,MP_August 2013,A,40,2,0,0,50,781,
LCI,LCI 019,MP_August 2013,B,30,4,0,0,20,814,
LCI,LCI 019,MP_August 2013,C,25,3,0,0,5,834,
LCI,LCI 019,MP_July 2014,A,67,5,0,0,0,800,
LCI,LCI 019,MP_July 2014,B,80,9,0,0,0,795,
LCI,LCI 019,MP_July 2014,C,30,8,0,0,0,834,
LCI,LCI 020,MP_July 2014,A,2,6,0,0,0,819,
LCI,LCI 020,MP_July 2014,B,3,0,0,0,0,805,
LCI,LCI 020,MP_July 2014,C,0,0,0,0,0,0,
LCI,LCI 021,MP_July 2014,A,25,60,0,0,0,723,
LCI,LCI 021,MP_July 2014,B,0,0,0,0,9,829,
LCI,LCI 021,MP_July 2014,C,6,5,0,0,0,911,
LCI,LCI 022,MP_July 2012,A,2,0.2,0,0,0,815,
LCI,LCI 022,MP_July 2012,B,0.5,0.1,0,0,0,805,
LCI,LCI 022,MP_July 2012,C,3,1,0,0,0,810,
LCI,LCI 024,MP_July 2012,A,3,2,0,0,0,900,
LCI,LCI 024,MP_July 2012,B,1,1,0,0,0,825,
LCI,LCI 024,MP_July 2012,C,3,2,0,0,0,825,
LCI,LCI 025,MP_August 2013,A,10,1,0,0,5,840,
LCI,LCI 025,MP_August 2013,B,20,2,0,0,0,790,
LCI,LCI 025,MP_August 2013,C,10,1,0,0,0,769,
LCI,LCI 026,MP_May 2012,A,0.1,1,0,0,8,780,
LCI,LCI 026,MP_May 2012,B,10,0.5,0,0,1,810,
LCI,LCI 026,MP_May 2012,C,15,5,0,0,2,835,
LCI,LCI 026,MP_August 2014,A,5,6,0,0,0,792,
LCI,LCI 026,MP_August 2014,B,0,2,0,0,0,760,
LCI,LCI 026,MP_August 2014,C,4,5,0,0,0,838,
LCI,LCI 026,MP_September_2015,A,8,0,0,0,0,781,
LCI,LCI 026,MP_September_2015,B,6,0,0,0,0,837,
LCI,LCI 026,MP_September_2015,C,0.5,0,0,0,0,790,
LCI,LCI 027,MP_May 2012,A,1,0.1,0,0,0,760,
LCI,LCI 027,MP_May 2012,B,20,1,0,0,0,770,
LCI,LCI 027,MP_May 2012,C,3,0.1,0,0,1,770,
LCI,LCI 027,MP_August 2014,A,20,5,0,0,0,760,
LCI,LCI 027,MP_August 2014,B,0,0,0,0,0,0,
LCI,LCI 027,MP_August 2014,C,0,0,0,0,0,0,
LCI,LCI 027,MP_September_2015,A,0.5,0,0,0,0,756,
LCI,LCI 027,MP_September_2015,B,0,0,0,0,0,750,
LCI,LCI 028,MP_May 2012,A,3,0.5,0,0,0,880,
LCI,LCI 028,MP_May 2012,B,2,0.1,0,0,0,770,
LCI,LCI 028,MP_May 2012,C,1,0,0,0,0,760,
LCI,LCI 028,MP_August 2014,A,1,0,0,0,0,890,
LCI,LCI 028,MP_August 2014,B,2,0,1,0,0,785,
LCI,LCI 028,MP_August 2014,C,1,0,1,0,0,762,
LCI,LCI 028,MP_September_2015,A,2,0,0,0,0,780,
LCI,LCI 028,MP_September_2015,B,3,0,0,0,0,771,
LCI,LCI 029,MP_July 2012,A,1,0.5,0,0,0,775,
LCI,LCI 029,MP_July 2012,B,1,0.5,0,0,0,835,
LCI,LCI 029,MP_July 2012,C,2,1,0,0,0,745,
LCI,LCI 029,MP_August 2014,A,0,0,0.3,0,0,735,
LCI,LCI 029,MP_August 2014,B,6,2,0.4,0,0,844,
LCI,LCI 029,MP_August 2014,C,2,10,0.4,0,0,760,
LCI,LCI 029,MP_September_2015,A,0.5,0,0,0,0,733,
LCI,LCI 029,MP_September_2015,B,3,0,0,0,0,828,
LCI,LCI 031,MP_August 2013,A,2,0.2,0,0,5,750,
LCI,LCI 031,MP_August 2013,B,3,0.2,0,0,0,820,
LCI,LCI 031,MP_August 2013,C,2,0.2,0,0,0,737,
LCI,LCI 032,MP_July 2012,A,0.5,0.1,0,0,0,830,
LCI,LCI 032,MP_July 2012,B,2,1,0,0,0.5,800,
LCI,LCI 032,MP_July 2012,C,0.8,0.1,0,0,0,840,
LCI,LCI 032,MP_August 2014,A,2,1,0,0,0,832,
LCI,LCI 032,MP_August 2014,B,20,2,0,0,0,780,
LCI,LCI 032,MP_August 2014,C,1,0,0,0,0,845,
LCI,LCI 033,MP_July 2012,A,0.5,0,0,0,0,837,
LCI,LCI 033,MP_July 2012,B,1,0,0,0,0,790,
LCI,LCI 033,MP_July 2012,C,2,0,0,0,0,835,
LCI,LCI 033,MP_August 2014,A,7,0,0,0,0,815,
LCI,LCI 033,MP_August 2014,B,10,0,0,0,0,835,
LCI,LCI 033,MP_August 2014,C,8,0,0,0,0,770,
LCI,LCI 034,MP_July 2012,A,3,0.5,0,0,0,812,
LCI,LCI 034,MP_July 2012,B,1.5,0.2,0,0,0,845,
LCI,LCI 034,MP_July 2012,C,1,0.1,0,0,0,763,
LCI,LCI 034,MP_August 2014,A,8,0,0,0,0,812,
LCI,LCI 034,MP_August 2014,B,4,0,0,0,0,839,
LCI,LCI 034,MP_August 2014,C,5,0,0,0,0,765,
LCI,LCI 035,MP_July 2012,A,0.2,0,0,0,0,890,
LCI,LCI 035,MP_July 2012,B,1,0.5,0,0,140,860,
LCI,LCI 035,MP_July 2012,C,5,3,0,0,100,870,
LCI,LCI 035,MP_August 2014,A,1,0,0,0,6,892,
LCI,LCI 035,MP_August 2014,B,3,0,0,0,8,870,
LCI,LCI 035,MP_August 2014,C,8,0,0,0,0,880,
LCI,LCI 039 R,MP_July 2012,A,50,5,0,0,50,770,
LCI,LCI 039 R,MP_July 2012,B,40,2,0,0,0,697,
LCI,LCI 039 R,MP_July 2012,C,25,2,0,0,0,797,
LCI,LCI 039 R,MP_August 2013,A,50,3,0,0,50,773,
LCI,LCI 039 R,MP_August 2013,B,40,2,0,0,0,695,
LCI,LCI 039 R,MP_August 2013,C,40,2,0,0,0,798,
LCI,LCI 039 R,MP_July 2014,A,8,2,0,0,0,759,
LCI,LCI 039 R,MP_July 2014,B,18,20,0,0,0,695,
LCI,LCI 039 R,MP_July 2014,C,6,8,0,0,50,800,
LCI,LCI 039 W,MP_July 2014,A,8,2,0,0,0,759,
LCI,LCI 039 W,MP_July 2014,B,18,20,0,0,0,695,
LCI,LCI 039 W,MP_July 2014,C,6,8,0,0,50,800,
LCI,LCI 041,MP_August 2013,A,20,3,0,0,10,823,
LCI,LCI 041,MP_August 2013,B,25,1,0,0,5,835,
LCI,LCI 041,MP_August 2013,C,0.3,0.1,0,0,0,886,
LCI,LCI 043,MP_August 2013,A,20,1,0,0,4,740,
LCI,LCI 043,MP_August 2013,B,30,2,0,0,10,814,
LCI,LCI 043,MP_August 2013,C,20,1,0,0,10,750,
LCI,LCI 044,MP_August 2013,A,20,3,0,0,4,746,
LCI,LCI 044,MP_August 2013,B,5,1,0,0,3,740,
LCI,LCI 044,MP_August 2013,C,15,3,0,0,3,810,
LCI,LCI 046,MP_July 2012,A,3,0.2,0,0,0,822,
LCI,LCI 046,MP_July 2012,B,1,0.2,0,0,0,826,
LCI,LCI 046,MP_July 2012,C,1,0.2,0,0,0,743,
LCI,LCI 046,MP_August 2013,A,2,0.2,0,0,20,821,
LCI,LCI 046,MP_August 2013,B,3,0.1,0,0,0,816,
LCI,LCI 046,MP_August 2013,C,0.5,0.1,0.3,0,0,743,
LCI,LCI 047 R,MP_July 2014,A,20,1,0.5,0,0,850,
LCI,LCI 047 R,MP_July 2014,B,36,10,0.1,0,0,813,
LCI,LCI 047 R,MP_July 2014,C,10,2,0.2,0,0,830,
LCI,LCI 050,MP_August 2013,A,15,2,0,0,5,758,
LCI,LCI 050,MP_August 2013,B,5,1,0,0,4,734,
LCI,LCI 050,MP_August 2013,C,0.5,0.1,0,0,3,797,
LCI,LCI 051,MP_July 2012,A,5,0,0,0,10,784,
LCI,LCI 051,MP_July 2012,B,5,0,0,0,2,787,
LCI,LCI 051,MP_July 2012,C,5,0,0,0,5,823,
LCI,LCI 051,MP_August 2013,A,20,2,0,0,3,784,
LCI,LCI 051,MP_August 2013,B,20,2,0,0,4,789,
LCI,LCI 051,MP_August 2013,C,10,1,0,0,3,817,
LCI,LCI 052,MP_July 2012,A,30,1,0,0,2,756,
LCI,LCI 052,MP_July 2012,B,15,1,0,0,2,898,
LCI,LCI 052,MP_July 2012,C,5,0.5,0,0,0,759,
LCI,LCI 052,MP_August 2013,A,5,3,0,0,6,756,
LCI,LCI 052,MP_August 2013,B,5,0.5,0,0,4,898,
LCI,LCI 052,MP_August 2013,C,2,1,0,0,4,756,
LCI,LCI 053,MP_July 2012,A,15,0,0,0,0,787,
LCI,LCI 053,MP_July 2012,B,1,0,0,0,0,849,
LCI,LCI 053,MP_July 2012,C,0.5,0,0,0,0,864,
LCI,LCI 053,MP_August 2013,A,10,0.1,0,0,5,788,
LCI,LCI 053,MP_August 2013,B,0.2,0.1,0,0,0,844,
LCI,LCI 053,MP_August 2013,C,0.1,0,0,0,0,877,
LCI,LCI 054,MP_July 2012,A,20,1,1,0,10,840,
LCI,LCI 054,MP_July 2012,B,0.2,0,1,0,10,710,
LCI,LCI 054,MP_July 2012,C,0,0,1,0,5,760,
LCI,LCI 054,MP_August 2013,A,1,0.2,0,0,7,840,
LCI,LCI 054,MP_August 2013,B,1,0.1,0,0,10,713,
LCI,LCI 054,MP_August 2013,C,0.3,0.1,0,0,5,770,
LCI,LCI 055,MP_July 2012,A,15,2,0,0,6,707,
LCI,LCI 055,MP_July 2012,B,30,2,0,0,3,696,
LCI,LCI 055,MP_July 2012,C,5,5,0,0,3,720,
LCI,LCI 055,MP_August 2013,A,3,1,0,0,10,698,
LCI,LCI 055,MP_August 2013,B,20,1,0,0,10,796,
LCI,LCI 055,MP_August 2013,C,2,0.3,0,0,5,717,
LCI,LCI 056,MP_July 2012,A,25,0.1,0,0,0,674,
LCI,LCI 056,MP_July 2012,B,0.5,0,0,0,0,630,
LCI,LCI 056,MP_July 2012,C,2,0.1,0,0,0,752,
LCI,LCI 056,MP_August 2013,A,20,2,0,0,0,679,
LCI,LCI 056,MP_August 2013,B,2,0.5,0,0,0,620,
LCI,LCI 056,MP_August 2013,C,2,0.5,0,0,0,755,
LCI,LCI 201,KLRCR_2012,A,5,1,0,0,2,720,
LCI,LCI 201,KLRCR_2012,B,1,2,0,0,20,685,
LCI,LCI 201,KLRCR_2012,C,3,1,0,0,2,710,
LCI,LCI 201,KLRCR_2013,A,25,0.5,0,0,10,721,
LCI,LCI 201,KLRCR_2013,B,10,0.5,0,0,5,684,
LCI,LCI 201,KLRCR_2013,C,3,0.3,0,0,2,710,
LCI,LCI 201,KLRCR_2014,A,1,0,0,0,0,724,
LCI,LCI 201,KLRCR_2014,B,0,0,1,0,8,683,
LCI,LCI 201,KLRCR_2014,C,1,0,1,0,8,706,
LCI,LCI 201,KLRCR_2015,A,0.5,0.1,0,0,0,720,
LCI,LCI 201,KLRCR_2015,B,0,0.5,0,0,0,680,
LCI,LCI 201,KLRCR_2015,C,0.5,0,1,0,0,700,
LCI,LCI 202,KLRCR_2012,A,20,1,0,0,10,765,
LCI,LCI 202,KLRCR_2012,B,30,1,0,0,15,720,
LCI,LCI 202,KLRCR_2012,C,0.2,0,0,0,0,700,
LCI,LCI 202,KLRCR_2013,A,20,1,0,0,10,762,
LCI,LCI 202,KLRCR_2013,B,10,1,0,0,3,715,
LCI,LCI 202,KLRCR_2013,C,0.5,0.1,0,0,8,692,
LCI,LCI 202,KLRCR_2014,A,3,2,0,0,10,743,
LCI,LCI 202,KLRCR_2014,B,1,2,0,0,5,712,
LCI,LCI 202,KLRCR_2014,C,0,0,0,0,0,685,
LCI,LCI 202,KLRCR_2015,A,0.2,0.1,0,0,0,740,
LCI,LCI 202,KLRCR_2015,B,0.3,0.1,0,0,0,700,
LCI,LCI 202,KLRCR_2015,C,0.1,0.1,0,0,0,683,
LCI,LCI 203,KLRCR_2012,A,30,2,0,0,20,649,
LCI,LCI 203,KLRCR_2012,B,20,2,0,0,20,776,
LCI,LCI 203,KLRCR_2012,C,15,1,0,0,10,733,
LCI,LCI 203,KLRCR_2013,A,30,5,0,0,10,647,
LCI,LCI 203,KLRCR_2013,B,15,3,0,0,5,763,
LCI,LCI 203,KLRCR_2013,C,10,1,0,0,3,738,
LCI,LCI 203,KLRCR_2014,A,2,1,1,0,0,640,
LCI,LCI 203,KLRCR_2014,B,2,0,0,0,0,742,
LCI,LCI 203,KLRCR_2014,C,1,0,0,0,0,724,
LCI,LCI 203,KLRCR_2015,A,0.5,0.2,0,0,0,635,
LCI,LCI 203,KLRCR_2015,B,0.3,0.1,0,0,0,745,
LCI,LCI 203,KLRCR_2015,C,0.2,0.5,0,0,0,720,
LCI,LCI 204,KLRCR_2012,A,2,1,0,0,0,735,
LCI,LCI 204,KLRCR_2012,B,20,2,0,0,0,760,
LCI,LCI 204,KLRCR_2012,C,1,0.5,0,0,0,710,
LCI,LCI 204,KLRCR_2013,A,5,1,0,0,0,735,
LCI,LCI 204,KLRCR_2013,B,5,1,0,0,0,763,
LCI,LCI 204,KLRCR_2013,C,3,0.5,0,0,0,708,
LCI,LCI 204,KLRCR_2014,A,1,0.5,0,0,0,738,
LCI,LCI 204,KLRCR_2014,B,1,0.2,0,0,0,765,
LCI,LCI 204,KLRCR_2014,C,0.1,0,0.5,0,0,706,
LCI,LCI 204,KLRCR_2015,A,0,0,0,0,0,0,
LCI,LCI 204,KLRCR_2015,B,0.3,0.2,0,0,0,765,
LCI,LCI 204,KLRCR_2015,C,0.5,0.1,0.1,0,0,705,
LCI,LCI 205,KLRCR_2012,A,2,0.5,1,0,0,700,
LCI,LCI 205,KLRCR_2012,B,2,0.5,0,0,0,780,
LCI,LCI 205,KLRCR_2012,C,1,0.1,0.5,0,0,828,
LCI,LCI 205,KLRCR_2013,A,2,0.5,0,0,0,696,
LCI,LCI 205,KLRCR_2013,B,1,0.5,0,0,10,781,
LCI,LCI 205,KLRCR_2013,C,0.2,0.1,0,0,8,826,
LCI,LCI 205,KLRCR_2014,A,0,0,0,0,0,696,
LCI,LCI 205,KLRCR_2014,B,0,0,0,0,0,781,
LCI,LCI 205,KLRCR_2014,C,0,0,0.2,0,0,826,
LCI,LCI 205,KLRCR_2015,A,1,0.1,0,0,0,692,
LCI,LCI 205,KLRCR_2015,B,0.5,0,0,0,0,780,
LCI,LCI 205,KLRCR_2015,C,0,0,0.5,0,0,823,
LCI,LCI 206,KLRCR_2012,A,5,2,0,0,2,804,
LCI,LCI 206,KLRCR_2012,B,3,2,0,0,3,773,
LCI,LCI 206,KLRCR_2012,C,3,2,0,0,2,861,
LCI,LCI 206,KLRCR_2013,A,10,1.5,0,0,15,806,
LCI,LCI 206,KLRCR_2013,B,4,0.5,0.5,0,12,773,
LCI,LCI 206,KLRCR_2013,C,5,1,0,0,10,861,
LCI,LCI 206,KLRCR_2014,A,1,0,1,0,0,805,
LCI,LCI 206,KLRCR_2014,B,0,0,0.4,0,4,780,
LCI,LCI 206,KLRCR_2014,C,2,0,1,0,0,851,
LCI,LCI 206,KLRCR_2015,A,1,0.5,0,0,0,805,
LCI,LCI 206,KLRCR_2015,B,0.5,0,0.5,0,0,785,
LCI,LCI 206,KLRCR_2015,C,1,0.5,0,0,0,840,
LCI,LCI 207,KLRCR_2012,A,15,0.3,1,0,0,810,
LCI,LCI 207,KLRCR_2012,B,1,0.3,1,0,0,700,
LCI,LCI 207,KLRCR_2012,C,1,0.3,1,0,0,691,
LCI,LCI 207,KLRCR_2013,A,10,0.5,0,0,0,813,
LCI,LCI 207,KLRCR_2013,B,0.5,0.3,0,0,0,701,
LCI,LCI 207,KLRCR_2013,C,0.5,0.3,0,0,0,692,
LCI,LCI 207,KLRCR_2014,A,5,0,0,0,0,800,
LCI,LCI 207,KLRCR_2014,B,0,0,0,0,0,695,
LCI,LCI 207,KLRCR_2014,C,0.2,0,0,0,0,689,
LCI,LCI 207,KLRCR_2015,A,0.5,0.1,0,0,0,805,
LCI,LCI 207,KLRCR_2015,B,0.4,0.1,0,0,0,701,
LCI,LCI 207,KLRCR_2015,C,0.2,0,0,0,0,693,
LCI,LCI 208,KLRCR_2012,A,15,1,0,0,4,823,
LCI,LCI 208,KLRCR_2012,B,20,0.5,0,0,3,733,
LCI,LCI 208,KLRCR_2012,C,10,0.3,0,0,1,769,
LCI,LCI 208,KLRCR_2013,A,40,1,0,0,20,821,
LCI,LCI 208,KLRCR_2013,B,15,1,0,0,15,740,
LCI,LCI 208,KLRCR_2013,C,15,1,0,0,5,779,
LCI,LCI 208,KLRCR_2014,A,2,1,0,0,5,745,
LCI,LCI 208,KLRCR_2014,B,0.5,0.2,0,0,0.5,738,
LCI,LCI 208,KLRCR_2014,C,0.2,0,0,0,0,768,
LCI,LCI 208,KLRCR_2015,A,10,1,0,0,5,753,
LCI,LCI 208,KLRCR_2015,B,5,1,0,0,2,746,
LCI,LCI 208,KLRCR_2015,C,10,1,0,0,1,748,
LCI,LCI 209,KLRCR_2012,A,10,2.5,0,0,1,760,
LCI,LCI 209,KLRCR_2012,B,5,0.2,0.5,0,0.3,800,
LCI,LCI 209,KLRCR_2012,C,4,0.2,1,0,0.3,782,
LCI,LCI 209,KLRCR_2013,A,20,1,0,0,0,758,
LCI,LCI 209,KLRCR_2013,B,1,0.5,1,0,0,793,
LCI,LCI 209,KLRCR_2013,C,2,0.5,1,0,0,778,
LCI,LCI 209,KLRCR_2014,A,5,2,0,0,5,756,
LCI,LCI 209,KLRCR_2014,B,0,0,1,0,2,797,
LCI,LCI 209,KLRCR_2014,C,2,2,0.5,0,3,781,
LCI,LCI 209,KLRCR_2015,A,5,1,0,0,3,748,
LCI,LCI 209,KLRCR_2015,B,2,0.2,0.5,0,2,795,
LCI,LCI 209,KLRCR_2015,C,0.2,0,0,0,2,782,
LCI,LCI 210,KLRCR_2012,A,10,4,0,0,2.5,768,
LCI,LCI 210,KLRCR_2012,B,10,2.5,0,0,4,700,
LCI,LCI 210,KLRCR_2012,C,15,4,0,0,4,700,
LCI,LCI 210,KLRCR_2013,A,90,1,0,0,0,760,
LCI,LCI 210,KLRCR_2013,B,20,1,0,0,0,701,
LCI,LCI 210,KLRCR_2013,C,30,1,0,0,0,701,
LCI,LCI 210,KLRCR_2014,A,3,0,0,0,15,745,
LCI,LCI 210,KLRCR_2014,B,1,1,0,0,5,719,
LCI,LCI 210,KLRCR_2014,C,1,0.1,0,0,5,680,
LCI,LCI 210,KLRCR_2015,A,5,1,0,0,8,708,
LCI,LCI 210,KLRCR_2015,B,2,1,0,0,5,688,
LCI,LCI 210,KLRCR_2015,C,2,1,0,0,4,675,
LCI,LCI 211,KLRCR_2012,A,4,1,0,0,0.5,735,
LCI,LCI 211,KLRCR_2012,B,2,0.1,0.3,0,0,700,
LCI,LCI 211,KLRCR_2012,C,1,0,1,0,0,700,
LCI,LCI 211,KLRCR_2013,A,5,3,0,0,20,736,
LCI,LCI 211,KLRCR_2013,B,0.5,0.2,0,0,8,696,
LCI,LCI 211,KLRCR_2013,C,0.5,0.2,0,0,3,700,
LCI,LCI 211,KLRCR_2014,A,2,0.2,0,0,10,728,
LCI,LCI 211,KLRCR_2014,B,0.3,0,0.5,0,0,690,
LCI,LCI 211,KLRCR_2014,C,1.5,0.3,0,0,1,685,
LCI,LCI 211,KLRCR_2015,A,5,1,0,0,5,738,
LCI,LCI 211,KLRCR_2015,B,2,0.2,0.5,0,3,689,
LCI,LCI 211,KLRCR_2015,C,1,0,0,0,2,690,
LCI,LCI 212,KLRCR_2012,A,10,0.5,0,0,0,726,
LCI,LCI 212,KLRCR_2012,B,10,0.5,0,0,0,706,
LCI,LCI 212,KLRCR_2012,C,8,0.5,0,0,0,767,
LCI,LCI 212,KLRCR_2013,A,10,0.3,0,0,4,727,
LCI,LCI 212,KLRCR_2013,B,15,0.5,0,0,2,707,
LCI,LCI 212,KLRCR_2013,C,10,0.5,0,0,3,770,
LCI,LCI 212,KLRCR_2014,A,1,0,1,0,0,725,
LCI,LCI 212,KLRCR_2014,B,0.7,0.2,0,0,0,712,
LCI,LCI 212,KLRCR_2014,C,1,0,0,0,0,768,
LCI,LCI 212,KLRCR_2015,A,5,1,0,0,3,723,
LCI,LCI 212,KLRCR_2015,B,2,0.5,0,0,1,714,
LCI,LCI 212,KLRCR_2015,C,3,1,0,0,1,773,
LCI,LCI 213,KLRCR_2012,A,10,1,0,0,0,740,
LCI,LCI 213,KLRCR_2012,B,10,1,0,0,0,770,
LCI,LCI 213,KLRCR_2012,C,10,1,0,0,0,775,
LCI,LCI 213,KLRCR_2013,A,60,3,0,0,0,740,
LCI,LCI 213,KLRCR_2013,B,20,2,0,0,0,769,
LCI,LCI 213,KLRCR_2013,C,20,1,0,0,0,773,
LCI,LCI 213,KLRCR_2014,A,0,0,0,0,0,739,
LCI,LCI 213,KLRCR_2014,B,0,0,0,0,0,768,
LCI,LCI 213,KLRCR_2014,C,0,0,0,0,0,760,
LCI,LCI 213,KLRCR_2015,A,20,5,0,0,0,720,
LCI,LCI 213,KLRCR_2015,B,1,0.5,0,0,0,750,
LCI,LCI 213,KLRCR_2015,C,1,1,0,0,0,750,
LCI,LCI 214,KLRCR_2012,A,20,0.5,0,0,3,880,
LCI,LCI 214,KLRCR_2012,B,5,0,0,0,3,870,
LCI,LCI 214,KLRCR_2012,C,1,0,0,0,2,860,
LCI,LCI 214,KLRCR_2013,A,8,2,0,0,3,881,
LCI,LCI 214,KLRCR_2013,B,10,1,0,0,2,866,
LCI,LCI 214,KLRCR_2013,C,2,1,0,0,1,857,
LCI,LCI 214,KLRCR_2014,A,0.3,0.2,0,0,0,880,
LCI,LCI 214,KLRCR_2014,B,0.3,0,0,0,0,860,
LCI,LCI 214,KLRCR_2014,C,0.3,0,0,0,0,850,
LCI,LCI 214,KLRCR_2015,A,0.5,0.2,0,0,0,890,
LCI,LCI 214,KLRCR_2015,B,1,0.1,0,0,0,865,
LCI,LCI 214,KLRCR_2015,C,0.05,0.1,0,0,0,853,
LCI,LCI 301,PRNP_2012,A,10,1,0,0,200,770,
LCI,LCI 301,PRNP_2012,B,1,0.5,0,0,0,810,
LCI,LCI 301,PRNP_2012,C,70,20,0,0,500,750,
LCI,LCI 301,PRNP_2014,A,75,11,0,0,0,611,
LCI,LCI 301,PRNP_2014,B,55,10,0,0,0,832,
LCI,LCI 301,PRNP_2014,C,40,2,0,0,15,727,
LCI,LCI 301,PRNP_2015,A,0,0,0.4,0,0,740,
LCI,LCI 301,PRNP_2015,B,3,1,0.2,0,0,780,
LCI,LCI 301,PRNP_2015,C,16,12,0,0,0,710,
LCI,LCI 303,PRNP_2012,A,3,1,0,0,10,880,
LCI,LCI 303,PRNP_2012,B,0,0,0,0,0,890,
LCI,LCI 303,PRNP_2012,C,0.5,0.1,0,0,200,790,
LCI,LCI 303,PRNP_2014,A,0,5,0,0,0,880,
LCI,LCI 303,PRNP_2014,B,0,5,0,0,0,888,
LCI,LCI 303,PRNP_2014,C,0,5,0,0,0,765,
LCI,LCI 303,PRNP_2015,A,0,0,0,0,0,889,
LCI,LCI 303,PRNP_2015,B,7,0,0,0,0,781,
LCI,LCI 304,PRNP_2012,A,4,1,0,0,10,820,
LCI,LCI 304,PRNP_2012,B,10,0.5,0,0,25.5,745,
LCI,LCI 304,PRNP_2012,C,0.5,0,0,0,0,815,
LCI,LCI 304,PRNP_2014,A,10,0,0,0,0,800,
LCI,LCI 304,PRNP_2014,B,20,5,0,0,0,720,
LCI,LCI 304,PRNP_2014,C,20,5,0,0,0,815,
LCI,LCI 304,PRNP_2015,A,0.5,10,0.6,0,0,818,
LCI,LCI 304,PRNP_2015,B,14,20,0.5,0,0,747,
LCI,LCI 304,PRNP_2015,C,0,0,0,0,0,831,
LCI,LCI 305 R,PRNP_2012,A,30,5,0,0,300,700,
LCI,LCI 305 R,PRNP_2012,B,20,8,0,1,300,740,
LCI,LCI 305 R,PRNP_2012,C,50,10,0,1,300,830,
LCI,LCI 305 R,PRNP_2014,A,11,6,0,0,0,0,
LCI,LCI 305 R,PRNP_2014,B,14,6,0,4,0,735,
LCI,LCI 305 R,PRNP_2014,C,21,25,0,10,0,842,
LCI,LCI 305 R,PRNP_2015,A,18,0,0,0,0,818,
LCI,LCI 305 R,PRNP_2015,B,21,0,0,0,0,840,
LCI,LCI 305 R,PRNP_2015,C,3,0,0,0,0,933,
LCI,LCI 305 W,PRNP_2015,A,18,0,0,0,0,818,
LCI,LCI 305 W,PRNP_2015,B,21,0,0,0,0,840,
LCI,LCI 305 W,PRNP_2015,C,3,0,0,0,0,933,
LCI,LCI 306,PRNP_2012,A,20,0,0,0,0,0,
LCI,LCI 306,PRNP_2012,B,30,2,0,0,0,0,
LCI,LCI 306,PRNP_2012,C,10,0.5,0,0,0,0,
LCI,LCI 307,PRNP_2012,A,0.2,0,0,0,0,0,
LCI,LCI 307,PRNP_2012,B,0.1,0,0,0,0,0,
LCI,LCI 307,PRNP_2012,C,20,0,0,0,200,0,
LCI,LCI 308,PRNP_2012,A,1,0.1,0,0,0,0,
LCI,LCI 308,PRNP_2012,B,1,0.2,0,0,0,0,
LCI,LCI 308,PRNP_2012,C,0.5,0.1,0,0,0,0,
LCI,LCI 311,PRNP_2012,A,10,4,0,0,10,840,
LCI,LCI 311,PRNP_2012,B,10,3,0,0,1,0,
LCI,LCI 311,PRNP_2012,C,10,1,0,0,0,0,
LCI,LCI 311,PRNP_2014,A,25,0,0,0,0,812,
LCI,LCI 311,PRNP_2014,B,32,2,0,0,0,756,
LCI,LCI 311,PRNP_2014,C,15,2,0,0,0,717,
LCI,LCI 313 R,PRNP_2014,A,20,3,0.3,0,0,820,
LCI,LCI 313 R,PRNP_2014,B,18,3,0.3,0,0,770,
LCI,LCI 313 R,PRNP_2014,C,10,3,0.3,0,0,770,
LCI,LCI 313 R,PRNP_2015,A,5,0,0,0,11,860,
LCI,LCI 313 R,PRNP_2015,B,2,0,0,0,19,824,
LCI,LCI 313 R,PRNP_2015,C,0.5,0,0,0,15,760,
LCI,LCI 313 W,PRNP_2014,A,20,3,0.3,0,0,820,
LCI,LCI 313 W,PRNP_2014,B,18,3,0.3,0,0,770,
LCI,LCI 313 W,PRNP_2014,C,10,3,0.3,0,0,770,
LCI,LCI 313 W,PRNP_2015,A,5,0,0,0,11,860,
LCI,LCI 313 W,PRNP_2015,B,2,0,0,0,19,824,
LCI,LCI 313 W,PRNP_2015,C,0.5,0,0,0,15,760,
LCI,LCI 314 R,PRNP_2012,A,10,2,0,0,0,760,
LCI,LCI 314 R,PRNP_2012,B,10,1,0,0,0,0,
LCI,LCI 314 R,PRNP_2012,C,20,3,0,0,0,0,
LCI,LCI 314 R,PRNP_2014,A,20,0,0,0,0,715,
LCI,LCI 314 R,PRNP_2014,B,36,11,0,0,0,814,
LCI,LCI 314 R,PRNP_2014,C,31,8,0,0,0,698,
LCI,LCI 315,PRNP_2012,A,8,7,0,0,0,0,
LCI,LCI 315,PRNP_2012,B,8,5,0,0,0,0,
LCI,LCI 315,PRNP_2012,C,10,5,0,0,0,0,
LCI,LCI 316,PRNP_2014,A,8,0,0,0,0,792,
LCI,LCI 316,PRNP_2014,B,12,10,0,0,0,772,
LCI,LCI 316,PRNP_2014,C,7,1,0,0,0,663,
LCI,LCI 316,PRNP_2015,A,3,0,0,0,0,682,
LCI,LCI 316,PRNP_2015,B,0.5,0,0,0,0,812,
LCI,LCI 317 R,PRNP_2014,A,6,2,0,0,0,721,
LCI,LCI 317 R,PRNP_2014,B,18,7,0,0,0,855,
LCI,LCI 317 R,PRNP_2014,C,50,11,0,0,0,628,
LCI,LCI 317 R,PRNP_2015,A,1.5,0,0,0,0,718,
LCI,LCI 317 R,PRNP_2015,B,9,0,0,0,0,848,
LCI,LCI 317 R,PRNP_2015,C,12,0,0,0,0,638,
LCI,LCI 317 W,PRNP_2014,A,6,2,0,0,0,721,
LCI,LCI 317 W,PRNP_2014,B,18,7,0,0,0,855,
LCI,LCI 317 W,PRNP_2014,C,50,11,0,0,0,628,
LCI,LCI 318,PRNP_2012,A,15,1,0,0,0,0,
LCI,LCI 318,PRNP_2012,B,5,0.5,0,0,0,0,
LCI,LCI 318,PRNP_2012,C,10,1,0,0,0,0,
LCI,LCI 318,PRNP_2014,A,20,3,0,0,0,640,
LCI,LCI 318,PRNP_2014,B,25,2,0,0,0,690,
LCI,LCI 318,PRNP_2014,C,2,0,0,0,0,625,
LCI,LCI 319,PRNP_2012,A,10,1,0,1,0,0,
LCI,LCI 319,PRNP_2012,B,3,1,0,0,0,0,
LCI,LCI 319,PRNP_2012,C,2,2,0,0,0,790,
LCI,LCI 319,PRNP_2014,A,0,0,0,0,0,0,
LCI,LCI 319,PRNP_2014,B,0,0,0,0,0,0,
LCI,LCI 319,PRNP_2014,C,10,1,0,0,0,789,
LCI,LCI 401,Mt Elizabeth_2013,A,0,0,0,0,0,0,
LCI,LCI 401,Mt Elizabeth_2013,B,0.2,0,0,0,0,0,
LCI,LCI 401,Mt Elizabeth_2013,C,6,0.2,0,0,30,0,
LCI,LCI 403,Mt Elizabeth_2013,A,1,0,0,0,0,0,
LCI,LCI 403,Mt Elizabeth_2013,B,4,1,0,0,0,0,
LCI,LCI 403,Mt Elizabeth_2013,C,1,0.5,0,0,0,0,
LCI,LCI 405,Mt Elizabeth_2013,A,3,0.1,0,0,0,0,
LCI,LCI 405,Mt Elizabeth_2013,B,2,1,0,0,0,0,
LCI,LCI 405,Mt Elizabeth_2013,C,5,1,0,0,0,0,
LCI,LCI 406,Mt Elizabeth_2013,A,2,0,0,0,0,0,
LCI,LCI 406,Mt Elizabeth_2013,B,2,0.1,0,0,0,0,
LCI,LCI 406,Mt Elizabeth_2013,C,2,0.2,0,0,0,0,
LCI,LCI 410,Mt Elizabeth_2013,A,0.5,0,0,0,0,0,
LCI,LCI 410,Mt Elizabeth_2013,B,0.5,0.1,0,0,0,0,
LCI,LCI 410,Mt Elizabeth_2013,C,0.5,0.5,0,0,0,0,
LCI,LCI 411,Mt Elizabeth_2013,A,0.5,0.1,0,0,0,0,
LCI,LCI 411,Mt Elizabeth_2013,B,10,3,0,0,0,0,
LCI,LCI 411,Mt Elizabeth_2013,C,7,1,0,0,0,0,
LCI,LCI 412,Mt Elizabeth_2013,A,1,0.1,0,0,0,0,
LCI,LCI 412,Mt Elizabeth_2013,B,1,0,0,0,0,0,
LCI,LCI 412,Mt Elizabeth_2013,C,0.2,0,0,0,0,0,
LCI,LCI 413,Mt Elizabeth_2013,A,10,1,0,0,0,0,
LCI,LCI 413,Mt Elizabeth_2013,B,0,0,0,0,0,0,
LCI,LCI 413,Mt Elizabeth_2013,C,10,5,0,0,100,0,
LCI,LCI 501,Bachsten_2013,A,1,0,0,0,0,0,
LCI,LCI 501,Bachsten_2013,B,0.5,0,0,0,0,0,
LCI,LCI 501,Bachsten_2013,C,2,0.2,0,0,0,0,
LCI,LCI 501,Bachsten_2015,A,0.5,0.5,0,0,100,0,
LCI,LCI 501,Bachsten_2015,B,1,0.5,0,0,100,0,
LCI,LCI 501,Bachsten_2015,C,2,0.5,0,0,150,0,
LCI,LCI 502,Bachsten_2013,A,0.2,0,0,0,0,0,"A burnt, B burnt, C unburnt patch of Sorghum"
LCI,LCI 502,Bachsten_2013,B,0.5,0.1,0,0,0,0,"A burnt, B burnt, C unburnt patch of Sorghum"
LCI,LCI 502,Bachsten_2013,C,1.5,0.1,0,0,0,0,"A burnt, B burnt, C unburnt patch of Sorghum"
LCI,LCI 502,Bachsten_2015,A,0.5,1,0,0,100,0,
LCI,LCI 502,Bachsten_2015,B,0.3,0.1,0,0,0,0,
LCI,LCI 502,Bachsten_2015,C,1,3,0,0,50,0,
LCI,LCI 504,Bachsten_2013,A,2,1,0,0,0,0,"A rocky footslope, B rocky hill, C spinifex rocky"
LCI,LCI 504,Bachsten_2013,B,3,0.3,0,0.1,0,0,"A rocky footslope, B rocky hill, C spinifex rocky"
LCI,LCI 504,Bachsten_2013,C,5,0.1,0,0,50,0,"A rocky footslope, B rocky hill, C spinifex rocky"
LCI,LCI 504,Bachsten_2015,A,3,2,0,0,200,0,
LCI,LCI 504,Bachsten_2015,B,1,2,0,0,0,0,
LCI,LCI 504,Bachsten_2015,C,1,2,0,0,0,0,
LCI,LCI 505,Bachsten_2013,A,2,0.5,0,0,0,0,"A flat, B Sorghum stipoideum, C Triodia"
LCI,LCI 505,Bachsten_2013,B,0.5,0.1,0,0,10,0,"A flat, B Sorghum stipoideum, C Triodia"
LCI,LCI 505,Bachsten_2013,C,10,1,0,0,200,0,"A flat, B Sorghum stipoideum, C Triodia"
LCI,LCI 505,Bachsten_2015,A,0.5,0.1,0,0,0,0,
LCI,LCI 505,Bachsten_2015,B,5,0.5,0,0,50,0,
LCI,LCI 505,Bachsten_2015,C,3,1,0,0,100,0,
LCI,LCI 506,Bachsten_2013,A,0.5,0.5,0,0,0,0,
LCI,LCI 506,Bachsten_2013,B,10,5,0,0,100,0,
LCI,LCI 506,Bachsten_2013,C,1,0.5,0,0,0,0,
LCI,LCI 506,Bachsten_2015,A,1,0.2,0,0,0,0,
LCI,LCI 506,Bachsten_2015,B,1,0.2,0,0,10,0,
LCI,LCI 506,Bachsten_2015,C,0.5,0.1,0,0,0,0,
LCI,LCI 507,Bachsten_2013,A,10,5,0,0,300,0,
LCI,LCI 507,Bachsten_2013,B,0.5,0.1,0,0,100,0,
LCI,LCI 507,Bachsten_2013,C,0,0,0,0,0,0,
LCI,LCI 507,Bachsten_2015,A,3,0.2,0,0,200,0,
LCI,LCI 507,Bachsten_2015,B,5,0.1,0,0,100,0,
LCI,LCI 507,Bachsten_2015,C,0.5,0.1,0,0,0,0,
LCI,LCI 511,Bachsten_2013,A,0.5,0,0,0,0,860,
LCI,LCI 511,Bachsten_2013,B,1,0.1,0,0,0,0,
LCI,LCI 511,Bachsten_2013,C,0.1,0.1,0,0,300,0,
LCI,LCI 511,Bachsten_2015,A,1,0.5,0,0,200,0,
LCI,LCI 511,Bachsten_2015,B,0.1,3,0,0,700,0,
LCI,LCI 511,Bachsten_2015,C,5,0.5,0,0,0,0,
LCI,LCI 512,Bachsten_2013,A,1,0.2,0,0,300,0,
LCI,LCI 512,Bachsten_2013,B,1,0.1,0,3,400,0,
LCI,LCI 512,Bachsten_2013,C,2,1,0,0,300,0,
LCI,LCI 512,Bachsten_2015,A,0.5,0.2,0,0,500,0,
LCI,LCI 512,Bachsten_2015,B,0.1,0.1,0,0,600,0,
LCI,LCI 512,Bachsten_2015,C,0,0,0.2,0,300,0,
LCI,LCI 601,DRNP_2013,A,0.1,0.01,0,0,0,963,
LCI,LCI 601,DRNP_2013,B,0.1,0,0,0,0,830,
LCI,LCI 601,DRNP_2013,C,0.1,0,0,0,0,0,
LCI,LCI 601,DRNP_2015,A,0.5,0,0,1,0,0,
LCI,LCI 601,DRNP_2015,B,0.5,0.2,0,0,0,0,
LCI,LCI 601,DRNP_2015,C,1,0.1,0,0,0,0,
LCI,LCI 602,DRNP_2013,A,1,0,0,0,0,750,
LCI,LCI 602,DRNP_2013,B,1,0,0,0,0,782,
LCI,LCI 602,DRNP_2013,C,0.5,0,0,0,0,790,
LCI,LCI 602,DRNP_2015,A,1,0.5,0,0,0,745,
LCI,LCI 602,DRNP_2015,B,1,1,0,0,0,775,
LCI,LCI 602,DRNP_2015,C,1,0.5,0,0,0,783,
LCI,LCI 603,DRNP_2013,A,0.1,0,0,0,0,750,
LCI,LCI 603,DRNP_2013,B,0.1,0,0,0,0,754,
LCI,LCI 603,DRNP_2013,C,1.5,0,0,0,0,752,
LCI,LCI 603,DRNP_2015,A,0.3,0.1,0,0,0,700,
LCI,LCI 603,DRNP_2015,B,1,0.1,0,0,0,735,
LCI,LCI 603,DRNP_2015,C,0.5,0,0,0,0,734,
LCI,LCI 604,DRNP_2013,A,5,0,0,0,0,0,
LCI,LCI 604,DRNP_2013,B,0.5,0,0,0,0,810,
LCI,LCI 604,DRNP_2013,C,1,0.1,0,0,1,0,
LCI,LCI 604,DRNP_2015,A,3,0.5,0,0,0,0,
LCI,LCI 604,DRNP_2015,B,0.3,0.1,0,0,0,0,
LCI,LCI 604,DRNP_2015,C,2,0.1,0,0,0,0,
LCI,LCI 605,DRNP_2013,A,2,0.5,0,0,0,800,
LCI,LCI 605,DRNP_2013,B,4,5,0,0,0,0,
LCI,LCI 605,DRNP_2013,C,4,1,0,0,0,0,
LCI,LCI 605,DRNP_2015,A,3,1,0,0,30,0,
LCI,LCI 605,DRNP_2015,B,5,3,0,0,100,0,
LCI,LCI 605,DRNP_2015,C,20,10,0,0,100,0,
LCI,LCI 606,DRNP_2015,A,0.1,0,0,0,0,0,
LCI,LCI 606,DRNP_2015,B,5,0.1,0,0,0,0,
LCI,LCI 606,DRNP_2015,C,0.5,0.1,0,0,0,0,
LCI,LCI 607,DRNP_2013,A,2,0.1,0,0,0,745,
LCI,LCI 607,DRNP_2013,B,1,0,0,0,0,760,
LCI,LCI 607,DRNP_2013,C,0.5,0,0,0,0,770,
LCI,LCI 607,DRNP_2015,A,10,1,0,0,10,745,
LCI,LCI 607,DRNP_2015,B,20,3,0,1,20,740,
LCI,LCI 607,DRNP_2015,C,20,5,0,1,30,770,
LCI,LCI 608 R,DRNP_2013,A,8,2,0,2,100,680,
LCI,LCI 608 R,DRNP_2013,B,10,5,0,3,100,700,
LCI,LCI 608 R,DRNP_2013,C,10,10,0,0,0,0,
LCI,LCI 608 R,DRNP_2015,A,10,1,0,0,20,0,
LCI,LCI 608 R,DRNP_2015,B,15,2,0,0,30,0,
LCI,LCI 608 R,DRNP_2015,C,10,1,0,0,20,0,
LCI,LCI 608 W,DRNP_2015,A,10,1,0,0,20,0,
LCI,LCI 608 W,DRNP_2015,B,15,2,0,0,30,0,
LCI,LCI 608 W,DRNP_2015,C,10,1,0,0,20,0,
LCI,LCI 611,DRNP_2015,A,8,2,0,0,20,0,
LCI,LCI 611,DRNP_2015,B,6,1,0,0,50,0,
LCI,LCI 611,DRNP_2015,C,3,0.5,0,0,0,0,
LCI,LCI 612,DRNP_2015,A,1,0,0,0,0,0,
LCI,LCI 612,DRNP_2015,B,2,0.5,0,0,0,0,
LCI,LCI 612,DRNP_2015,C,2,0.1,0,0,0,0,
LCI,LCI 614,DRNP_2015,A,1,0.2,0,0,0,0,
LCI,LCI 614,DRNP_2015,B,0.3,0.05,0,0,0,0,
LCI,LCI 614,DRNP_2015,C,0.5,0.1,0,0,0,0,
LCI,LCI 615,DRNP_2015,A,2,0.3,0,0,10,0,
LCI,LCI 615,DRNP_2015,B,1,0.2,0,0,5,0,
LCI,LCI 615,DRNP_2015,C,0.2,0.1,0,0,0,0,
LCI,LCI 616,DRNP_2015,A,10,5,0,0,100,0,
LCI,LCI 616,DRNP_2015,B,5,0.5,0,0,30,0,
LCI,LCI 616,DRNP_2015,C,20,1,0,0,100,0,
LCI,LCI 617,DRNP_2015,A,0.3,0.1,0,0,0,0,
LCI,LCI 617,DRNP_2015,B,5,2,0,0,0,0,
LCI,LCI 617,DRNP_2015,C,2,0.2,0,0,0,0,
