Project,Site,Visit,Species,Species validation status,Species uncertainty,Introduced,Extent of Infestation,Density,Invasiveness
NC,MNP 009,MNP_2015,Azadirachta indica,do not validate,,Yes,individuals,scattered,uncertain
NC,MNP 010,MNP_2015,Azadirachta indica,do not validate,,Yes,individuals,scattered,yes
NC,MNP 010,MNP_2015,Calotropis procera,do not validate,,Yes,individuals,scattered,yes
NC,PLNR 002,PLNR_2015,Passiflora foetida,do not validate,,Yes,individuals,scattered,uncertain
NC,PLNR 008,PLNR_2015,Passiflora foetida,do not validate,,Yes,individuals,scattered,uncertain
NC,MNP 009,MNP_2011,Azadirachta indica,do not validate,,Yes,individuals,scattered,uncertain
NC,MNP 009,MNP_2012,Azadirachta indica,do not validate,,Yes,individuals,scattered,uncertain
NC,MNP 009,MNP_2013,Azadirachta indica,do not validate,,Yes,individuals,scattered,uncertain
NC,MNP 010,MNP_2011,Azadirachta indica,do not validate,,Yes,individuals,scattered,uncertain
NC,MNP 010,MNP_2012,Azadirachta indica,do not validate,,Yes,individuals,scattered,yes
NC,MNP 010,MNP_2013,Azadirachta indica,do not validate,,Yes,individuals,scattered,yes
NC,PLNR 002,PLNR_2011,Passiflora foetida,do not validate,,Yes,5 m2,scattered,yes
NC,PLNR 002,PLNR_2012,Passiflora foetida,do not validate,,Yes,individuals,scattered,uncertain
NC,PLNR 002,PLNR_2013,Passiflora foetida,do not validate,,Yes,individuals,scattered,uncertain
NC,PLNR 008,PLNR_2013,Passiflora foetida,do not validate,,Yes,individuals,scattered,uncertain
NC,PNP 003,PNP_2012,Passiflora foetida,do not validate,,Yes,individuals,scattered,yes
NC,PNP 003,PNP_2013,Passiflora foetida,do not validate,,Yes,individuals,scattered,uncertain
NC,PNP 007,PNP_2012,Calotropis procera,do not validate,,Yes,individuals,scattered,no
NC,PNP 009,PNP_2012,Calotropis procera,do not validate,,Yes,individuals,scattered,no
NC,PNP 009,PNP_2013,Calotropis procera,do not validate,,Yes,individuals,scattered,no
