Project,Site,Visit,Species,Species validation status,Species uncertainty,Introduced,Extent of Infestation,Density,Invasiveness
LCI,LCI 003,MP_July 2014,Passiflora foetida,do not validate,,Yes,individuals,scattered,yes
LCI,LCI 009,MP_July 2014,Passiflora foetida,do not validate,,Yes,individuals,scattered,no
LCI,LCI 021,MP_July 2014,Passiflora foetida,do not validate,,Yes,individuals,scattered,
LCI,LCI 023 R,MP_July 2014,Passiflora foetida,do not validate,,Yes,individuals,scattered,no
LCI,LCI 023 W,MP_July 2014,Passiflora foetida,do not validate,,Yes,individuals,scattered,no
LCI,LCI 028,MP_August 2011,Stylosanthes scabra,do not validate,,Yes,individuals,scattered,no
LCI,LCI 028,MP_May 2012,Stylosanthes scabra,do not validate,,Yes,individuals,scattered,no
LCI,LCI 028,MP_July 2013,Stylosanthes scabra,do not validate,,Yes,individuals,scattered,no
LCI,LCI 029,MP_September 2011,Stylosanthes scabra,do not validate,,Yes,100 m2,scattered,no
LCI,LCI 029,MP_July 2012,Stylosanthes scabra,do not validate,,Yes,100 m2,scattered,no
LCI,LCI 029,MP_July 2013,Stylosanthes scabra,do not validate,,Yes,100 m2,scattered,no
LCI,LCI 047 R,MP_July 2014,Passiflora foetida,do not validate,,Yes,individuals,scattered,
LCI,LCI 047 W,MP_July 2014,Passiflora foetida,do not validate,,Yes,individuals,scattered,
LCI,LCI 201,KLRCR_2011,Hyptis suaveolens,do not validate,,Yes,patches of 50 m sq,dense in patches,yes
LCI,LCI 201,KLRCR_2012,Hyptis suaveolens,do not validate,,Yes,patches of 50 m sq,dense in patches,yes
LCI,LCI 201,KLRCR_2013,Hyptis suaveolens,do not validate,,Yes,patches of 100 m sq,dense in patches,yes
LCI,LCI 201,KLRCR_2014,Hyptis suaveolens,do not validate,,Yes,individuals,scattered,uncertain
LCI,LCI 201,KLRCR_2014,Passiflora foetida,do not validate,,Yes,individuals,scattered,uncertain
LCI,LCI 204,KLRCR_2011,Hyptis suaveolens,do not validate,,Yes,individuals,scattered,uncertain
LCI,LCI 204,KLRCR_2014,Hyptis suaveolens,do not validate,,Yes,3 m2,scattered,uncertain
LCI,LCI 204,KLRCR_2014,Themeda quadrivalvis,do not validate,,Yes,10 m2,scattered,uncertain
LCI,LCI 204,KLRCR_2014,Passiflora foetida,do not validate,,Yes,individuals,scattered,uncertain
LCI,LCI 204,KLRCR_2014,Stylosanthes sp,do not validate,,Yes,individuals,scattered,uncertain
LCI,LCI 206,KLRCR_2014,Passiflora foetida,do not validate,,Yes,individuals,scattered,uncertain
LCI,LCI 208,KLRCR_2013,Hyptis suaveolens,do not validate,,Yes,individuals,scattered,uncertain
LCI,LCI 209,KLRCR_2011,Hyptis suaveolens,do not validate,,Yes,individuals,scattered,uncertain
LCI,LCI 209,KLRCR_2012,Hyptis suaveolens,do not validate,,Yes,individuals,scattered,uncertain
LCI,LCI 209,KLRCR_2013,Hyptis suaveolens,do not validate,,Yes,individuals,scattered,uncertain
LCI,LCI 213,KLRCR_2012,Hyptis suaveolens,do not validate,,Yes,5 m2,scattered,yes
LCI,LCI 213,KLRCR_2013,Hyptis suaveolens,do not validate,,Yes,20 m2,scattered,yes
LCI,LCI 213,KLRCR_2014,Passiflora foetida,do not validate,,Yes,individuals,scattered,uncertain
LCI,LCI 213,KLRCR_2014,Hyptis suaveolens,do not validate,,Yes,individuals,scattered,uncertain
LCI,LCI 308,PRNP_2014,Passiflora foetida,do not validate,,Yes,individuals,scattered,no
LCI,LCI 311,PRNP_2012,Passiflora foetida,do not validate,,Yes,20 m2,scattered,yes
LCI,LCI 313 R,PRNP_2012,Passiflora foetida,do not validate,,Yes,individuals,scattered,no
LCI,LCI 313 R,PRNP_2014,Passiflora foetida,do not validate,,Yes,individuals,scattered,no
LCI,LCI 313 W,PRNP_2012,Passiflora foetida,do not validate,,Yes,individuals,scattered,no
LCI,LCI 313 W,PRNP_2014,Passiflora foetida,do not validate,,Yes,individuals,scattered,no
LCI,LCI 314 R,PRNP_2012,Passiflora foetida,do not validate,,Yes,patches of 100 m sq,common,yes
LCI,LCI 314 R,PRNP_2014,Passiflora foetida,do not validate,,Yes,individuals,scattered,
LCI,LCI 314 W,PRNP_2012,Passiflora foetida,do not validate,,Yes,patches of 100 m sq,common,yes
LCI,LCI 314 W,PRNP_2014,Passiflora foetida,do not validate,,Yes,individuals,scattered,
LCI,LCI 315,PRNP_2012,Passiflora foetida,do not validate,,Yes,individuals,scattered,no
LCI,LCI 316,PRNP_2012,Passiflora foetida,do not validate,,Yes,individuals,scattered,no
LCI,LCI 317 R,PRNP_2012,Passiflora foetida,do not validate,,Yes,100 m2,common,uncertain
LCI,LCI 317 R,PRNP_2014,Passiflora foetida,do not validate,,Yes,individuals,scattered,no
LCI,LCI 317 W,PRNP_2012,Passiflora foetida,do not validate,,Yes,100 m2,common,uncertain
LCI,LCI 317 W,PRNP_2014,Passiflora foetida,do not validate,,Yes,individuals,scattered,no
LCI,LCI 318,PRNP_2012,Passiflora foetida,do not validate,,Yes,individuals,scattered,no
LCI,LCI 319,PRNP_2012,Passiflora foetida,do not validate,,Yes,individuals,scattered,no
LCI,LCI 319,PRNP_2014,Passiflora foetida,do not validate,,Yes,2 m2,scattered,uncertain
LCI,LCI 401,Mt Elizabeth_2013,Stylosanthes scabra,do not validate,,Yes,widespread,common,no
LCI,LCI 403,Mt Elizabeth_2013,Stylosanthes scabra,do not validate,,Yes,10 m2,scattered,no
LCI,LCI 405,Mt Elizabeth_2013,Stylosanthes scabra,do not validate,,Yes,100 m2,common,no
LCI,LCI 411,Mt Elizabeth_2013,Stylosanthes scabra,do not validate,,Yes,individuals,scattered,no
LCI,LCI 412,Mt Elizabeth_2013,Stylosanthes scabra,do not validate,,Yes,1 m2,common,no
LCI,LCI 413,Mt Elizabeth_2013,Hyptis suaveolens,do not validate,,Yes,10 m2,scattered,no
LCI,LCI 512,Bachsten_2013,Hyptis suaveolens,do not validate,,Yes,20 m2,scattered,yes
LCI,LCI 601,DRNP_2013,Hibiscus sabdariffa,do not validate,,Yes,1 m2,scattered,no
LCI,LCI 602,DRNP_2013,Hibiscus sabdariffa,do not validate,,Yes,10 m2,scattered,no
LCI,LCI 605,DRNP_2013,Hibiscus sabdariffa,do not validate,,Yes,individuals,scattered,no
LCI,LCI 201,KLRCR_2015,Hyptis suaveolens,do not validate,,Yes,100 m2,common,yes
LCI,LCI 204,KLRCR_2015,Themeda quadrivalvis,do not validate,,Yes,all burnt,all burnt,no
LCI,LCI 213,KLRCR_2015,Hyptis suaveolens,do not validate,,Yes,15 m2,scattered,no
LCI,LCI 608 W,DRNP_2015,Bidens pilosa,do not validate,,Yes,individuals,scattered,no
LCI,LCI 315,PRNP_2015,Passiflora foetida,do not validate,,Yes,3 m2,scattered,no
LCI,LCI 311,PRNP_2015,Passiflora foetida,do not validate,,Yes,4 m2,scattered,no
LCI,LCI 319,PRNP_2015,Passiflora foetida,do not validate,,Yes,8 m2,scattered,no
LCI,LCI 316,PRNP_2015,Passiflora foetida,do not validate,,Yes,individuals,scattered,no
LCI,LCI 401,Mt Elizabeth_2015,Stylosanthes scabra,do not validate,,Yes,100 m2,scattered,no
LCI,LCI 403,Mt Elizabeth_2015,Stylosanthes scabra,do not validate,,Yes,375 m2,common,yes
LCI,LCI 405,Mt Elizabeth_2015,Stylosanthes scabra,do not validate,,Yes,800 m2,common,yes
LCI,LCI 410,Mt Elizabeth_2015,Stylosanthes scabra,do not validate,,Yes,individuals,scattered,no
LCI,LCI 411,Mt Elizabeth_2015,Stylosanthes scabra,do not validate,,Yes,individuals,scattered,no
LCI,LCI 412,Mt Elizabeth_2015,Stylosanthes scabra,do not validate,,Yes,700 m2,common,yes
LCI,LCI 413,Mt Elizabeth_2015,Hyptis suaveolens,do not validate,,Yes,300 m2,dense in patches,yes
LCI,LCI 605,DRNP_2015,Hibiscus sabdariffa,do not validate,,Yes,individuals,common,uncertain
LCI,LCI 602,DRNP_2015,Hyptis suaveolens,do not validate,,Yes,individuals,scattered,no
LCI,LCI 602,DRNP_2015,Hibiscus sabdariffa,do not validate,,Yes,10 m2,common,no
LCI,LCI 602,DRNP_2015,Sida caudifolia,do not validate,,Yes,individuals,scattered,no
LCI,LCI 601,DRNP_2015,Hibiscus sabdariffa,do not validate,,Yes,individuals,common,yes
LCI,LCI 601,DRNP_2015,Hyptis suaveolens,do not validate,,Yes,20 m2,common,yes
LCI,LCI 501,Bachsten_2015,Hyptis suaveolens,do not validate,,Yes,20 m2,scattered,no
LCI,LCI 512,Bachsten_2015,Hyptis suaveolens,do not validate,,Yes,20 m2,dense in patches,yes
