Project,Site,Visit,Underlaying geology,Distance to closest water (m),Type of closest water,Landform pattern (300m radius),Landform element (20m radius),Soil surface texture,Soil colour,Comments
NC,MNP 001,MNP_2011,Kellys Knob Sandstone Member - Quartz Sandstone,100,Riverine Seasonal,Escarpment,Scarp/Gully,Clayey Sand,dark pink grey,
NC,MNP 004,MNP_2012,Kellys Knob Sandstone Member - Quartz Sandstone,500,Spring,Low Hills (30-90M),Valley Flat,Loamy Sand,,
NC,MNP 006,MNP_2012,Abney Sandstone Member - Quartz Sandstone,700,Riverine Seasonal,Rises (9-30M),Footslope,Clayey Sand,red brown,
NC,MNP 007,MNP_2011,Cecil Sandstone Member - Quartz Sandstone,2000,Riverine Permanent,Low Hills (30-90M),Terrace Flat,Clayey Sand,pink grey orange,
NC,MNP 009,MNP_2011,"Sand, Soil Cover, Alluvium, Travertine",50,Riverine Seasonal,Sandplain,Riseslope,Clayey Sand,pale grey orange,
NC,MNP 010,MNP_2011,Kellys Knob Sandstone Member - Quartz Sandstone,300,Riverine Seasonal,Sandplain,Riseslope,Loamy Sand,dark red brown,
NC,MNP 011,MNP_2011,"Sand, Soil Cover, Alluvium, Travertine",2000,Riverine Permanent,Sandplain,Plain,Sandy Loam,dark red brown,
NC,PLNR 001,PLNR_2011,Pentecost Sandstone - Middle: Blocky Fine To Medium Grained Quartz Sandstone,150,Riverine Seasonal,Low Hills (30-90M),Hillslope,Clayey Sand,red grey brown,
NC,PLNR 002,PLNR_2011,"Sand, Soil Cover, Alluvium, Travertine",1500,"Pond, Marsh, Swamp",Sandplain,Plain,Sandy Loam,dark red brown,
NC,PLNR 003,PLNR_2011,Black Soil,250,"Pond, Marsh, Swamp",Floodplain,Plain,Light Clay,dark brown,
NC,PLNR 004,PLNR_2013,Black Soil,50,"Pond, Marsh, Swamp",Floodplain,Plain,Light Clay,dark brown,
NC,PLNR 005,PLNR_2013,Antrim Plateau Volcanics - Basalt,1000,"Lake, Pool Permanent",Rises (9-30M),Footslope,Loam,red brown,
NC,PLNR 006,PLNR_2012,Antrim Plateau Volcanics - Basalt,500,"Lake, Pool Permanent",Low Hills (30-90M),Hillslope,Clay Loam Sandy,orange brown,
NC,PLNR 007,PLNR_2012,Mendena Formation - Quartz Sandstone With Siltstone,150,Riverine Seasonal,Rises (9-30M),Riseslope,Loamy Sand,dark brown,loamy sand near chreek
NC,PLNR 008,PLNR_2013,"Sand, Soil Cover, Alluvium, Travertine",250,Riverine Seasonal,Sandplain,Plain,Sandy Loam,grey brown,
NC,PNP 001,PNP_2012,"Olympio Formation, Sandstone",20,Riverine Seasonal,Low Hills (30-90M),Hillslope/Gully,Loam,,
NC,PNP 002,PNP_2012,"Colluvium And Rubble - Sand, Gravel, Conglomerate And Sedimentary Breccia",450,Riverine Seasonal,Alluvial Plain,Plain,Sandy Clay Loam,,
NC,PNP 003,PNP_2012,Unconsolidated And Partly Consolidated Sandplain Deposits,1500,Riverine Seasonal,Sandplain,Plain,Clayey Sand,,
NC,PNP 004,PNP_2012,Unconsolidated And Partly Consolidated Sandplain Deposits,500,Riverine Seasonal,Rises (9-30M),Riseslope,Clayey Sand,,
NC,PNP 005,PNP_2012,Antrim Plateau Volcanics,580,Riverine Seasonal,Rises (9-30M),Footslope,Silty Clay Loam,,
NC,PNP 006,PNP_2012,"Colluvium And Rubble - Sand, Gravel, Conglomerate And Sedimentary Breccia",380,Riverine Seasonal,Rises (9-30M),Riseslope,Silty Clay Loam,,
NC,PNP 007,PNP_2012,Headleys Limestone,100,"Lake, Pool Permanent",Rises (9-30M),Footslope,Clayey Sand,,
NC,PNP 008,PNP_2012,Antrim Plateau Volcanics,800,Riverine Seasonal,Low Hills (30-90M),Footslope,Silty Clay Loam,,
NC,PNP 009,PNP_2012,Headleys Limestone,150,Riverine Seasonal,Rises (9-30M),Footslope,Loam,,
NC,PNP 010,PNP_2012,Unconsolidated And Partly Consolidated Sandplain Deposits,200,Riverine Seasonal,Rises (9-30M),Riseslope,Sandy Loam,,
NC,PNP 011,PNP_2012,"Ranford Formation, Sandstone",500,Riverine Seasonal,Rises (9-30M),Riseslope,Clayey Sand,,
NC,PNP 012,PNP_2012,"Colluvium And Rubble - Sand, Gravel, Conglomerate And Sedimentary Breccia",380,Riverine Seasonal,Rises (9-30M),Riseslope,Loam,,
