Project,Site,Visit,Underlaying geology,Distance to closest water (m),Type of closest water,Landform pattern (300m radius),Landform element (20m radius),Soil surface texture,Soil colour,Comments
LCI,LCI 001,MP_July 2011,King Leopold Sandstone,1300,Riverine Permanent,Plateau,Levee,Sandy Loam,pale yellow grey,
LCI,LCI 002,MP_July 2011,King Leopold Sandstone,800,Riverine Permanent,Low Hills (30-90 M),Hillslope,Clayey Sand,pale yellow grey,
LCI,LCI 003,MP_July 2011,Carson Volcanics,0,Riverine Permanent,Alluvial Plain,Plain,Medium Clay,dark orange brown,
LCI,LCI 004,MP_July 2011,Carson Volcanics,500,Riverine Seasonal,Plain,Footslope,Clay Loam Sandy,pale yellow brown,
LCI,LCI 005,MP_July 2011,"Bauxite, Aluminious Laterite",500,Riverine Seasonal,Hills,"Levee, Hillslope",Loam,dark red brown,
LCI,LCI 007,MP_July 2011,"Bauxite, Aluminious Laterite",400,Riverine Seasonal,Plateau,Break Away,Sandy Loam,orange brown,
LCI,LCI 008 R,MP_July 2011,"Bauxite, Aluminious Laterite",300,Riverine Permanent,Plateau,Break Away,Clay Loam,red,
LCI,LCI 008 W,MP_July 2011,"Bauxite, Aluminious Laterite",300,Riverine Permanent,Plateau,Break Away,Clay Loam,red,
LCI,LCI 009,MP_July 2011,Carson Volcanics,1100,Riverine Permanent,Low Hills (30-90M),Footslope,Loam,dark  brown,
LCI,LCI 010,MP_July 2011,Carson Volcanics,0,Riverine Permanent,Alluvial Plain,Plain,Medium Clay,dark  brown,
LCI,LCI 011,MP_August 2011,King Leopold Sandstone,200,Riverine Permanent,Plain,Terrace Flat,Loamy Sand,red brown grey,
LCI,LCI 012,MP_August 2011,King Leopold Sandstone,200,Riverine Permanent,Plateau,Levee,Loamy Sand,dark grey brown,
LCI,LCI 013,MP_August 2011,Carson Volcanics,700,Riverine Seasonal,Rises (9-30M),Riseslope,Light Clay,orange brown,lots of gravel and rock
LCI,LCI 014,MP_August 2011,"Bauxite, Aluminious Laterite",500,Riverine Seasonal,Plateau,Summit Surface,Loam,red orange brown,
LCI,LCI 015 R,MP_August 2011,"Bauxite, Aluminious Laterite",700,Riverine Seasonal,Plateau,Break Away,Loam,dark  brown,
LCI,LCI 015 W,MP_August 2011,"Bauxite, Aluminious Laterite",700,Riverine Seasonal,Plateau,Break Away,Loam,dark  brown,
LCI,LCI 016,MP_August 2011,Carson Volcanics,0,Riverine Permanent,Alluvial Plain,Valley Flat,Sandy Clay Loam,dark red brown,
LCI,LCI 017,MP_August 2011,King Leopold Sandstone,100,Riverine Permanent,Rises (9-30M),Residual Rise,Clayey Sand,pale brown grey,
LCI,LCI 018,MP_August 2011,King Leopold Sandstone,50,Riverine Permanent,Escarpment,Scree,Loamy Sand,pale yellow grey,
LCI,LCI 019,MP_August 2011,"Bauxite, Aluminious Laterite",800,Riverine Permanent,Plateau,Hillcrest,Loam,dark red brown,
LCI,LCI 020,MP_August 2011,King Leopold Sandstone,500,Riverine Permanent,Low Hills (30-90M),Hillslope,Sandy Loam,dark brown grey,
LCI,LCI 021,MP_August 2011,King Leopold Sandstone,50,Riverine Permanent,Low Hills (30-90M),Hillslope,Loamy Sand,pale yellow grey,
LCI,LCI 022,MP_August 2011,Carson Volcanics,700,Riverine Permanent,Rises (9-30M),Riseslope,Clay Loam,pale brown grey,
LCI,LCI 023 R,MP_August 2011,"Bauxite, Aluminious Laterite",1300,Riverine Permanent,Plateau,Break Away,Loam,dark red brown,
LCI,LCI 023 W,MP_August 2011,"Bauxite, Aluminious Laterite",1300,Riverine Permanent,Plateau,Break Away,Loam,dark red brown,
LCI,LCI 024,MP_August 2011,Carson Volcanics,0,Riverine Permanent,Alluvial Plain,Plain,Light Clay,red brown,
LCI,LCI 025,MP_August 2011,"Bauxite, Aluminious Laterite",1300,Riverine Seasonal,Plateau,Plain,Sandy Loam,pale yellow grey,
LCI,LCI 026,MP_August 2011,"Bauxite, Aluminious Laterite",800,Riverine Seasonal,Plateau,Riseslope,Loam,yellow brown,very gravelly
LCI,LCI 027,MP_August 2011,Carson Volcanics,150,Riverine Permanent,Alluvial Plain,Plain,Medium Clay,brown grey,
LCI,LCI 028,MP_August 2011,Carson Volcanics,0,Riverine Permanent,Alluvial Plain,Plain,Medium Clay,dark brown,
LCI,LCI 029,MP_August 2011,Colluvium And Alluvium - Partly Consolidated,0,Riverine Permanent,Alluvial Plain,Plain,Sandy Clay Loam,grey yellow brown,
LCI,LCI 031,MP_August 2011,Carson Volcanics,0,Riverine Permanent,Plateau,Riseslope,Loam,orange brown,lots of gravel
LCI,LCI 032,MP_August 2011,Carson Volcanics,500,Riverine Seasonal,Rises (9-30M),Riseslope,Sandy Clay Loam,pale orange brown,
LCI,LCI 033,MP_August 2011,"Bauxite, Aluminious Laterite",1000,Riverine Seasonal,Plateau,Plain,Sandy Loam,pale yellow grey,
LCI,LCI 034,MP_August 2011,King Leopold Sandstone,700,Riverine Seasonal,Rises (9-30M),Riseslope,Sandy Loam,pale orange brown,
LCI,LCI 035,MP_August 2011,King Leopold Sandstone,400,Riverine Permanent,Rises (9-30M),Scree,Loamy Sand,dark red brown,
LCI,LCI 038,MP_September 2011,"Bauxite, Aluminious Laterite",0,Wetland,Plain,Swamp,Clay Loam,dark grey brown,
LCI,LCI 039 R,MP_July 2012,"Bauxite, Aluminious Laterite",50,Riverine Seasonal,Plateau,Break Away,Loam,dark red brown,
LCI,LCI 039 W,MP_July 2012,"Bauxite, Aluminious Laterite",50,Riverine Seasonal,Plateau,Break Away,Loam,dark red brown,
LCI,LCI 041,MP_July 2012,"Bauxite, Aluminious Laterite",,,Plateau,Summit Surface,Loam,dark red orange,
LCI,LCI 043,MP_July 2012,"Bauxite, Aluminious Laterite",,,Plateau,Summit Surface,Loam,dark red orange,
LCI,LCI 044,MP_July 2012,"Bauxite, Aluminious Laterite",,,Plateau,Summit Surface,Loam,dark red,
LCI,LCI 046,MP_July 2012,Carson Volcanics,150,Riverine Seasonal,Rises (9-30M),Riseslope,Silty Loam,grey brown,
LCI,LCI 047 R,MP_September 2013,"Bauxite, Aluminious Laterite",500,Riverine Permanent,Plateau,Break Away,Loam,pink orange brown,
LCI,LCI 047 W,MP_September 2013,"Bauxite, Aluminious Laterite",500,Riverine Permanent,Plateau,Break Away,Loam,pink orange brown,
LCI,LCI 050,MP_August 2013,King Leopold Sandstone,50,Riverine Seasonal,Gorge,Scree,Sandy Loam,pale grey brown,
LCI,LCI 051,MP_July 2012,King Leopold Sandstone,100,Riverine Seasonal,Rises (9-30M),Riseslope,Sandy Loam,pale orange brown,
LCI,LCI 052,MP_July 2012,"Bauxite, Aluminious Laterite",700,Riverine Seasonal,Plateau,Plain,Sandy Loam,red brown,
LCI,LCI 053,MP_July 2012,Carson Volcanics,,,Rises (9-30M),Footslope,Silty Loam,grey brown,
LCI,LCI 054,MP_July 2012,King Leopold Sandstone,,,Low Hills (30-90M),Hillslope,Sandy Loam,orange grey,
LCI,LCI 055,MP_July 2012,King Leopold Sandstone,,,Low Hills (30-90M),Footslope,Clayey Sand,orange brown,
LCI,LCI 056,MP_July 2012,Carson Volcanics,0,Riverine Permanent,Alluvial Plain,Plain,Clay,dark brown,
LCI,LCI 201,KLRCR_2011,King Leopold Sandstone -,10,Riverine Permanent,Low Hills (30-90M),Valley Flat,Loamy Sand,grey brown,
LCI,LCI 202,KLRCR_2011,King Leopold Sandstone / Colluvium And Alluvium,1400,Riverine Permanent,Low Hills (30-90M),Footslope,Loamy Sand,yellow brown grey,
LCI,LCI 203,KLRCR_2011,King Leopold Sandstone -,50,Riverine Seasonal,Low Hills (30-90M),Hillslope,Clayey Sand,brown,
LCI,LCI 204,KLRCR_2011,Colluvium And Alluvium - Partly Consolidated,20,Riverine Permanent,Alluvial Plain,Plain,Light Medium Clay,dark brown,
LCI,LCI 205,KLRCR_2011,Hart Dolerite - Dark Grey Dolerite / Colluvium And Alluvium,1300,Riverine Seasonal,Low Hills (30-90M),Riseslope,Clayey Sand,orange grey,
LCI,LCI 206,KLRCR_2011,Hart Dolerite - Dark Grey Dolerite,600,Riverine Seasonal,Hills (90-300M),Hillslope,Clay Loam,dark orange grey,
LCI,LCI 207,KLRCR_2011,Hart Dolerite - Dark Grey Dolerite / Colluvium And Alluvium,100,Riverine Seasonal,Low Hills (30-90M),Riseslope,Light Clay,red brown,
LCI,LCI 208,KLRCR_2011,"Undifferentiated Quartz Sandstone, Feldspathic Sandstone",0,Riverine Seasonal,Low Hills (30-90M),Valley Flat,Sandy Loam,dark red brown,
LCI,LCI 209,KLRCR_2011,Hart Dolerite - Dark Grey Dolerite / Colluvium And Alluvium,0,Riverine Permanent,Alluvial Plain,Valley Flat,Clayey Sand,orange grey,
LCI,LCI 210,KLRCR_2011,Hart Dolerite - Dark Grey Dolerite,200,Riverine Permanent,Low Hills (30-90M),Hillslope,Loam,dark brown,
LCI,LCI 211,KLRCR_2011,"Undifferentiated Quartz Sandstone, Feldspathic Sandstone",400,Riverine Permanent,Low Hills (30-90M),Riseslope,Clayey Sand,pink grey,
LCI,LCI 212,KLRCR_2011,"Undifferentiated Quartz Sandstone, Feldspathic Sandstone",400,Riverine Permanent,Low Hills (30-90M),Hillslope,Clayey Sand,pink grey,
LCI,LCI 213,KLRCR_2012,Colluvium And Alluvium - Partly Consolidated,0,Riverine Permanent,Alluvial Plain,Plain,Light Clay,,
LCI,LCI 214,KLRCR_2012,King Leopold Sandstone -,1500,Riverine Permanent,Low Hills (30-90M),Hillslope,Sandy Loam,,
LCI,LCI 301,PRNP_2012,King Leopold Sandstone,0,Riverine Seasonal,Hills (90-300M),Valley Flat,Clayey Sand,grey,
LCI,LCI 302,PRNP_2012,King Leopold Sandstone,150,Riverine Seasonal,Hills (90-300M),Hillslope (Hsl),Sandy Loam,orange grey,
LCI,LCI 303,PRNP_2012,King Leopold Sandstone,100,Riverine Seasonal,Escarpment,Summit Surface,Loamy Sand,grey,
LCI,LCI 304,PRNP_2012,King Leopold Sandstone,150,Riverine Seasonal,Hills (90-300M),Hillslope (Hsl),Sandy Loam,grey,
LCI,LCI 305 R,PRNP_2012,King Leopold Sandstone,150,Riverine Seasonal,Hills (90-300M),Hillslope (Hsl),Sandy Loam,brown grey,
LCI,LCI 305 W,PRNP_2012,King Leopold Sandstone,150,Riverine Seasonal,Hills (90-300M),Hillslope (Hsl),Sandy Loam,brown grey,
LCI,LCI 306,PRNP_2012,King Leopold Sandstone,200,Riverine Seasonal,Hills (90-300M),Scarp,Loamy Sand,yellow grey,
LCI,LCI 307,PRNP_2012,King Leopold Sandstone,80,Riverine Seasonal,Hills (90-300M),Hillslope (Hsl),Loamy Sand,grey,
LCI,LCI 308,PRNP_2012,King Leopold Sandstone,0,Riverine Seasonal,Hills (90-300M),Valley Flat,Sandy Loam,grey,
LCI,LCI 311,PRNP_2012,Carson Volcanics,250,"Lake, Pool Seasonal",Hills (90-300M),Hillslope (Hsl),Loam,red brown,
LCI,LCI 313 R,PRNP_2012,Carson Volcanics,150,"Lake, Pool Seasonal",Hills (90-300M),Hillslope (Hsl),Loam,brown,
LCI,LCI 313 W,PRNP_2012,Carson Volcanics,150,"Lake, Pool Seasonal",Hills (90-300M),Hillslope (Hsl),Loam,brown,
LCI,LCI 314 R,PRNP_2012,Carson Volcanics,350,"Lake, Pool Seasonal",Hills (90-300M),Hillslope (Hsl),Loam,red brown,
LCI,LCI 314 W,PRNP_2012,Carson Volcanics,350,"Lake, Pool Seasonal",Hills (90-300M),Hillslope (Hsl),Loam,red brown,
LCI,LCI 315,PRNP_2012,Carson Volcanics,,"Lake, Pool Seasonal",Hills (90-300M),Footslope,Loam,red brown,
LCI,LCI 316,PRNP_2012,Carson Volcanics,100,"Lake, Pool Seasonal",Hills (90-300M),Hillslope (Hsl),Loam,red brown,
LCI,LCI 317 R,PRNP_2012,Carson Volcanics,50,"Lake, Pool Seasonal",Hills (90-300M),Hillslope (Hsl),Loam,brown,
LCI,LCI 317 W,PRNP_2012,Carson Volcanics,50,"Lake, Pool Seasonal",Hills (90-300M),Hillslope (Hsl),Loam,brown,
LCI,LCI 318,PRNP_2012,Carson Volcanics,300,"Lake, Pool Seasonal",Hills (90-300M),Hillslope (Hsl),Loam,red grey brown,
LCI,LCI 319,PRNP_2012,Carson Volcanics,600,"Lake, Pool Seasonal",Hills (90-300M),Hillslope (Hsl),Loam,red brown,
LCI,LCI 401,Mt Elizabeth_2013,Sandstone,300,Riverine Seasonal,Hills,Summit Surface,Sandy Loam,pale pink,Callitris patch on apparently deep sand
LCI,LCI 403,Mt Elizabeth_2013,Carson Volcanics,500,Riverine Seasonal,Alluvial Plain,Valley Flat,Sand,dark red,Callitris in E. tectifica woodland on loam - quite different from sand of LCI 401
LCI,LCI 405,Mt Elizabeth_2013,Carson Volcanics,500,Riverine Seasonal,Plain,Plain,Sandy Loam,dark red,Callitris stand in Eucalyptus tectifica woodland matrix
LCI,LCI 406,Mt Elizabeth_2013,Sandstone,3000,Riverine Seasonal,Plain,Plain,Sandy Loam,pale yellow,Eucalyptus /E. terodonta woodland with Grevillea pteridifolia understorey suggesting seepage
LCI,LCI 410,Mt Elizabeth_2013,Sandstone,,Riverine Seasonal,Plain,Plain,Loamy Sand,pale yellow,Eucalyptus miniata with E. tetrodonta and Corymbia nesophylla in places. Just like Mitchell Plateau woodland/forest. Looks old growth form due to low impact fire regime. May be good area to look for arboreal tree hollow using species
LCI,LCI 411,Mt Elizabeth_2013,Carson Volcanics,,Riverine Seasonal,Plain,Plain,Loamy Sand,dark red,Typical ironbark woodland
LCI,LCI 412,Mt Elizabeth_2013,Carson Volcanics,,Riverine Seasonal,Plain,Plain,Light Medium Clay,dark red,Confluence between Eucalyptus tectifica and E. jensenii (ironbark) woodland. Site reasonably heavily grazed with low grass layer (<0.3 m).
LCI,LCI 413,Mt Elizabeth_2013,Sandstone,50,Riverine Seasonal,Plain,Plain,Loam,dark grey,"Rocky, bouldery sandstone adjacent to permanent poll on river. Perfect habitat for quolls, rock rats, etc."
LCI,LCI 501,Bachsten_2013,Sandstone,100,Riverine Permanent,Low Hills,Footslope,Loamy Sand,pale orange grey,"Footslope under low rocky ""escarpment"". Eucalyptus miniata woodland below, with Sorghum and perennial grass understroey and reasonable shrub layer, with open Triodia hummock grass immediately above escarpment. Pandanus spirilis might indicate seapage. Extensive savanna open woodland on plateau past hummock grassland"
LCI,LCI 502,Bachsten_2013,Sandstone,100,Riverine Permanent,Low Hills,Footslope,Clayey Sand,pale orange grey,slope from E. miniata and Melaleuca flat up into rocky hillside. Recently burnt
LCI,LCI 504,Bachsten_2013,Sandstone,150,Riverine Permanent,Low Hills,Hillslope,Clayey Sand,pale yellow grey,slope from E. tetrodonta woodland at base of slope up into rocky scree with shrubs. This site adjacent to riparian rver flat site LCI 512
LCI,LCI 505,Bachsten_2013,Sandstone,200,Riverine Permanent,Low Hills,Riseslope,Loamy Sand,pale orange brown,Open woodland at the base and on the side of low rocky hills
LCI,LCI 506,Bachsten_2013,Sandstone,100,Seasonal Marsh,Low Hills,Riseslope,Loamy Sand,pale brown grey,Valley flat and a series of low rocky terraces with varying degrees of woodland
LCI,LCI 507,Bachsten_2013,Sandstone,250,Seasonal Marsh,Low Hills,Footslope,Clayey Sand,pale orange grey,Typical scree sandstone with minimal eucalypt canopy
LCI,LCI 511,Bachsten_2013,Sandstone,50,Seasonal Marsh,Low Hills,Hillslope,Clayey Sand,dark grey,"Very tall riparian grass under sparse tree canopy, seasonally flooded, no obvious creekline"
LCI,LCI 512,Bachsten_2013,Sandstone,75,Riverine Permanent,Floodplain,Valley Flat,Loamy Sand,dark grey,Tall grass with sparse but high basal area canopy of large eucalypts and Melaleuca by permanent pools of creek
LCI,LCI 601,DRNP_2013,Carson Volcanics,80,Riverine Seasonal,Plain,Valley Flat,Loam,pale orange grey,"creek flat, large area adjoining Carson River alluvial p[lain. Open, flat veg, very sparse tree cover. Shrubs almost non-existant."
LCI,LCI 602,DRNP_2013,Carson Volcanics,60,Riverine Seasonal,Alluvial Plain,Valley Flat,Sandy Loam,pale orange brown,"Riparian Flat on volcanic landscape. Sandy soil surface due to Carson escarpment runnoff/erosion, but vegetation is typical CarsonVolcanics."
LCI,LCI 603,DRNP_2013,Carson Volcanics,130,Riverine Seasonal,Alluvial Plain,Valley Flat,Loamy Sand,pale yellow grey,carson volcanic landscape with thin layer of sandy soil on surface allowing spinifex and Sorghum to dominate grass layer
LCI,LCI 604,DRNP_2013,Warton Sandstone,350,Riverine Seasonal,Rises,Footslope,Sandy Loam,dark grey,"Sandstone hillside, base of scree slope under Carson Escarpment. Rock boulders but not as at Mitchell. Grass layer made up of Sorghum instead of Triodia"
LCI,LCI 605,DRNP_2013,Sand Substrate Over Carson Volcanics,50,Riverine Seasonal,Rises,Hillslope,Loamy Sand,grey,sandy floodout adjoining sandstone woodland dominated by Eucalyptus miniata
LCI,LCI 606,DRNP_2013,Carson Volcanics,550,Riverine Seasonal,Alluvial Plain,Terrace Flat,Clayey Sand,pale orange grey,"volcanic vegetation but with some sandy topsoil, spinifex, Callitris and sandstone rocks from escarpmenmt. Dom. Overstorey veg is CV"
LCI,LCI 607,DRNP_2013,Warton Sandstone,250,Riverine Seasonal,Rises,Riseslope,Sandy Loam,dark grey,"sandy soil overlying Carson Volcanics. Boulders but not like the Mitchell. Some crevices, but not huge numbers. Vegetation more akin to volcanics, with annual Sorghum being the onlyspecies more related to sandy soils. Steep slope abour 30 degrees"
LCI,LCI 608 R,DRNP_2013,Warton Sandstone,50,Riverine Seasonal,Escarpment,Hillslope,Clayey Sand,dark grey,"vine thicket and rainforest on scree slope adjacent to Orchid Creek in Glider Gorge. Sandstone substrate, large boulders. Protected from fire by rockiness of gorge"
LCI,LCI 608 W,DRNP_2013,Warton Sandstone,50,Riverine Seasonal,Escarpment,Hillslope,Clayey Sand,dark grey,"vine thicket and rainforest on scree slope adjacent to Orchid Creek in Glider Gorge. Sandstone substrate, large boulders. Protected from fire by rockiness of gorge"
LCI,LCI 611,DRNP_2015,Warton Sandstone,300,Pool Permanent,Plateau,Scarp/Gully,Sand,grey,
LCI,LCI 612,DRNP_2015,Warton Sandstone,250,Pool Permanent,Plateau,Footslope,Sand,grey,
LCI,LCI 614,DRNP_2015,Warton Sandstone,80,Pool Permanent,Plateau,Scarp,Sand,red,
LCI,LCI 615,DRNP_2015,Warton Sandstone,30,Pool Permanent,Escarpment,Levee/Hillslope,Sand,pale yellow grey,
LCI,LCI 616,DRNP_2015,Warton Sandstone,200,Pool Permanent,Escarpment,Hillslope,Sand,"light yellow, dark grey, dark brown",
LCI,LCI 617,DRNP_2015,Warton Sandstone,400,Pool Permanent,Plateau,Levee,Sand,red,
