Project,Site,Visit,Stratum,Growth Form,% Cover (Crown Cover),Average Height (m),Maximum Height (m)
LCI,LCI 001,MP_July 2011,Upper,tree,20,12,14
LCI,LCI 001,MP_July 2011,Mid 1,shrub,5,0.4,3
LCI,LCI 001,MP_July 2011,Ground,hummock,5,0.2,0.2
LCI,LCI 001,MP_July 2012,Upper,tree,24,9,11
LCI,LCI 001,MP_July 2012,Mid 1,shrub,5,2,3
LCI,LCI 001,MP_July 2012,Ground,hummock / annual,2,0.2,0.4
LCI,LCI 001,MP_July 2013,Upper,tree,27,12,11
LCI,LCI 001,MP_July 2013,Mid 1,shrub,14,1.5,3
LCI,LCI 001,MP_July 2013,Ground,hummock / annual,60,0.5,0.7
LCI,LCI 001,MP_July 2014,Upper,tree,20,12,14
LCI,LCI 001,MP_July 2014,Mid 1,shrub,8,4,6
LCI,LCI 001,MP_July 2014,Ground,hummock / annual,56,0.5,1
LCI,LCI 002,MP_July 2011,Upper,tree,7,6,8
LCI,LCI 002,MP_July 2011,Mid 1,shrub,5,2,4
LCI,LCI 002,MP_July 2011,Mid 2,subshrub,0,1,3
LCI,LCI 002,MP_July 2011,Ground,hummock / herb,7,0.7,1
LCI,LCI 002,MP_July 2013,Upper,tree,8,6,8
LCI,LCI 002,MP_July 2013,Mid 1,shrub,3,2,4
LCI,LCI 002,MP_July 2013,Mid 2,subshrub,1,1,2
LCI,LCI 002,MP_July 2013,Ground,hummock,15,0.6,1
LCI,LCI 002,MP_July 2014,Upper,tree,11,8,10
LCI,LCI 002,MP_July 2014,Mid 1,shrub,5,1.5,3
LCI,LCI 002,MP_July 2014,Mid 2,subshrub,3,1,1
LCI,LCI 002,MP_July 2014,Ground,hummock,10,1,1.5
LCI,LCI 003,MP_July 2011,Upper,tree,18,10,18
LCI,LCI 003,MP_July 2011,Mid 1,shrub,7,2,4
LCI,LCI 003,MP_July 2011,Mid 2,shrub,2,0.5,0.5
LCI,LCI 003,MP_July 2011,Ground,tussock,80,1.5,2
LCI,LCI 003,MP_July 2012,Upper,tree,18,11,12
LCI,LCI 003,MP_July 2012,Mid 1,shrub,9,2,7
LCI,LCI 003,MP_July 2012,Mid 2,shrub,2,1,2
LCI,LCI 003,MP_July 2012,Ground,tussock,89,1,1.2
LCI,LCI 003,MP_July 2013,Upper,tree,24,10,12
LCI,LCI 003,MP_July 2013,Mid 1,shrub,7,3,4
LCI,LCI 003,MP_July 2013,Mid 2,shrub,0,0,0
LCI,LCI 003,MP_July 2013,Ground,tussock,15.4,0.3,0.5
LCI,LCI 003,MP_July 2014,Upper,tree,16,10,15
LCI,LCI 003,MP_July 2014,Mid 1,shrub,7,5,8
LCI,LCI 003,MP_July 2014,Mid 2,shrub,1,1,2
LCI,LCI 003,MP_July 2014,Ground,tussock,48,1,1.5
LCI,LCI 004,MP_July 2011,Upper,tree,19,14,16
LCI,LCI 004,MP_July 2011,Mid 1,palm / juv tree,2,1.5,3
LCI,LCI 004,MP_July 2011,Ground,tussock,84,0.9,1.5
LCI,LCI 004,MP_July 2012,Upper,tree,18,12,13
LCI,LCI 004,MP_July 2012,Mid 1,palm / juv tree,3,1.5,4
LCI,LCI 004,MP_July 2012,Ground,tussock / herb,18,0.1,0.2
LCI,LCI 004,MP_August 2013,Upper,tree,19,12,16
LCI,LCI 004,MP_August 2013,Mid 1,palm / juv tree,2,1,1.4
LCI,LCI 004,MP_August 2013,Ground,tussock / herb,74,1,1.5
LCI,LCI 004,MP_July 2014,Upper,tree,19,16,18
LCI,LCI 004,MP_July 2014,Mid 1,palm / juv tree,4,1.5,4
LCI,LCI 004,MP_July 2014,Ground,tussock / herb,57,1,1
LCI,LCI 005,MP_July 2011,Upper,tree / palm,40,16,18
LCI,LCI 005,MP_July 2011,Mid 1,palm / juv tree,6,1.2,2.5
LCI,LCI 005,MP_July 2011,Mid 2,juv palm / juv tree,5,0.8,1
LCI,LCI 005,MP_July 2011,Ground,tussock / herb,7,0.1,0.2
LCI,LCI 005,MP_August 2013,Upper,tree / palm,41,15,18
LCI,LCI 005,MP_August 2013,Mid 1,juv palm / juv tree,7,2.5,3
LCI,LCI 005,MP_August 2013,Mid 2,juv palm / juv tree,11,0.8,1
LCI,LCI 005,MP_August 2013,Ground,tussock / herb,34,0.4,0.6
LCI,LCI 007,MP_July 2011,Upper,tree,29,18,22
LCI,LCI 007,MP_July 2011,Mid 1,palm / juv tree,11,8,10
LCI,LCI 007,MP_July 2011,Mid 2,shrub / juv tree,9,1,1
LCI,LCI 007,MP_July 2011,Ground,tussock / annual,40,0.7,1
LCI,LCI 007,MP_July 2012,Upper,tree,27,12,18
LCI,LCI 007,MP_July 2012,Mid 1,palm / juv tree,6,8,8
LCI,LCI 007,MP_July 2012,Mid 2,shrub / juv tree,0,0,0
LCI,LCI 007,MP_July 2012,Ground,tussock,1,0.1,0.1
LCI,LCI 007,MP_August 2013,Upper,tree,29,16,20
LCI,LCI 007,MP_August 2013,Mid 1,palm / juv tree,11,8,10
LCI,LCI 007,MP_August 2013,Mid 2,shrub / juv tree,9,1,1.5
LCI,LCI 007,MP_August 2013,Ground,tussock / annual,38,0.7,1
LCI,LCI 007,MP_July 2014,Upper,tree,32,16,18
LCI,LCI 007,MP_July 2014,Mid 1,palm / juv tree,6,6,10
LCI,LCI 007,MP_July 2014,Mid 2,shrub / juv tree,4,1,1
LCI,LCI 007,MP_July 2014,Ground,tussock / annual,3,0.2,1
LCI,LCI 008 R,MP_July 2011,Upper,rainforest tree,75,12,14
LCI,LCI 008 R,MP_July 2011,Mid 1,rainforest shrub,50,2,3
LCI,LCI 008 R,MP_July 2011,Mid 2,rainforest subshrub,10,0.5,0.6
LCI,LCI 008 R,MP_July 2012,Upper,rainforest tree,70,12,14
LCI,LCI 008 R,MP_July 2012,Mid 1,rainforest shrub,50,2,3
LCI,LCI 008 R,MP_July 2012,Mid 2,rainforest subshrub,13,0.5,0.6
LCI,LCI 008 R,MP_August 2013,Upper,rainforest tree,70,12,14
LCI,LCI 008 R,MP_August 2013,Mid 1,rainforest shrub,50,2,3
LCI,LCI 008 R,MP_August 2013,Mid 2,rainforest subshrub,11,0.5,0.6
LCI,LCI 008 R,MP_July 2014,Upper,rainforest tree,65,15,16
LCI,LCI 008 R,MP_July 2014,Mid 1,rainforest shrub,55,6,8
LCI,LCI 008 R,MP_July 2014,Mid 2,rainforest subshrub,7,0.5,0.8
LCI,LCI 008 W,MP_July 2011,Upper,tree,16,8,10
LCI,LCI 008 W,MP_July 2011,Mid 1,shrub,6,1.5,2
LCI,LCI 008 W,MP_July 2011,Ground,tussock,61,0.5,0.5
LCI,LCI 008 W,MP_July 2012,Upper,tree,21,8,10
LCI,LCI 008 W,MP_July 2012,Mid 1,shrub,6,1.5,2
LCI,LCI 008 W,MP_July 2012,Ground,tussock,72,0.5,0.5
LCI,LCI 008 W,MP_August 2013,Upper,tree,19,8,10
LCI,LCI 008 W,MP_August 2013,Mid 1,shrub,1,1.5,2
LCI,LCI 008 W,MP_August 2013,Ground,tussock / annual,6,0.5,0.5
LCI,LCI 008 W,MP_July 2014,Upper,tree,18,15,18
LCI,LCI 008 W,MP_July 2014,Mid 1,shrub,10,7,8
LCI,LCI 008 W,MP_July 2014,Ground,tussock / annual,33,1,1.5
LCI,LCI 009,MP_July 2011,Upper,tree,17,8,10
LCI,LCI 009,MP_July 2011,Mid 1,shrub / low tree,6,4,5
LCI,LCI 009,MP_July 2011,Mid 2,juv tree,6,1,1.4
LCI,LCI 009,MP_July 2011,Ground,tussock,96,0.6,0.8
LCI,LCI 009,MP_May 2012,Upper,tree,16,7,8
LCI,LCI 009,MP_May 2012,Mid 1,shrub / low tree,1,5,6
LCI,LCI 009,MP_May 2012,Mid 2,juv tree,8,1,4
LCI,LCI 009,MP_May 2012,Ground,tussock / herb,5,0.2,0.3
LCI,LCI 009,MP_August 2013,Upper,tree,17,8,10
LCI,LCI 009,MP_August 2013,Mid 1,shrub / low tree,8,2.5,3
LCI,LCI 009,MP_August 2013,Mid 2,juv tree,6,1,1.5
LCI,LCI 009,MP_August 2013,Ground,tussock,46,0.8,1
LCI,LCI 009,MP_July 2014,Upper,tree,17,10,14
LCI,LCI 009,MP_July 2014,Mid 1,shrub / low tree,15,5,7
LCI,LCI 009,MP_July 2014,Mid 2,juv tree,11,1,2
LCI,LCI 009,MP_July 2014,Ground,tussock / herb,58,0.5,1
LCI,LCI 010,MP_July 2011,Upper,tree,17,14,16
LCI,LCI 010,MP_July 2011,Mid 1,shrub / palm,13,4,5
LCI,LCI 010,MP_July 2011,Ground,tussock,85,1,1.5
LCI,LCI 010,MP_May 2012,Upper,tree,17,14,16
LCI,LCI 010,MP_May 2012,Mid 1,shrub / palm,15,5,6
LCI,LCI 010,MP_May 2012,Ground,tussock,8,0.2,0.3
LCI,LCI 010,MP_August 2013,Upper,tree,16,14,16
LCI,LCI 010,MP_August 2013,Mid 1,shrub / palm,16,4,5
LCI,LCI 010,MP_August 2013,Ground,tussock / herb,81,1,1.5
LCI,LCI 010,MP_July 2014,Upper,tree,18,14,16
LCI,LCI 010,MP_July 2014,Mid 1,shrub / palm,24,5,6
LCI,LCI 010,MP_July 2014,Ground,tussock,67,1,1.5
LCI,LCI 011,MP_August 2011,Upper,tree,16,8,10
LCI,LCI 011,MP_August 2011,Mid 1,shrub,2,1.5,3
LCI,LCI 011,MP_August 2011,Ground,tussock / hummock / herb,65,0.5,1
LCI,LCI 011,MP_May 2012,Upper,tree,18,10,10
LCI,LCI 011,MP_May 2012,Mid 1,shrub,2,4,6
LCI,LCI 011,MP_May 2012,Mid 2,shrub,1,1,1.5
LCI,LCI 011,MP_May 2012,Ground,annual / tussock / hummock / herb,25,0.8,1.5
LCI,LCI 011,MP_August 2013,Upper,tree,15,10,12
LCI,LCI 011,MP_August 2013,Mid 1,shrub,8,4,6
LCI,LCI 011,MP_August 2013,Mid 2,shrub,4,1,1.5
LCI,LCI 011,MP_August 2013,Ground,annual / tussock / hummock,25,0.5,1
LCI,LCI 011,MP_July 2014,Upper,tree,13,13,14
LCI,LCI 011,MP_July 2014,Mid 1,shrub / juv tree,11,6,8
LCI,LCI 011,MP_July 2014,Mid 2,shrub / juv tree,1,0.5,1
LCI,LCI 011,MP_July 2014,Ground,tussock / hummock / herb,31,0.5,1
LCI,LCI 012,MP_August 2011,Upper,tree,15,8,10
LCI,LCI 012,MP_August 2011,Mid 1,shrub,6,3,4
LCI,LCI 012,MP_August 2011,Ground,hummock,9,0.8,1
LCI,LCI 012,MP_May 2012,Upper,tree,13,8,10
LCI,LCI 012,MP_May 2012,Mid 1,shrub,11,3,4
LCI,LCI 012,MP_May 2012,Ground,hummock / annual / herb,13,0.4,0.7
LCI,LCI 012,MP_August 2013,Upper,tree,14,8,10
LCI,LCI 012,MP_August 2013,Mid 1,shrub,10,3,4
LCI,LCI 012,MP_August 2013,Ground,hummock / herb,29,0.4,0.7
LCI,LCI 012,MP_July 2014,Upper,tree,14,8,10
LCI,LCI 012,MP_July 2014,Mid 1,shrub,14,3,5
LCI,LCI 012,MP_July 2014,Ground,hummock,25,0.7,1
LCI,LCI 013,MP_August 2011,Upper,tree,45,14,16
LCI,LCI 013,MP_August 2011,Mid 1,juv tree,5,2,3
LCI,LCI 013,MP_August 2011,Mid 2,juv tree,6,1,1.5
LCI,LCI 013,MP_August 2011,Ground,tussock,10,0.1,0.1
LCI,LCI 013,MP_May 2012,Upper,tree,42,12,14
LCI,LCI 013,MP_May 2012,Mid 1,juv tree,6,1,4
LCI,LCI 013,MP_May 2012,Mid 2,juv tree,4,1,1.5
LCI,LCI 013,MP_May 2012,Ground,tussock / herb,51,0.8,0.8
LCI,LCI 013,MP_August 2013,Upper,tree,47,14,18
LCI,LCI 013,MP_August 2013,Mid 1,juv tree,6,3,4
LCI,LCI 013,MP_August 2013,Mid 2,juv tree,12,1,1.5
LCI,LCI 013,MP_August 2013,Ground,tussock / herb,59,0.8,1
LCI,LCI 014,MP_August 2011,Upper,tree,38,16,18
LCI,LCI 014,MP_August 2011,Mid 1,shrub / palm,2,2,3
LCI,LCI 014,MP_August 2011,Mid 2,juv tree,3,1,1.3
LCI,LCI 014,MP_August 2011,Ground,tussock,9,0.5,0.8
LCI,LCI 014,MP_May 2012,Upper,tree,37,12,13
LCI,LCI 014,MP_May 2012,Mid 1,shrub / palm,3,2.5,7
LCI,LCI 014,MP_May 2012,Mid 2,juv tree,5,1,1.3
LCI,LCI 014,MP_May 2012,Ground,tussock / herb,29,0.6,0.8
LCI,LCI 014,MP_August 2013,Upper,tree,40,14,18
LCI,LCI 014,MP_August 2013,Mid 1,shrub / palm,4,2,3
LCI,LCI 014,MP_August 2013,Mid 2,juv tree,9,1,1.3
LCI,LCI 014,MP_August 2013,Ground,tussock / herb,16,0.4,0.6
LCI,LCI 014,MP_July 2014,Upper,tree,37,16,18
LCI,LCI 014,MP_July 2014,Mid 1,shrub / palm,4,6,10
LCI,LCI 014,MP_July 2014,Mid 2,juv tree,5,0.5,1
LCI,LCI 014,MP_July 2014,Ground,tussock / herb,2,0.2,0.5
LCI,LCI 015 R,MP_August 2011,Upper,rainforest tree,45,10,14
LCI,LCI 015 R,MP_August 2011,Mid 1,rainforest shrub,80,3,4
LCI,LCI 015 R,MP_August 2011,Mid 2,rainforest subshrub,13,0.5,0.7
LCI,LCI 015 R,MP_July 2012,Upper,rainforest tree,46,10,14
LCI,LCI 015 R,MP_July 2012,Mid 1,rainforest shrub,85,3,4
LCI,LCI 015 R,MP_July 2012,Mid 2,rainforest subshrub,30,0.5,0.7
LCI,LCI 015 R,MP_August 2013,Upper,rainforest tree,45,10,14
LCI,LCI 015 R,MP_August 2013,Mid 1,rainforest shrub,85,3,4
LCI,LCI 015 R,MP_August 2013,Mid 2,rainforest subshrub,32,0.5,0.7
LCI,LCI 015 R,MP_July 2014,Upper,rainforest tree,41,10,12
LCI,LCI 015 R,MP_July 2014,Mid 1,rainforest shrub,80,7,8
LCI,LCI 015 R,MP_July 2014,Mid 2,rainforest subshrub,40,1,1
LCI,LCI 015 W,MP_August 2011,Upper,tree,34,18,20
LCI,LCI 015 W,MP_August 2011,Mid 1,shrub,4,1,1.5
LCI,LCI 015 W,MP_August 2011,Ground,tussock,84,1,1.2
LCI,LCI 015 W,MP_July 2012,Upper,tree,34,18,20
LCI,LCI 015 W,MP_July 2012,Mid 1,shrub,0,1,1.5
LCI,LCI 015 W,MP_July 2012,Ground,tussock,2,0.1,0.1
LCI,LCI 015 W,MP_August 2013,Upper,tree,31,18,20
LCI,LCI 015 W,MP_August 2013,Mid 1,shrub,1,1,1.5
LCI,LCI 015 W,MP_August 2013,Ground,tussock / herb,78,1,1.2
LCI,LCI 015 W,MP_July 2014,Upper,tree,30,14,14
LCI,LCI 015 W,MP_July 2014,Mid 1,juv tree,2,2,2
LCI,LCI 015 W,MP_July 2014,Ground,tussock / herb,63,1,1
LCI,LCI 016,MP_September 2011,Upper,tree,8,10,15
LCI,LCI 016,MP_September 2011,Mid 1,shrub,5,4,6
LCI,LCI 016,MP_September 2011,Mid 2,juv tree,3,0.5,0.7
LCI,LCI 016,MP_September 2011,Ground,tussock,15,0.1,0.8
LCI,LCI 017,MP_September 2011,Upper,tree,14,8,10
LCI,LCI 017,MP_September 2011,Mid 1,shrub,10,1.5,2
LCI,LCI 017,MP_September 2011,Ground,hummock / tussock / annual / herb,29,0.5,2
LCI,LCI 018,MP_September 2011,Upper,tree,6,7,10
LCI,LCI 018,MP_September 2011,Mid 1,shrub,4,5,6
LCI,LCI 018,MP_September 2011,Mid 2,shrub,3,1.5,2
LCI,LCI 018,MP_September 2011,Ground,hummosk / tussock / annual,36,0.7,1
LCI,LCI 019,MP_August 2011,Upper,tree / palm,45,14,16
LCI,LCI 019,MP_August 2011,Mid 1,palm,8,10,12
LCI,LCI 019,MP_August 2011,Mid 2,juv tree / palm,13,1,1
LCI,LCI 019,MP_August 2011,Ground,tussock,16,0.8,1
LCI,LCI 019,MP_May 2012,Upper,tree / palm,32,13,14
LCI,LCI 019,MP_May 2012,Mid 1,palm,4,10,10
LCI,LCI 019,MP_May 2012,Mid 2,juv tree / palm,2,1,2
LCI,LCI 019,MP_May 2012,Ground,tussock,1.5,0.2,0.2
LCI,LCI 019,MP_August 2013,Upper,tree / palm,42,14,16
LCI,LCI 019,MP_August 2013,Mid 1,palm,6,3,4
LCI,LCI 019,MP_August 2013,Mid 2,juv tree / palm,11,0.5,0.8
LCI,LCI 019,MP_August 2013,Ground,tussock,19,0.4,0.8
LCI,LCI 019,MP_July 2014,Upper,tree / palm,50,14,16
LCI,LCI 019,MP_July 2014,Mid 1,palm,7,12,12
LCI,LCI 019,MP_July 2014,Mid 2,juv tree / palm,12,1,1
LCI,LCI 019,MP_July 2014,Ground,tussock,16,0.5,1
LCI,LCI 020,MP_August 2011,Upper,tree,10,9,14
LCI,LCI 020,MP_August 2011,Mid 1,shrub,2,1.5,2
LCI,LCI 020,MP_August 2011,Mid 2,shrub,15,0.8,1
LCI,LCI 020,MP_August 2011,Ground,hummock / annual,36,0.8,2
LCI,LCI 020,MP_May 2012,Upper,tree,8,10,13
LCI,LCI 020,MP_May 2012,Mid 1,shrub,0,0,0
LCI,LCI 020,MP_May 2012,Mid 2,shrub,0,0.8,1
LCI,LCI 020,MP_May 2012,Ground,hummock,0.7,0.2,0.2
LCI,LCI 020,MP_August 2013,Upper,tree,9,10,12
LCI,LCI 020,MP_August 2013,Mid 1,shrub,3,2,3
LCI,LCI 020,MP_August 2013,Mid 2,shrub,12,0.8,1
LCI,LCI 020,MP_August 2013,Ground,hummock / annual,38,0.3,0.4
LCI,LCI 020,MP_July 2014,Upper,tree,12,10,12
LCI,LCI 020,MP_July 2014,Mid 1,shrub,6,3,4
LCI,LCI 020,MP_July 2014,Mid 2,shrub,5,1,2
LCI,LCI 020,MP_July 2014,Ground,hummock / annual,8,1,1
LCI,LCI 021,MP_August 2011,Upper,tree,12,8,10
LCI,LCI 021,MP_August 2011,Mid 1,shrub,8,4,5
LCI,LCI 021,MP_August 2011,Mid 2,shrub / vine,13,1,1.5
LCI,LCI 021,MP_August 2011,Ground,hummock / annual / herb,20,0.2,1
LCI,LCI 021,MP_May 2012,Upper,tree,13,8,9
LCI,LCI 021,MP_May 2012,Mid 1,shrub,8,4,5.5
LCI,LCI 021,MP_May 2012,Mid 2,shrub / vine,16,1,1
LCI,LCI 021,MP_May 2012,Ground,hummock / annual / herb,30,0.4,0.6
LCI,LCI 021,MP_August 2013,Upper,tree,13,8,9
LCI,LCI 021,MP_August 2013,Mid 1,shrub,9,4,5
LCI,LCI 021,MP_August 2013,Mid 2,shrub / vine,14,1,1.5
LCI,LCI 021,MP_August 2013,Ground,hummock / annual / herb,22,0.5,0.6
LCI,LCI 021,MP_July 2014,Upper,tree,17,8,10
LCI,LCI 021,MP_July 2014,Mid 1,shrub,7,5,6
LCI,LCI 021,MP_July 2014,Mid 2,shrub / vine,11,0.5,1.5
LCI,LCI 021,MP_July 2014,Ground,hummock / annual / herb,18,0.5,0.6
LCI,LCI 022,MP_August 2011,Upper,tree,16,10,12
LCI,LCI 022,MP_August 2011,Mid 1,shrub / palm,16,3,4
LCI,LCI 022,MP_August 2011,Ground,tussock,80,0.3,1
LCI,LCI 022,MP_July 2012,Upper,tree,14,8,9
LCI,LCI 022,MP_July 2012,Mid 1,shrub / palm,14,4,5
LCI,LCI 022,MP_July 2012,Ground,tussock,83.4,0.3,1
LCI,LCI 022,MP_July 2013,Upper,tree,13,8,12
LCI,LCI 022,MP_July 2013,Mid 1,shrub / palm,13,3,4
LCI,LCI 022,MP_July 2013,Ground,tussock / herb,20,0.1,1
LCI,LCI 023 R,MP_August 2011,Upper,rainforest tree,55,12,14
LCI,LCI 023 R,MP_August 2011,Mid 1,rainforest shrub,17,2,3
LCI,LCI 023 R,MP_August 2011,Mid 2,rainforest subshrub,3,0.8,1
LCI,LCI 023 R,MP_July 2013,Upper,rainforest tree,67,12,14
LCI,LCI 023 R,MP_July 2013,Mid 1,rainforest shrub,17,3,3
LCI,LCI 023 R,MP_July 2013,Mid 2,rainforest subshrub,1,1,1
LCI,LCI 023 R,MP_July 2014,Upper,rainforest tree,58,12,14
LCI,LCI 023 R,MP_July 2014,Mid 1,rainforest shrub,18,3,5
LCI,LCI 023 R,MP_July 2014,Mid 2,rainforest subshrub,3,1,1
LCI,LCI 023 W,MP_August 2011,Upper,tree,12,10,12
LCI,LCI 023 W,MP_August 2011,Mid 1,shrub / juv tree,4,3,5
LCI,LCI 023 W,MP_August 2011,Ground,tussock,86,1,1
LCI,LCI 023 W,MP_July 2013,Upper,tree,11,12,14
LCI,LCI 023 W,MP_July 2013,Mid 1,shrub / juv tree,4,3,5
LCI,LCI 023 W,MP_July 2013,Ground,tussock,77,0.6,1
LCI,LCI 023 W,MP_July 2014,Upper,tree,11,12,14
LCI,LCI 023 W,MP_July 2014,Mid 1,shrub / juv tree,5,3,5
LCI,LCI 023 W,MP_July 2014,Ground,tussock,81,0.6,1
LCI,LCI 024,MP_August 2011,Upper,tree,18,12,14
LCI,LCI 024,MP_August 2011,Mid 1,palm / juv tree,7,3,8
LCI,LCI 024,MP_August 2011,Mid 2,juv tree,2,1,1.5
LCI,LCI 024,MP_August 2011,Ground,tussock,80,1,1.4
LCI,LCI 024,MP_July 2012,Upper,tree,16,11,12
LCI,LCI 024,MP_July 2012,Mid 1,palm / juv tree,9,2,8
LCI,LCI 024,MP_July 2012,Mid 2,juv tree,2,1,1.5
LCI,LCI 024,MP_July 2012,Ground,tussock,81,0.5,0.8
LCI,LCI 024,MP_July 2013,Upper,tree,18,11,12
LCI,LCI 024,MP_July 2013,Mid 1,palm / juv tree,7,2,8
LCI,LCI 024,MP_July 2013,Mid 2,juv tree,3,1,1.5
LCI,LCI 024,MP_July 2013,Ground,tussock,69,0.5,0.8
LCI,LCI 025,MP_September 2011,Upper,tree / palm,33,18,20
LCI,LCI 025,MP_September 2011,Mid 1,juv palm,8,2,4
LCI,LCI 025,MP_September 2011,Mid 2,juv palm,3,1,1.5
LCI,LCI 025,MP_September 2011,Ground,annual / tussock,68,0.4,0.6
LCI,LCI 025,MP_May 2012,Upper,tree / palm,29,15,18
LCI,LCI 025,MP_May 2012,Mid 1,juv palm,4,0,0
LCI,LCI 025,MP_May 2012,Mid 2,juv palm,1,1,1.5
LCI,LCI 025,MP_May 2012,Ground,annual / tussock,2,0.1,0.2
LCI,LCI 025,MP_August 2013,Upper,tree / palm,30,14,18
LCI,LCI 025,MP_August 2013,Mid 1,juv palm,7,3,4
LCI,LCI 025,MP_August 2013,Mid 2,juv palm,4,1,1.5
LCI,LCI 025,MP_August 2013,Ground,annual / tussock,38,0.4,0.8
LCI,LCI 025,MP_August 2014,Upper,Tree / palm,32,13,14
LCI,LCI 025,MP_August 2014,Mid 1,palm,10,10,10
LCI,LCI 025,MP_August 2014,Mid 2,palm / juv tree,4,2,3
LCI,LCI 025,MP_August 2014,Ground,tussock,32,0.5,1
LCI,LCI 026,MP_August 2011,Upper,tree / palm,36,16,20
LCI,LCI 026,MP_August 2011,Mid 1,palm,13,10,16
LCI,LCI 026,MP_August 2011,Mid 2,juv palm / cycad,6,3,4
LCI,LCI 026,MP_August 2011,Ground,tussock / annual / herb,7,0.1,0.1
LCI,LCI 026,MP_May 2012,Upper,tree / palm,36,15,20
LCI,LCI 026,MP_May 2012,Mid 1,palm,17,5,9
LCI,LCI 026,MP_May 2012,Mid 2,juv palm / cycad,6,3.5,3.5
LCI,LCI 026,MP_May 2012,Ground,tussock,29,0.4,0.6
LCI,LCI 026,MP_July 2013,Upper,tree / palm,35,15,20
LCI,LCI 026,MP_July 2013,Mid 1,palm,14,5,9
LCI,LCI 026,MP_July 2013,Mid 2,juv palm / cycad,7,3.5,3.5
LCI,LCI 026,MP_July 2013,Ground,tussock / annual,47,0.5,0.6
LCI,LCI 026,MP_August 2014,Upper,tree,41,12,13
LCI,LCI 026,MP_August 2014,Mid 1,palm / tree,10,8,10
LCI,LCI 026,MP_August 2014,Mid 2,juv palm,6,2,3
LCI,LCI 026,MP_August 2014,Ground,tussock,3,5,10
LCI,LCI 027,MP_August 2011,Upper,tree,12,9,10
LCI,LCI 027,MP_August 2011,Mid 1,tree / palm,3,5,7
LCI,LCI 027,MP_August 2011,Mid 2,shrub,2,1,1.5
LCI,LCI 027,MP_August 2011,Ground,tussock / sedge / annual,69,0.4,1
LCI,LCI 027,MP_May 2012,Upper,tree,14,10,10
LCI,LCI 027,MP_May 2012,Mid 1,tree / palm,4,1,6
LCI,LCI 027,MP_May 2012,Mid 2,shrub,3,1,1.5
LCI,LCI 027,MP_May 2012,Ground,tussock / sedge,85,0.2,0.3
LCI,LCI 027,MP_August 2014,Upper,tree,14,8,10
LCI,LCI 027,MP_August 2014,Mid 1,shrub / palm,4,5,6
LCI,LCI 027,MP_August 2014,Mid 2,shrub / palm,5,2,2.5
LCI,LCI 027,MP_August 2014,Ground,tussock / sedge / annual,7,0.1,0.4
LCI,LCI 028,MP_August 2011,Upper,tree,12,12,16
LCI,LCI 028,MP_August 2011,Mid 1,palm / melaleuca,8,6,8
LCI,LCI 028,MP_August 2011,Mid 2,juv tree,4,0.6,1
LCI,LCI 028,MP_August 2011,Ground,tussock,83,0.6,0.8
LCI,LCI 028,MP_May 2012,Upper,tree,12,11,13
LCI,LCI 028,MP_May 2012,Mid 1,palm / melaleuca,8,6,8
LCI,LCI 028,MP_May 2012,Mid 2,juv tree / palm,4,6,8
LCI,LCI 028,MP_May 2012,Ground,tussock,89.6,0.8,0.8
LCI,LCI 028,MP_July 2013,Upper,tree,12,12,16
LCI,LCI 028,MP_July 2013,Mid 1,palm / melaleuca,9,6,8
LCI,LCI 028,MP_July 2013,Mid 2,juv tree / palm,5,2,7
LCI,LCI 028,MP_July 2013,Ground,tussock,85.6,0.7,0.8
LCI,LCI 028,MP_August 2014,Upper,tree,17,10,14
LCI,LCI 028,MP_August 2014,Mid 1,palm / juv tree,10,6,8
LCI,LCI 028,MP_August 2014,Mid 2,juv tree / juv palm / herb,13,0.5,1
LCI,LCI 028,MP_August 2014,Ground,tussock / herb,14,0.1,0.2
LCI,LCI 029,MP_September 2011,Upper,tree,11,9,10
LCI,LCI 029,MP_September 2011,Mid 1,shrub,16,1.5,4
LCI,LCI 029,MP_September 2011,Ground,tussock / annual,91,0.5,0.8
LCI,LCI 029,MP_July 2012,Upper,tree,15,9,10
LCI,LCI 029,MP_July 2012,Mid 1,shrub,16,2,2.5
LCI,LCI 029,MP_July 2012,Ground,tussock / annual,92,0.6,0.8
LCI,LCI 029,MP_July 2013,Upper,tree,12,9,10
LCI,LCI 029,MP_July 2013,Mid 1,shrub,12.1,1,6
LCI,LCI 029,MP_July 2013,Ground,tussock,86,0.3,0.3
LCI,LCI 029,MP_August 2014,Upper,tree,10,10,12
LCI,LCI 029,MP_August 2014,Mid 1,juv tree / palm,6,4,5
LCI,LCI 029,MP_August 2014,Mid 2,juv tree,5,0.5,1
LCI,LCI 029,MP_August 2014,Ground,tussock / herb,30,0.2,0.5
LCI,LCI 031,MP_August 2011,Upper,tree,11,8,10
LCI,LCI 031,MP_August 2011,Mid 1,palm / juv tree,3,4,6
LCI,LCI 031,MP_August 2011,Mid 2,subshrub / juv tree,14,0.5,1
LCI,LCI 031,MP_August 2011,Ground,tussock / herb,9,0.2,0.3
LCI,LCI 031,MP_August 2013,Upper,tree,10,8,10
LCI,LCI 031,MP_August 2013,Mid 1,palm / juv tree,4,4,6
LCI,LCI 031,MP_August 2013,Mid 2,subshrub / juv tree,21,0.5,1
LCI,LCI 031,MP_August 2013,Ground,tussock / herb,49,0.4,0.6
LCI,LCI 032,MP_August 2011,Upper,tree,4,10,12
LCI,LCI 032,MP_August 2011,Mid 1,juv tree / palm,5,2,4
LCI,LCI 032,MP_August 2011,Mid 2,juv tree / palm,3,0.5,1
LCI,LCI 032,MP_August 2011,Ground,tussock,85,0.3,0.6
LCI,LCI 032,MP_July 2012,Upper,tree,4,8,12
LCI,LCI 032,MP_July 2012,Mid 1,juv tree / palm,4,2,6
LCI,LCI 032,MP_July 2012,Mid 2,juv tree / palm,6,0.5,1
LCI,LCI 032,MP_July 2012,Ground,tussock,88,0.3,1
LCI,LCI 032,MP_July 2013,Upper,tree,6,8,12
LCI,LCI 032,MP_July 2013,Mid 1,juv tree / palm,5,2,6
LCI,LCI 032,MP_July 2013,Mid 2,juv tree / palm,5,0.5,1
LCI,LCI 032,MP_July 2013,Ground,tussock,90,0.5,1
LCI,LCI 032,MP_August 2014,Upper,tree,5,7,12
LCI,LCI 032,MP_August 2014,Mid 1,juv tree / palm,15,3,4
LCI,LCI 032,MP_August 2014,Mid 2,juv tree,10,1,2
LCI,LCI 032,MP_August 2014,Ground,tussock / herb,8,0.2,0.5
LCI,LCI 033,MP_August 2011,Upper,tree,25,18,22
LCI,LCI 033,MP_August 2011,Mid 1,palm,6,5,7
LCI,LCI 033,MP_August 2011,Mid 2,shrub / juv tree / palm,7,1,1.5
LCI,LCI 033,MP_August 2011,Ground,tussock / herb,91,0.4,0.6
LCI,LCI 033,MP_July 2012,Upper,tree,24,17,22
LCI,LCI 033,MP_July 2012,Mid 1,palm,7,2.5,6
LCI,LCI 033,MP_July 2012,Mid 2,shrub / juv tree / palm,14,1,1.5
LCI,LCI 033,MP_July 2012,Ground,tussock / herb,92,0.3,0.4
LCI,LCI 033,MP_July 2013,Upper,tree,22,17,22
LCI,LCI 033,MP_July 2013,Mid 1,palm,6,1.5,6
LCI,LCI 033,MP_July 2013,Mid 2,shrub / juv tree / palm,6,1,1.5
LCI,LCI 033,MP_July 2013,Ground,tussock / herb,36,0.2,0.3
LCI,LCI 033,MP_August 2014,Upper,tree,22,12,13
LCI,LCI 033,MP_August 2014,Mid 1,juv tree / palm,12,4,5
LCI,LCI 033,MP_August 2014,Mid 2,palm / shrub / juv tree,17,0.6,1
LCI,LCI 033,MP_August 2014,Ground,tussock / herb,73,0.2,0.3
LCI,LCI 034,MP_August 2011,Upper,tree,29,12,14
LCI,LCI 034,MP_August 2011,Mid 1,shrub / low tree / juv tree,6,3,4
LCI,LCI 034,MP_August 2011,Mid 2,shrub / juv tree,4,0.2,0.4
LCI,LCI 034,MP_August 2011,Ground,hummmock / annual / herb,9,0.1,0.2
LCI,LCI 034,MP_July 2012,Upper,tree,28,13,22
LCI,LCI 034,MP_July 2012,Mid 1,shrub / low tree / juv tree,8,2,3
LCI,LCI 034,MP_July 2012,Mid 2,shrub / juv tree,6,0,0
LCI,LCI 034,MP_July 2012,Ground,hummmock / annual / herb,39,0.2,0.3
LCI,LCI 034,MP_July 2013,Upper,tree,28,12,14
LCI,LCI 034,MP_July 2013,Mid 1,shrub / low tree / juv tree,7,2,4
LCI,LCI 034,MP_July 2013,Mid 2,shrub / juv tree,7,0.2,0.3
LCI,LCI 034,MP_July 2013,Ground,hummmock / annual / herb,11,0.2,0.3
LCI,LCI 034,MP_August 2014,Upper,tree,26,12,14
LCI,LCI 034,MP_August 2014,Mid 1,shrub / low tree / juv tree,11,5,8
LCI,LCI 034,MP_August 2014,Mid 2,shrub / juv tree,13,0.5,2
LCI,LCI 034,MP_August 2014,Ground,hummmock / annual / herb,35,0.5,0.5
LCI,LCI 035,MP_August 2011,Upper,tree,6,14,15
LCI,LCI 035,MP_August 2011,Mid 1,shrub,10,3,9
LCI,LCI 035,MP_August 2011,Mid 2,shrub,3,1,1
LCI,LCI 035,MP_August 2011,Ground,hummmock,7,0.2,0.9
LCI,LCI 035,MP_July 2012,Upper,tree,5,10,12
LCI,LCI 035,MP_July 2012,Mid 1,shrub,13,2,3
LCI,LCI 035,MP_July 2012,Mid 2,shrub,4,1,1
LCI,LCI 035,MP_July 2012,Ground,hummock / annual / herb,21,0.3,0.6
LCI,LCI 035,MP_July 2013,Upper,tree,6,14,15
LCI,LCI 035,MP_July 2013,Mid 1,shrub,15,3,5
LCI,LCI 035,MP_July 2013,Mid 2,shrub,3,1,1
LCI,LCI 035,MP_July 2013,Ground,hummock / annual,15.2,0.7,0.8
LCI,LCI 035,MP_August 2014,Upper,tree,5,8,9
LCI,LCI 035,MP_August 2014,Mid 1,shrub,16,4,6
LCI,LCI 035,MP_August 2014,Mid 2,shrub,11,1,1.5
LCI,LCI 035,MP_August 2014,Ground,hummock / annual,27,0.4,0.6
LCI,LCI 038,MP_September 2011,Upper,tree,31,14,16
LCI,LCI 038,MP_September 2011,Mid 1,juv tree,10,5.5,6
LCI,LCI 038,MP_September 2011,Mid 2,juv tree,6,1.5,2.5
LCI,LCI 038,MP_September 2011,Ground,sedge / tussock / herb,13,0.1,0.3
LCI,LCI 039 R,MP_July 2012,Upper,rainforest tree,85,14,16
LCI,LCI 039 R,MP_July 2012,Mid 1,rainforest shrub,30,2,3
LCI,LCI 039 R,MP_July 2012,Mid 2,rainforest subshrub,4,0.5,1
LCI,LCI 039 R,MP_August 2013,Upper,rainforest tree,85,14,16
LCI,LCI 039 R,MP_August 2013,Mid 1,rainforest shrub,35,2,3
LCI,LCI 039 R,MP_August 2013,Mid 2,rainforest subshrub,6,0.5,1
LCI,LCI 039 R,MP_July 2014,Upper,rainforest tree,75,14,16
LCI,LCI 039 R,MP_July 2014,Mid 1,rainforest shrub,40,2,3
LCI,LCI 039 R,MP_July 2014,Mid 2,rainforest subshrub,15,0.5,1
LCI,LCI 039 W,MP_July 2012,Upper,tree,58,14,18
LCI,LCI 039 W,MP_July 2012,Mid 1,shrub,20,0.7,1
LCI,LCI 039 W,MP_July 2012,Ground,tussock,33,0.6,0.7
LCI,LCI 039 W,MP_August 2013,Upper,tree,59,14,18
LCI,LCI 039 W,MP_August 2013,Mid 1,shrub,24,0.7,1
LCI,LCI 039 W,MP_August 2013,Ground,tussock,31,0.6,0.7
LCI,LCI 039 W,MP_July 2014,Upper,tree,58,14,18
LCI,LCI 039 W,MP_July 2014,Mid 2,juv tree,8,0.7,1
LCI,LCI 039 W,MP_July 2014,Ground,tussock,8,0.6,0.7
LCI,LCI 041,MP_July 2012,Upper,tree / palm,28,13,13
LCI,LCI 041,MP_July 2012,Mid 1,juv palm,6,8,8
LCI,LCI 041,MP_July 2012,Mid 2,shrub / juv palm,4,0.3,0.8
LCI,LCI 041,MP_July 2012,Ground,tussock / herb,3,0.1,0.2
LCI,LCI 041,MP_August 2013,Upper,tree / palm,27,14,16
LCI,LCI 041,MP_August 2013,Mid 1,juv palm,5,2.5,3
LCI,LCI 041,MP_August 2013,Mid 2,shrub / juv palm,14,1,1.2
LCI,LCI 041,MP_August 2013,Ground,tussock / herb / annual,22,0.2,1
LCI,LCI 043,MP_July 2012,Upper,tree,42,17,18
LCI,LCI 043,MP_July 2012,Mid 1,palm,3,10,10
LCI,LCI 043,MP_July 2012,Mid 2,juv palm,6,1,1.5
LCI,LCI 043,MP_July 2012,Ground,tussock,3.8,0.1,0.2
LCI,LCI 043,MP_August 2013,Upper,tree / palm,42,16,18
LCI,LCI 043,MP_August 2013,Mid 1,juv palm,3,2.5,4
LCI,LCI 043,MP_August 2013,Mid 2,juv palm,12,1,1.5
LCI,LCI 043,MP_August 2013,Ground,tussock,40,0.5,0.7
LCI,LCI 044,MP_July 2012,Upper,tree / palm,47,15,18
LCI,LCI 044,MP_July 2012,Mid 1,palm,5,6,8
LCI,LCI 044,MP_July 2012,Mid 2,juv palm / juv tree,10,0.8,1
LCI,LCI 044,MP_July 2012,Ground,tussock / herb,77,0.6,0.8
LCI,LCI 044,MP_August 2013,Upper,tree / palm,45,16,18
LCI,LCI 044,MP_August 2013,Mid 1,juv palm / shrub,3,2.5,3
LCI,LCI 044,MP_August 2013,Mid 2,juv palm / juv tree,12,0.8,1
LCI,LCI 044,MP_August 2013,Ground,tussock / herb,10,0.1,0.2
LCI,LCI 046,MP_July 2012,Upper,tree / tall shrub,19,9,12
LCI,LCI 046,MP_July 2012,Mid 1,juv tree,1,2,3
LCI,LCI 046,MP_July 2012,Mid 2,subshrub / juv tree,4,0.4,0.6
LCI,LCI 046,MP_July 2012,Ground,tussock / herb,14,0.4,0.5
LCI,LCI 046,MP_August 2013,Upper,tree / tall shrub,20,7,10
LCI,LCI 046,MP_August 2013,Mid 1,juv tree,3,2,3
LCI,LCI 046,MP_August 2013,Mid 2,subshrub / juv tree,7,0.6,0.8
LCI,LCI 046,MP_August 2013,Ground,tussock / herb,64,0.5,0.6
LCI,LCI 047 R,MP_September 2013,Upper,rainforest tree,56,10,10
LCI,LCI 047 R,MP_September 2013,Mid 1,rainforest shrub,10,4,4
LCI,LCI 047 R,MP_July 2014,Upper,rainforest tree,69,14,20
LCI,LCI 047 R,MP_July 2014,Mid 1,rainforest shrub,20,4,4
LCI,LCI 047 W,MP_September 2013,Upper,tree,10,10,12
LCI,LCI 047 W,MP_September 2013,Mid 1,shrub,3,2,4
LCI,LCI 047 W,MP_September 2013,Ground,tussock,20,0.5,1
LCI,LCI 047 W,MP_July 2014,Upper,tree,3,15,15
LCI,LCI 047 W,MP_July 2014,Mid 1,shrub,7,5,5
LCI,LCI 047 W,MP_July 2014,Ground,tussock,62,0.7,1
LCI,LCI 050,MP_August 2013,Upper,tree,15,10,14
LCI,LCI 050,MP_August 2013,Mid 1,shrub / low tree,19,3,4
LCI,LCI 050,MP_August 2013,Mid 2,shrub,3,0.6,0.8
LCI,LCI 050,MP_August 2013,Ground,hummock / annual,17,0.3,0.5
LCI,LCI 051,MP_July 2012,Upper,tree,34,14,16
LCI,LCI 051,MP_July 2012,Mid 1,shrub / juv tree,8,3,4
LCI,LCI 051,MP_July 2012,Mid 2,juv tree,5,0.5,0.8
LCI,LCI 051,MP_July 2012,Ground,herb / annual / hummock,25,0.1,0.2
LCI,LCI 051,MP_August 2013,Upper,tree,33,14,16
LCI,LCI 051,MP_August 2013,Mid 1,shrub / juv tree,7,3,4
LCI,LCI 051,MP_August 2013,Mid 2,juv tree,5,0.5,0.8
LCI,LCI 051,MP_August 2013,Ground,herb / hummock / annual,18,0.1,0.2
LCI,LCI 052,MP_July 2012,Upper,tree,42,16,18
LCI,LCI 052,MP_July 2012,Mid 1,palm,3,3,5
LCI,LCI 052,MP_July 2012,Mid 2,palm / juv tree,4,0.5,1
LCI,LCI 052,MP_July 2012,Ground,tussock / herb,37,0.2,0.3
LCI,LCI 052,MP_August 2013,Upper,tree,41,16,18
LCI,LCI 052,MP_August 2013,Mid 1,palm,5,3,5
LCI,LCI 052,MP_August 2013,Mid 2,palm / juv tree,9,0.4,1
LCI,LCI 052,MP_August 2013,Ground,tussock / herb,13,0.1,0.1
LCI,LCI 053,MP_July 2012,Upper,tree,13,8,12
LCI,LCI 053,MP_July 2012,Mid 1,shrub,13,1,3
LCI,LCI 053,MP_July 2012,Mid 2,subshrub,15,0.3,0.4
LCI,LCI 053,MP_July 2012,Ground,tussock / annual / herb,41,0.3,0.6
LCI,LCI 053,MP_August 2013,Upper,tree,12,8,14
LCI,LCI 053,MP_August 2013,Mid 1,shrub,13,2,4
LCI,LCI 053,MP_August 2013,Mid 2,subshrub,8,0.2,0.6
LCI,LCI 053,MP_August 2013,Ground,tussock,11,0.1,0.1
LCI,LCI 054,MP_July 2012,Upper,tree,9,5,8
LCI,LCI 054,MP_July 2012,Mid 1,shrub / low tree,5,2,3
LCI,LCI 054,MP_July 2012,Mid 2,shrub,3,0.4,0.6
LCI,LCI 054,MP_July 2012,Ground,hummock / annual,41,0.4,0.5
LCI,LCI 054,MP_August 2013,Upper,tree,9,5,8
LCI,LCI 054,MP_August 2013,Mid 1,shrub / low tree,3,2,3
LCI,LCI 054,MP_August 2013,Mid 2,shrub,0,0,0
LCI,LCI 054,MP_August 2013,Ground,hummock,10,0.1,0.3
LCI,LCI 055,MP_July 2012,Upper,tree,26,10,12
LCI,LCI 055,MP_July 2012,Mid 1,low tree / juv tree,5,3,4
LCI,LCI 055,MP_July 2012,Mid 2,juv tree,8,1,1.5
LCI,LCI 055,MP_July 2012,Ground,hummock / annual / herb,28,0.4,0.5
LCI,LCI 055,MP_August 2013,Upper,tree,26,10,12
LCI,LCI 055,MP_August 2013,Mid 1,low tree / juv tree,4,3,4
LCI,LCI 055,MP_August 2013,Mid 2,juv tree,11,1,1.5
LCI,LCI 055,MP_August 2013,Ground,hummock / herb,8,0.1,0.2
LCI,LCI 056,MP_July 2012,Upper,tree,14,5,7
LCI,LCI 056,MP_July 2012,Mid 1,palm / tree / shrub,17,4,4
LCI,LCI 056,MP_July 2012,Ground,tussock / herb,78,1,1.5
LCI,LCI 056,MP_August 2013,Upper,tree,14,6,8
LCI,LCI 056,MP_August 2013,Mid 1,palm / tree / shrub,18,3,4
LCI,LCI 056,MP_August 2013,Ground,tussock,36,0.2,0.3
LCI,LCI 201,KLRCR_2011,Upper,tree,25,8,16
LCI,LCI 201,KLRCR_2011,Mid 1,shrub / palm,10,3,4
LCI,LCI 201,KLRCR_2011,Mid 2,shrub,3,0.8,1
LCI,LCI 201,KLRCR_2011,Ground,tussock / herb / annual,63,0.6,0.8
LCI,LCI 201,KLRCR_2012,Upper,tree,20,8,16
LCI,LCI 201,KLRCR_2012,Mid 1,shrub / palm,9,3,4
LCI,LCI 201,KLRCR_2012,Mid 2,shrub,4,0.8,1
LCI,LCI 201,KLRCR_2012,Ground,tussock / annual / herb,18,0.6,0.8
LCI,LCI 201,KLRCR_2013,Upper,tree,21,8,16
LCI,LCI 201,KLRCR_2013,Mid 1,shrub / palm,7,2.5,3.5
LCI,LCI 201,KLRCR_2013,Mid 2,shrub,5,0.8,1
LCI,LCI 201,KLRCR_2013,Ground,tussock / herb / annual,47,0.6,0.8
LCI,LCI 201,KLRCR_2014,Upper,tree,22,10,13
LCI,LCI 201,KLRCR_2014,Mid 1,shrub / palm,7,3,5
LCI,LCI 201,KLRCR_2014,Mid 2,shrub,6,1,2
LCI,LCI 201,KLRCR_2014,Ground,tussock / herb / annual,47,1,2
LCI,LCI 201,KLRCR_2015,Upper,tree,23,12,16
LCI,LCI 201,KLRCR_2015,Mid 1,shrub / palm,11,7,8
LCI,LCI 201,KLRCR_2015,Mid 2,shrub,0,2,2
LCI,LCI 201,KLRCR_2015,Ground,tussock / herb / annual,4,0.1,0.3
LCI,LCI 202,KLRCR_2011,Upper,tree,40,15,17
LCI,LCI 202,KLRCR_2011,Mid 1,shrub / palm,9,1.5,2
LCI,LCI 202,KLRCR_2011,Mid 2,shrub / juv tree,15,1,1.5
LCI,LCI 202,KLRCR_2011,Ground,tussock / annual / herb,37,0.6,1
LCI,LCI 202,KLRCR_2012,Upper,tree,41,14,17
LCI,LCI 202,KLRCR_2012,Mid 1,shrub / palm,10,2,4
LCI,LCI 202,KLRCR_2012,Mid 2,shrub / juv tree,20,0.8,1
LCI,LCI 202,KLRCR_2012,Ground,tussock / annual / herb,25,0.6,1
LCI,LCI 202,KLRCR_2013,Upper,tree,42,15,18
LCI,LCI 202,KLRCR_2013,Mid 1,shrub / palm,10,2,4
LCI,LCI 202,KLRCR_2013,Mid 2,shrub / juv tree,12,1,1.5
LCI,LCI 202,KLRCR_2013,Ground,tussock / annual / herb,34,0.8,1
LCI,LCI 202,KLRCR_2014,Upper,tree,35,12,14
LCI,LCI 202,KLRCR_2014,Mid 1,shrub / palm,5,7,10
LCI,LCI 202,KLRCR_2014,Mid 2,shrub / juv tree,6,2,2
LCI,LCI 202,KLRCR_2014,Ground,tussock / annual / herb,37,1,2
LCI,LCI 202,KLRCR_2015,Upper,tree,34,16,16
LCI,LCI 202,KLRCR_2015,Mid 1,shrub / palm,3,8,9
LCI,LCI 202,KLRCR_2015,Mid 2,shrub / juv tree,2,3,4
LCI,LCI 202,KLRCR_2015,Ground,tussock / annual / herb,2,0.2,0.3
LCI,LCI 203,KLRCR_2011,Upper,tree,16,5,8
LCI,LCI 203,KLRCR_2011,Mid 1,shrub,14,3,5
LCI,LCI 203,KLRCR_2011,Ground,hummock / annual / herb,13,0.2,1
LCI,LCI 203,KLRCR_2012,Upper,tree,12,3,8
LCI,LCI 203,KLRCR_2012,Mid 1,shrub,13,2,5
LCI,LCI 203,KLRCR_2012,Ground,annual / hummock / herb,13,0.1,0.2
LCI,LCI 203,KLRCR_2013,Upper,tree,15,4,6
LCI,LCI 203,KLRCR_2013,Mid 1,shrub,13,3,4
LCI,LCI 203,KLRCR_2013,Ground,annual / hummock / herb,20,0.2,1
LCI,LCI 203,KLRCR_2014,Upper,tree,17,4,7
LCI,LCI 203,KLRCR_2014,Mid 1,shrub,7,3,4
LCI,LCI 203,KLRCR_2014,Mid 2,shrub,2,1.5,2
LCI,LCI 203,KLRCR_2014,Ground,annual / hummock / herb,26,1,1.5
LCI,LCI 203,KLRCR_2015,Upper,tree,11,5,10
LCI,LCI 203,KLRCR_2015,Mid 1,shrub / juv tree,4,4,4
LCI,LCI 203,KLRCR_2015,Mid 2,shrub / juv tree,0,0,0
LCI,LCI 203,KLRCR_2015,Ground,tussock / herb,1,0.1,0.2
LCI,LCI 204,KLRCR_2011,Upper,tree,30,10,16
LCI,LCI 204,KLRCR_2011,Mid 1,shrub / juv tree,3,1.5,2
LCI,LCI 204,KLRCR_2011,Mid 2,shrub,2,0.5,0.5
LCI,LCI 204,KLRCR_2011,Ground,tussock / herb,82,0.8,1
LCI,LCI 204,KLRCR_2012,Upper,tree,27,10,16
LCI,LCI 204,KLRCR_2012,Mid 1,shrub / juv tree,3,1.5,2
LCI,LCI 204,KLRCR_2012,Mid 2,shrub / juv tree,4,0.5,1
LCI,LCI 204,KLRCR_2012,Ground,tussock / herb,77,0.8,1
LCI,LCI 204,KLRCR_2013,Upper,tree,27,10,16
LCI,LCI 204,KLRCR_2013,Mid 1,shrub / juv tree,7,1.5,2
LCI,LCI 204,KLRCR_2013,Mid 2,shrub,6,0.5,0.7
LCI,LCI 204,KLRCR_2013,Ground,tussock / herb,95,0.8,1
LCI,LCI 204,KLRCR_2014,Upper,tree,23,11,11
LCI,LCI 204,KLRCR_2014,Mid 1,shrub / juv tree,3,2,2
LCI,LCI 204,KLRCR_2014,Mid 2,shrub,1,0.5,1
LCI,LCI 204,KLRCR_2014,Ground,tussock / herb,77,1,2
LCI,LCI 204,KLRCR_2015,Upper,tree,17,12,13
LCI,LCI 204,KLRCR_2015,Mid 1,shrub / juv tree,6,6,6
LCI,LCI 204,KLRCR_2015,Mid 2,juv shrub,0,0,0
LCI,LCI 204,KLRCR_2015,Ground,hummock / annual / herb,2,0.2,0.7
LCI,LCI 205,KLRCR_2011,Upper,tree,10,7,9
LCI,LCI 205,KLRCR_2011,Mid 1,shrub,5,2,4
LCI,LCI 205,KLRCR_2011,Mid 2,juv shrub,1,0.4,0.7
LCI,LCI 205,KLRCR_2011,Ground,hummock / annual / herb,21,0.1,0.6
LCI,LCI 205,KLRCR_2012,Upper,tree,12,6,9
LCI,LCI 205,KLRCR_2012,Mid 1,shrub,7,2,4
LCI,LCI 205,KLRCR_2012,Mid 2,juv shrub,3,0.4,0.7
LCI,LCI 205,KLRCR_2012,Ground,hummock / annual / herb,31,0.3,0.7
LCI,LCI 205,KLRCR_2013,Upper,tree,9,6,9
LCI,LCI 205,KLRCR_2013,Mid 1,shrub,7,2,4
LCI,LCI 205,KLRCR_2013,Mid 2,juv shrub,4,0.4,0.7
LCI,LCI 205,KLRCR_2013,Ground,hummock / annual,55,0.3,0.7
LCI,LCI 205,KLRCR_2014,Upper,tree,9,8,10
LCI,LCI 205,KLRCR_2014,Mid 1,shrub / juv tree,7,3,6
LCI,LCI 205,KLRCR_2014,Mid 2,juv shrub,4,1,2
LCI,LCI 205,KLRCR_2014,Ground,hummock / annual / herb,40,1,2
LCI,LCI 205,KLRCR_2015,Upper,tree,9,8,12
LCI,LCI 205,KLRCR_2015,Mid 1,shrub / juv tree,6,1,3
LCI,LCI 205,KLRCR_2015,Mid 2,juv shrub,0,1,1
LCI,LCI 205,KLRCR_2015,Ground,hummock / annual / herb,13,0.5,1.5
LCI,LCI 206,KLRCR_2011,Upper,tree,12,8,12
LCI,LCI 206,KLRCR_2011,Mid 1,shrub,3,1.5,4
LCI,LCI 206,KLRCR_2011,Mid 2,shrub / juv tree,1,0.5,0.6
LCI,LCI 206,KLRCR_2011,Ground,tussock,83,0.5,0.7
LCI,LCI 206,KLRCR_2012,Upper,tree,16,7,9
LCI,LCI 206,KLRCR_2012,Mid 1,shrub / juv tree,3,2,3
LCI,LCI 206,KLRCR_2012,Mid 2,shrub / juv tree,3,0.4,0.5
LCI,LCI 206,KLRCR_2012,Ground,tussock / herb,23,0.3,0.6
LCI,LCI 206,KLRCR_2013,Upper,tree,16,7,9
LCI,LCI 206,KLRCR_2013,Mid 1,shrub / juv tree,7,1.5,3
LCI,LCI 206,KLRCR_2013,Mid 2,shrub / juv tree,5,0.6,1
LCI,LCI 206,KLRCR_2013,Ground,tussock / herb,70,0.5,0.7
LCI,LCI 206,KLRCR_2014,Upper,tree,15,10,12
LCI,LCI 206,KLRCR_2014,Mid 1,shrub / juv tree,9,2,4
LCI,LCI 206,KLRCR_2014,Mid 2,shrub / juv tree,3,0.6,1
LCI,LCI 206,KLRCR_2014,Ground,tussock / herb,65,1,2
LCI,LCI 206,KLRCR_2015,Upper,tree,14,12,13
LCI,LCI 206,KLRCR_2015,Mid 1,shrub / juv tree,2,2,3
LCI,LCI 206,KLRCR_2015,Mid 2,shrub / juv tree,0,0,0
LCI,LCI 206,KLRCR_2015,Ground,tussock / herb,13,0.2,0.8
LCI,LCI 207,KLRCR_2011,Upper,tree,10,6,8
LCI,LCI 207,KLRCR_2011,Mid 1,shrub,4,2,3
LCI,LCI 207,KLRCR_2011,Mid 2,shrub,3,0.7,0.8
LCI,LCI 207,KLRCR_2011,Ground,tussock / herb,79,0.5,0.8
LCI,LCI 207,KLRCR_2012,Upper,tree,10,6,8
LCI,LCI 207,KLRCR_2012,Mid 1,shrub,4,2,3
LCI,LCI 207,KLRCR_2012,Mid 2,shrub,2,0.7,0.8
LCI,LCI 207,KLRCR_2012,Ground,tussock / herb,71,0.5,0.8
LCI,LCI 207,KLRCR_2013,Upper,tree,12,6,8
LCI,LCI 207,KLRCR_2013,Mid 1,shrub,6,2,3
LCI,LCI 207,KLRCR_2013,Mid 2,shrub,2,0.8,1
LCI,LCI 207,KLRCR_2013,Ground,tussock / herb,79,0.8,1
LCI,LCI 207,KLRCR_2014,Upper,tree,13,6,8
LCI,LCI 207,KLRCR_2014,Mid 1,shrub,3,2,3
LCI,LCI 207,KLRCR_2014,Mid 2,shrub,1,0.8,1
LCI,LCI 207,KLRCR_2014,Ground,tussock / herb,67,0.8,1
LCI,LCI 208,KLRCR_2011,Upper,tree,24,10,14
LCI,LCI 208,KLRCR_2011,Mid 1,shrub,6,4,4
LCI,LCI 208,KLRCR_2011,Mid 2,shrub / juv tree,9,0.9,1
LCI,LCI 208,KLRCR_2011,Ground,tussock / annual,51,0.6,1
LCI,LCI 208,KLRCR_2012,Upper,tree,21,10,14
LCI,LCI 208,KLRCR_2012,Mid 1,shrub,6,4,4
LCI,LCI 208,KLRCR_2012,Mid 2,shrub / juv tree,11,0.9,1
LCI,LCI 208,KLRCR_2012,Ground,tussock / herb / annual,63,0.6,1
LCI,LCI 208,KLRCR_2013,Upper,tree,20,10,14
LCI,LCI 208,KLRCR_2013,Mid 1,shrub,7,4,4
LCI,LCI 208,KLRCR_2013,Mid 2,shrub / juv tree,7,0.9,1
LCI,LCI 208,KLRCR_2013,Ground,tussock / annual / herb,60,0.6,1
LCI,LCI 208,KLRCR_2014,Upper,tree,19,10,14
LCI,LCI 208,KLRCR_2014,Mid 1,shrub,6,4,4
LCI,LCI 208,KLRCR_2014,Mid 2,shrub / juv tree,6,0.9,1
LCI,LCI 208,KLRCR_2014,Ground,tussock / annual / herb,63,0.6,1
LCI,LCI 209,KLRCR_2011,Upper,tree / melaleuca,27,15,22
LCI,LCI 209,KLRCR_2011,Mid 1,shrub / low tree,10,4,6
LCI,LCI 209,KLRCR_2011,Mid 2,shrub / juv tree,10,0.8,0.8
LCI,LCI 209,KLRCR_2011,Ground,tussock / herb / annual,35,0.6,0.8
LCI,LCI 209,KLRCR_2012,Upper,tree / melaleuca,25,15,22
LCI,LCI 209,KLRCR_2012,Mid 1,shrub / low tree,9,4,6
LCI,LCI 209,KLRCR_2012,Mid 2,shrub / juv tree,8,0.8,0.8
LCI,LCI 209,KLRCR_2012,Ground,tussock / herb,62,0.6,0.8
LCI,LCI 209,KLRCR_2013,Upper,tree / melaleuca,25,15,22
LCI,LCI 209,KLRCR_2013,Mid 1,shrub / low tree,9,4,6
LCI,LCI 209,KLRCR_2013,Mid 2,shrub / juv tree,8,0.8,1
LCI,LCI 209,KLRCR_2013,Ground,tussock / herb,79,0.8,1
LCI,LCI 209,KLRCR_2014,Upper,tree / melaleuca,25,15,22
LCI,LCI 209,KLRCR_2014,Mid 1,shrub / low tree,4,4,6
LCI,LCI 209,KLRCR_2014,Mid 2,shrub / juv tree,8,0.8,1
LCI,LCI 209,KLRCR_2014,Ground,tussock / annual / herb,58,0.8,1
LCI,LCI 210,KLRCR_2011,Upper,tree,28,6,8
LCI,LCI 210,KLRCR_2011,Mid 1,shrub / juv tree,4,1.5,4
LCI,LCI 210,KLRCR_2011,Mid 2,juv tree,7,0.5,1
LCI,LCI 210,KLRCR_2011,Ground,tussock,88,0.7,1
LCI,LCI 210,KLRCR_2012,Upper,tree,26,6,8
LCI,LCI 210,KLRCR_2012,Mid 1,shrub / juv tree,4,1.5,3
LCI,LCI 210,KLRCR_2012,Mid 2,juv tree,8,1,1
LCI,LCI 210,KLRCR_2012,Ground,tussock / herb,88,0.7,1
LCI,LCI 210,KLRCR_2013,Upper,tree,25,6,8
LCI,LCI 210,KLRCR_2013,Mid 1,shrub / juv tree,5,1.5,3
LCI,LCI 210,KLRCR_2013,Mid 2,juv tree,7,0.5,1
LCI,LCI 210,KLRCR_2013,Ground,tussock / herb,83,0.8,1
LCI,LCI 210,KLRCR_2014,Upper,tree,24,6,8
LCI,LCI 210,KLRCR_2014,Mid 1,juv tree / shrub,7,1.5,3
LCI,LCI 210,KLRCR_2014,Mid 2,juv tree,6,0.5,1
LCI,LCI 210,KLRCR_2014,Ground,tussock / herb,58,0.8,1
LCI,LCI 211,KLRCR_2011,Upper,tree,16,5,7
LCI,LCI 211,KLRCR_2011,Mid 1,shrub,4,2,4
LCI,LCI 211,KLRCR_2011,Ground,hummock / annual,45,0.2,1
LCI,LCI 211,KLRCR_2012,Upper,tree,14,5,7
LCI,LCI 211,KLRCR_2012,Mid 1,shrub,3,2,4
LCI,LCI 211,KLRCR_2012,Ground,hummock / annual,14,0.1,0.2
LCI,LCI 211,KLRCR_2013,Upper,tree,14,5,7
LCI,LCI 211,KLRCR_2013,Mid 1,shrub,2,2,4
LCI,LCI 211,KLRCR_2013,Ground,hummock / annual / herb,37,0.3,1
LCI,LCI 211,KLRCR_2014,Upper,tree,19,5,7
LCI,LCI 211,KLRCR_2014,Mid 1,shrub,4,2,4
LCI,LCI 211,KLRCR_2014,Ground,hummock / annual / herb,33,0.2,0.8
LCI,LCI 212,KLRCR_2011,Upper,tree,19,5,7
LCI,LCI 212,KLRCR_2011,Mid 1,shrub,24,2,3
LCI,LCI 212,KLRCR_2011,Ground,hummock / herb / annual,38,0.3,1
LCI,LCI 212,KLRCR_2012,Upper,tree,16,5,9
LCI,LCI 212,KLRCR_2012,Mid 1,shrub / low tree,24,2,5
LCI,LCI 212,KLRCR_2012,Ground,hummock / annual / herb,22,0.1,0.2
LCI,LCI 212,KLRCR_2013,Upper,tree,16,5,9
LCI,LCI 212,KLRCR_2013,Mid 1,shrub / low tree,23,2,5
LCI,LCI 212,KLRCR_2013,Ground,hummock / annual / herb,34,0.3,1
LCI,LCI 212,KLRCR_2014,Upper,tree,17,5,9
LCI,LCI 212,KLRCR_2014,Mid 1,shrub / low tree,16,2,5
LCI,LCI 212,KLRCR_2014,Mid 2,shrub,6,0.8,1
LCI,LCI 212,KLRCR_2014,Ground,hummock / annual / herb,31,0.8,1.2
LCI,LCI 213,KLRCR_2012,Upper,tree / melaleuca,46,14,18
LCI,LCI 213,KLRCR_2012,Mid 1,palm / juv tree,7,3,4
LCI,LCI 213,KLRCR_2012,Mid 2,shrub / juv tree,2,0.8,1
LCI,LCI 213,KLRCR_2012,Ground,tussock / herb,62,1,1.4
LCI,LCI 213,KLRCR_2013,Upper,tree / melaleuca,47,14,18
LCI,LCI 213,KLRCR_2013,Mid 1,palm / juv tree,7,3,4
LCI,LCI 213,KLRCR_2013,Mid 2,shrub / juv tree,3,1,1.2
LCI,LCI 213,KLRCR_2013,Ground,tussock / herb,84,1,1.4
LCI,LCI 213,KLRCR_2014,Upper,tree / melaleuca,44,10,12
LCI,LCI 213,KLRCR_2014,Mid 1,palm / juv tree,5,2,4
LCI,LCI 213,KLRCR_2014,Mid 2,shrub / juv tree,5,1,1
LCI,LCI 213,KLRCR_2014,Ground,tussock / herb,69,1,1
LCI,LCI 213,KLRCR_2015,Upper,tree / melaleuca,29,15,18
LCI,LCI 213,KLRCR_2015,Mid 1,palm / juv tree,3,5,8
LCI,LCI 213,KLRCR_2015,Mid 2,shrub / juv tree,9,2.5,3
LCI,LCI 213,KLRCR_2015,Ground,tussock / herb,67,1,1.2
LCI,LCI 214,KLRCR_2012,Upper,tree,10,5,6
LCI,LCI 214,KLRCR_2012,Mid 1,shrub,16,3,4
LCI,LCI 214,KLRCR_2012,Ground,annual / hummock,6,0.1,0.1
LCI,LCI 214,KLRCR_2013,Upper,tree,12,5,6
LCI,LCI 214,KLRCR_2013,Mid 1,shrub,17,3,4
LCI,LCI 214,KLRCR_2013,Ground,annual / hummock / herb,15,0.2,1
LCI,LCI 214,KLRCR_2014,Upper,tree,11,5,6
LCI,LCI 214,KLRCR_2014,Mid 1,shrub,18,3,4
LCI,LCI 214,KLRCR_2014,Ground,annual / hummock / herb,19,0.2,1
LCI,LCI 214,KLRCR_2015,Upper,tree,13,5,7
LCI,LCI 214,KLRCR_2015,Mid 1,shrub,7,2,5
LCI,LCI 214,KLRCR_2015,Ground,annual / hummock / herb,2,0.2,0.5
LCI,LCI 301,PRNP_2012,Upper,tall shrub / tree,18,10,12
LCI,LCI 301,PRNP_2012,Mid 1,shrub,8,3,4
LCI,LCI 301,PRNP_2012,Mid 2,shrub,11,1,1
LCI,LCI 301,PRNP_2012,Ground,tussock / hummock / herb,66,0.6,1
LCI,LCI 301,PRNP_2014,Upper,tall shrub / tree,41,9,12
LCI,LCI 301,PRNP_2014,Mid 1,shrub,21,4,8
LCI,LCI 301,PRNP_2014,Mid 2,shrub,10,1,5
LCI,LCI 301,PRNP_2014,Ground,tussock / hummock / herb,69,1,1.5
LCI,LCI 302,PRNP_2012,Upper,tree,23,12,15
LCI,LCI 302,PRNP_2012,Mid 1,shrub,16,4,6
LCI,LCI 302,PRNP_2012,Ground,hummock / herb,49,0.9,1
LCI,LCI 302,PRNP_2014,Upper,tree,20,12,16
LCI,LCI 302,PRNP_2014,Mid 1,shrub,14,4,5
LCI,LCI 302,PRNP_2014,Ground,hummock / herb,1,0.9,1
LCI,LCI 303,PRNP_2012,Upper,tree,8,6,6
LCI,LCI 303,PRNP_2012,Mid 1,shrub,5,1,2
LCI,LCI 303,PRNP_2012,Ground,hummock / herb,17,0.6,0.6
LCI,LCI 303,PRNP_2014,Upper,tree,10,6,7
LCI,LCI 303,PRNP_2014,Mid 1,shrub,12,2,4
LCI,LCI 303,PRNP_2014,Ground,hummock,27,1,1
LCI,LCI 304,PRNP_2012,Upper,tree,12,12,13
LCI,LCI 304,PRNP_2012,Mid 1,shrub,11,5,6
LCI,LCI 304,PRNP_2012,Mid 2,shrub,7,1,2
LCI,LCI 304,PRNP_2012,Ground,hummock / herb,76,0.8,1
LCI,LCI 304,PRNP_2014,Upper,tree,9,10,12
LCI,LCI 304,PRNP_2014,Mid 1,shrub,22,5,6
LCI,LCI 304,PRNP_2014,Mid 2,shrub,15,2,3
LCI,LCI 304,PRNP_2014,Ground,hummock / herb,68,1,1.5
LCI,LCI 305 R,PRNP_2012,Upper,rainforest tree,90,12,15
LCI,LCI 305 R,PRNP_2012,Mid 1,rainforest shrub,8,3,4
LCI,LCI 305 R,PRNP_2014,Upper,rainforest tree,70,18,20
LCI,LCI 305 R,PRNP_2014,Mid 1,rainforest sappling / shrub / vine,30,4,6
LCI,LCI 305 R,PRNP_2014,Mid 2,rainforest sappling,10,1,2
LCI,LCI 305 R,PRNP_2014,Ground,herb,5,0.5,0.7
LCI,LCI 305 W,PRNP_2012,Upper,tree,23,10,12
LCI,LCI 305 W,PRNP_2012,Mid 1,shrub,9,3,4
LCI,LCI 305 W,PRNP_2012,Ground,herb,4.6,0.6,0.8
LCI,LCI 306,PRNP_2012,Upper,tree,4,8,10
LCI,LCI 306,PRNP_2012,Mid 1,shrub,12,4,6
LCI,LCI 306,PRNP_2012,Mid 2,shrub,3,1,1.5
LCI,LCI 306,PRNP_2012,Ground,hummock,70,0.8,1
LCI,LCI 306,PRNP_2014,Upper,tree,5,10,12
LCI,LCI 306,PRNP_2014,Mid 1,shrub,2,5,7
LCI,LCI 306,PRNP_2014,Mid 2,shrub,0,0,0
LCI,LCI 306,PRNP_2014,Ground,hummock,5,0.3,0.5
LCI,LCI 307,PRNP_2014,Upper,tree,12,10,12
LCI,LCI 307,PRNP_2014,Mid 1,shrub,15,6,7
LCI,LCI 307,PRNP_2014,Mid 2,shrub / vine,4,0.5,2
LCI,LCI 307,PRNP_2014,Ground,hummock,60,0.3,0.5
LCI,LCI 307,PRNP_2012,Upper,tree,10,6,9
LCI,LCI 307,PRNP_2012,Mid 1,shrub,6,2.5,4
LCI,LCI 307,PRNP_2012,Mid 2,shrub,5,1,1.5
LCI,LCI 307,PRNP_2012,Ground,hummock / herb,45,0.6,0.8
LCI,LCI 308,PRNP_2012,Upper,tree,21,13,16
LCI,LCI 308,PRNP_2012,Mid 1,shrub,12,3,4
LCI,LCI 308,PRNP_2012,Mid 2,shrub,4,1.5,2
LCI,LCI 308,PRNP_2012,Ground,hummock / herb,64,0.5,0.9
LCI,LCI 308,PRNP_2014,Upper,tree,27,12,17
LCI,LCI 308,PRNP_2014,Mid 1,shrub,13,4,8
LCI,LCI 308,PRNP_2014,Mid 2,shrub,11,1,2
LCI,LCI 308,PRNP_2014,Ground,hummock / herb,72,0.5,1
LCI,LCI 311,PRNP_2012,Upper,tree,37,13,14
LCI,LCI 311,PRNP_2012,Mid 1,shrub,11,2.5,3
LCI,LCI 311,PRNP_2012,Mid 2,juv tree,2,1.5,2
LCI,LCI 311,PRNP_2012,Ground,tussock / herb / annual,42,0.8,1
LCI,LCI 311,PRNP_2014,Upper,tree,33,14,16
LCI,LCI 311,PRNP_2014,Mid 1,shrub / juv tree / palm,8,4,6
LCI,LCI 311,PRNP_2014,Mid 2,juv tree,4,2,3
LCI,LCI 311,PRNP_2014,Ground,tussock / herb,35,1,1.5
LCI,LCI 313 R,PRNP_2014,Upper,rainforest tree,80,10,16
LCI,LCI 313 R,PRNP_2014,Mid 1,rainforest shrub,20,2,6
LCI,LCI 313 R,PRNP_2012,Upper,rainforest tree,70,10,12
LCI,LCI 313 R,PRNP_2012,Mid 1,rainforest shrub,20,2,5
LCI,LCI 313 W,PRNP_2014,Upper,tree,24,10,12
LCI,LCI 313 W,PRNP_2014,Mid 1,shrub,8,2,4
LCI,LCI 313 W,PRNP_2014,Ground,tussock,46,0.8,1.2
LCI,LCI 313 W,PRNP_2012,Upper,tree,24,10,12
LCI,LCI 313 W,PRNP_2012,Mid 1,shrub,12,1.5,4
LCI,LCI 313 W,PRNP_2012,Ground,tussock,44,0.6,0.8
LCI,LCI 314 R,PRNP_2012,Upper,rainforest tree,90,8,8
LCI,LCI 314 R,PRNP_2012,Mid 1,rainforest shrub,20,2,2
LCI,LCI 314 R,PRNP_2014,Upper,rainforest tree,90,10,15
LCI,LCI 314 R,PRNP_2014,Mid 1,juv tree,20,7,10
LCI,LCI 314 R,PRNP_2014,Mid 2,rainforest sappling,10,1.5,2
LCI,LCI 314 W,PRNP_2012,Upper,tree,20,8,9
LCI,LCI 314 W,PRNP_2012,Mid 1,shrub,13,2,2
LCI,LCI 314 W,PRNP_2012,Ground,tussock / herb,29,0.6,0.8
LCI,LCI 314 W,PRNP_2014,Upper,tree,25,8,9
LCI,LCI 314 W,PRNP_2014,Mid 1,shrub,12,2,2
LCI,LCI 314 W,PRNP_2014,Ground,tusdsock / herb,44,0.5,2
LCI,LCI 315,PRNP_2012,Upper,tree,21,10,14
LCI,LCI 315,PRNP_2012,Mid 1,shrub,12,3,4
LCI,LCI 315,PRNP_2012,Mid 2,juv tree,1,1.2,2
LCI,LCI 315,PRNP_2012,Ground,tussock / annual,72,0.7,1
LCI,LCI 315,PRNP_2014,Upper,tree,24,10,12
LCI,LCI 315,PRNP_2014,Mid 1,shrub,10,2,3
LCI,LCI 315,PRNP_2014,Mid 2,juv tree,2,2,2
LCI,LCI 315,PRNP_2014,Ground,tussock / herb,76,1,1.5
LCI,LCI 316,PRNP_2012,Upper,tree,31,10,12
LCI,LCI 316,PRNP_2012,Mid 1,shrub / juv tree,4,1.5,2
LCI,LCI 316,PRNP_2012,Ground,tussock / annual / herb,74,0.8,1
LCI,LCI 316,PRNP_2014,Upper,tree,28,10,18
LCI,LCI 316,PRNP_2014,Mid 1,shrub,8,5,9
LCI,LCI 316,PRNP_2014,Mid 2,juv tree / shrub,7,1,2
LCI,LCI 316,PRNP_2014,Ground,tussock / herb,75,1,1
LCI,LCI 317 R,PRNP_2014,Upper,rainforest tree,65,14,18
LCI,LCI 317 R,PRNP_2014,Mid 1,rainforest shrub,25,10,12
LCI,LCI 317 R,PRNP_2014,Mid 2,rainforest sappling,14,2,3
LCI,LCI 317 R,PRNP_2012,Upper,rainforest tree,70,10,12
LCI,LCI 317 R,PRNP_2012,Mid 1,rainforest shrub,23,4,10
LCI,LCI 317 R,PRNP_2012,Mid 2,rainforest sappling,2,4,10
LCI,LCI 317 W,PRNP_2014,Upper,tree,39,10,14
LCI,LCI 317 W,PRNP_2014,Mid 1,shrub,7,2,8
LCI,LCI 317 W,PRNP_2014,Mid 2,shrub / vine,4,0.5,1
LCI,LCI 317 W,PRNP_2014,Ground,tussock / vine / annual,85,0.9,1.5
LCI,LCI 317 W,PRNP_2012,Upper,tree,27,10,12
LCI,LCI 317 W,PRNP_2012,Mid 1,shrub / vine,22,2,10
LCI,LCI 317 W,PRNP_2012,Ground,tussock / vine / annual,70,0.8,1
LCI,LCI 318,PRNP_2012,Upper,tree,24,10,11
LCI,LCI 318,PRNP_2012,Mid 1,shrub / palm,22,5,6
LCI,LCI 318,PRNP_2012,Ground,tussock / herb,45,0.6,1
LCI,LCI 318,PRNP_2014,Upper,tree,21,14,16
LCI,LCI 318,PRNP_2014,Mid 1,shrub / palm,14,6,8
LCI,LCI 318,PRNP_2014,Mid 2,shrub,19,6,8
LCI,LCI 318,PRNP_2014,Ground,tussock / herb,53,1,1.5
LCI,LCI 319,PRNP_2012,Upper,tree,38,11,13
LCI,LCI 319,PRNP_2012,Mid 1,shrub,7,2,3
LCI,LCI 319,PRNP_2012,Ground,tussock / herb,48,0.8,1
LCI,LCI 319,PRNP_2014,Upper,tree,36,11,15
LCI,LCI 319,PRNP_2014,Mid 1,tree / shrub,13,5,10
LCI,LCI 319,PRNP_2014,Mid 2,shrub,3,4,5
LCI,LCI 319,PRNP_2014,Ground,tussock / tree seedling / herb,46,1,2
LCI,LCI 401,Mt Elizabeth_2013,Upper,tree,27,14,15
LCI,LCI 401,Mt Elizabeth_2013,Mid 1,tree / shrub,5,6,7
LCI,LCI 401,Mt Elizabeth_2013,Mid 2,shrub,4,1,1
LCI,LCI 401,Mt Elizabeth_2013,Ground,tussock / annual / herb,10,0.4,2
LCI,LCI 403,Mt Elizabeth_2013,Upper,tree,35,11,13
LCI,LCI 403,Mt Elizabeth_2013,Mid 1,tree / shrub,4,3,8
LCI,LCI 403,Mt Elizabeth_2013,Mid 2,juv tree,3,1,2
LCI,LCI 403,Mt Elizabeth_2013,Ground,tussock / herb,20,0.6,0.7
LCI,LCI 405,Mt Elizabeth_2013,Upper,tree,39,12,12
LCI,LCI 405,Mt Elizabeth_2013,Mid 1,shrub / juv tree,4,2.5,4
LCI,LCI 405,Mt Elizabeth_2013,Mid 2,juv tree,3,0.5,1
LCI,LCI 405,Mt Elizabeth_2013,Ground,tussock / herb,21,0.6,0.7
LCI,LCI 406,Mt Elizabeth_2013,Upper,tree,29,15,18
LCI,LCI 406,Mt Elizabeth_2013,Mid 1,tree / shrub,10,5,8
LCI,LCI 406,Mt Elizabeth_2013,Mid 2,shrub,3,0.5,0.5
LCI,LCI 406,Mt Elizabeth_2013,Ground,tussock,3,0.1,0.2
LCI,LCI 410,Mt Elizabeth_2013,Upper,tree,23,17,18
LCI,LCI 410,Mt Elizabeth_2013,Mid 1,shrub / low tree,19,6,9
LCI,LCI 410,Mt Elizabeth_2013,Mid 2,shrub / juv tree,4,0.2,0.2
LCI,LCI 410,Mt Elizabeth_2013,Ground,tussock / herb,3,0.1,0.1
LCI,LCI 411,Mt Elizabeth_2013,Upper,tree,45,12,14
LCI,LCI 411,Mt Elizabeth_2013,Mid 2,juv tree,1,0.5,1
LCI,LCI 411,Mt Elizabeth_2013,Ground,tussock / herb,69,0.8,1
LCI,LCI 412,Mt Elizabeth_2013,Upper,tree,30,13,14
LCI,LCI 412,Mt Elizabeth_2013,Mid 1,shrub,1,4,7
LCI,LCI 412,Mt Elizabeth_2013,Mid 2,juv tree,2,0.5,1
LCI,LCI 412,Mt Elizabeth_2013,Ground,tussock / herb,54,0.4,0.5
LCI,LCI 413,Mt Elizabeth_2013,Upper,tree,28,8,10
LCI,LCI 413,Mt Elizabeth_2013,Mid 1,shrub,7,3,4
LCI,LCI 413,Mt Elizabeth_2013,Ground,tussock / hummock / herb,23,0.4,1.5
LCI,LCI 501,Bachsten_2013,Upper,tree,19,10,14
LCI,LCI 501,Bachsten_2013,Mid 1,shrub / low tree,21,8,10
LCI,LCI 501,Bachsten_2013,Mid 2,shrub,10,1,5
LCI,LCI 501,Bachsten_2013,Ground,annual / tussock / hummock,15,0.6,0.8
LCI,LCI 502,Bachsten_2013,Upper,tree,17,9,12
LCI,LCI 502,Bachsten_2013,Mid 1,shrub / juv tree,5,1,1.5
LCI,LCI 502,Bachsten_2013,Ground,annual / tussock / hummock / herb,5,0.7,0.7
LCI,LCI 504,Bachsten_2013,Upper,tree,26,12,14
LCI,LCI 504,Bachsten_2013,Mid 1,shrub / low tree,6,4,6
LCI,LCI 504,Bachsten_2013,Mid 2,shrub / juv tree,4,1,1.5
LCI,LCI 504,Bachsten_2013,Ground,annual / tussock / hummock,56,0.6,0.8
LCI,LCI 505,Bachsten_2013,Upper,tree,13,10,12
LCI,LCI 505,Bachsten_2013,Mid 1,shrub,9,4,5
LCI,LCI 505,Bachsten_2013,Mid 2,shrub,3,0.5,1
LCI,LCI 505,Bachsten_2013,Ground,annual / hummock / tussock,28,0.7,0.8
LCI,LCI 506,Bachsten_2013,Upper,tree,14,12,13
LCI,LCI 506,Bachsten_2013,Mid 1,shrub,8,3,5
LCI,LCI 506,Bachsten_2013,Mid 2,shrub,1,0.5,1
LCI,LCI 506,Bachsten_2013,Ground,hummmock / tussock,5,0.6,0.8
LCI,LCI 507,Bachsten_2013,Upper,tree,12,7,9
LCI,LCI 507,Bachsten_2013,Mid 1,shrub,7,4,6
LCI,LCI 507,Bachsten_2013,Ground,hummock,60,0.8,1
LCI,LCI 511,Bachsten_2013,Upper,tree,19,16,18
LCI,LCI 511,Bachsten_2013,Mid 1,shrub,9,6,12
LCI,LCI 511,Bachsten_2013,Mid 2,shrub,5,0.5,0.8
LCI,LCI 511,Bachsten_2013,Ground,tussock / herb,93,0.8,1
LCI,LCI 512,Bachsten_2013,Upper,tree,27,15,18
LCI,LCI 512,Bachsten_2013,Mid 1,shrub,8,7,10
LCI,LCI 512,Bachsten_2013,Mid 2,juv shrub,4,0.5,1
LCI,LCI 512,Bachsten_2013,Ground,tussock,91.6,0.8,1
LCI,LCI 601,DRNP_2013,Upper,tree,11,10,14
LCI,LCI 601,DRNP_2013,Mid 1,shrub,7,5,6
LCI,LCI 601,DRNP_2013,Mid 2,shrub,5,5,6
LCI,LCI 601,DRNP_2013,Ground,annual / tussock / herb,77,0.3,0.5
LCI,LCI 602,DRNP_2013,Upper,tree,17,9,14
LCI,LCI 602,DRNP_2013,Mid 1,shrub / low tree,6,4.5,7
LCI,LCI 602,DRNP_2013,Mid 2,shrub,2,0.5,0.5
LCI,LCI 602,DRNP_2013,Ground,tussock / annual / herb,13,0.1,0.7
LCI,LCI 603,DRNP_2013,Upper,tree,13,12,12
LCI,LCI 603,DRNP_2013,Mid 1,shrub / low tree,14,4.5,6
