Project,Site,Visit,Point of Change (m.cm),Change from,Change to
NC,MNP 006,MNP_2012,0,annual Sorghum,no annual Sorghum
NC,MNP 006,MNP_2013,1.4,annual Sorghum,no annual Sorghum
NC,PLNR 003,PLNR_2011,11.1,unburned,burned
NC,PLNR 003,PLNR_2012,11.1,litter cover,bare ground with some minor litter
NC,PNP 004,PNP_2013,23.2,burned,unburned
NC,PNP 004,PNP_2013,32.8,unburned,burned
NC,PNP 004,PNP_2015,47.5,burned,unburned
NC,PNP 004,PNP_2015,52,unburned,burned
NC,PNP 006,PNP_2013,48.5,burned,unburned
NC,PNP 012,PNP_2012,35.5,more recently burned,longer unburned patch
NC,PNP 012,PNP_2013,35.5,more recently burned,longer unburned patch
