Project,Site,Visit,Point of Change (m.cm),Change from,Change to
LCI,LCI 002,MP_July 2011,5,sand plain,rugged rocky hillslope
LCI,LCI 002,MP_July 2012,5,sand plain,rugged rocky hillslope
LCI,LCI 002,MP_July 2013,5,sand plain,rugged rocky hillslope
LCI,LCI 002,MP_July 2014,5,sand plain,rugged rocky hillslope
LCI,LCI 004,MP_July 2011,5,old cattle scald,perennial grass dominated footslope
LCI,LCI 004,MP_July 2012,6.5,scald with Heteropogon,"black soil, swampy"
LCI,LCI 004,MP_July 2012,21,blacksoil swampy,Mainly Themeda hill slope rocky
LCI,LCI 008 R,MP_July 2011,25,grass,grass intrusions
LCI,LCI 008 R,MP_July 2011,34.8,grass intrusions,no grass
LCI,LCI 008 R,MP_August 2013,25,grass,grass intrusions
LCI,LCI 008 R,MP_August 2013,34.6,grass intrusions,no grass
LCI,LCI 008 R,MP_July 2014,28.8,woodland,start RF seedlings
LCI,LCI 008 R,MP_July 2014,34.5,grass intrusions,no grass
LCI,LCI 008 R,MP_July 2014,42,RF canopy broken,RF canopy dense
LCI,LCI 008 R,MP_July 2012,25,grass,grass intrusions
LCI,LCI 008 R,MP_July 2012,34.6,grass intrusions,no grass
LCI,LCI 008 W,MP_July 2011,28.2,burned,unburned
LCI,LCI 008 W,MP_August 2013,30.5,burned,unburned
LCI,LCI 011,MP_July 2014,45.2,Woodland,Open melaleuca thicket
LCI,LCI 014,MP_August 2011,12,burned,unburned
LCI,LCI 014,MP_August 2011,24,unburned,burned
LCI,LCI 014,MP_August 2013,10.5,burned,unburned
LCI,LCI 014,MP_August 2013,46.5,unburned,burned
LCI,LCI 015 R,MP_August 2011,34.5,grass intrusions,no grass
LCI,LCI 015 R,MP_August 2011,47,start of increasing amount of tree sapplings,
LCI,LCI 015 R,MP_July 2012,36,grass intrusions,no grass
LCI,LCI 015 R,MP_August 2013,36,grass intrusions,no grass
LCI,LCI 015 W,MP_August 2011,15.6,grass,grass intrusions
LCI,LCI 015 W,MP_July 2012,15,grass,grass intrusions
LCI,LCI 015 W,MP_August 2013,15,grass,grass intrusions
LCI,LCI 017,MP_September 2011,12,sandy open spinifex,more clayey soil with other perennial grasses and soil crust
LCI,LCI 018,MP_September 2011,20,rocky sandstone,perched sand
LCI,LCI 018,MP_September 2011,47,perched sand,rocky sandstone
LCI,LCI 021,MP_May 2012,10,Triodia,vine thicket scree
LCI,LCI 021,MP_May 2012,40,vine thicket scree,open rock with Triodia
LCI,LCI 021,MP_July 2014,12,Acacia + Triodia thicket,vine thicket scree
LCI,LCI 023 R,MP_July 2014,20.2,open volcanic woodland,rainforest
LCI,LCI 023 R,MP_July 2014,15.8,woodland,start RF seedlings
LCI,LCI 023 R,MP_July 2014,20.2,woodland,rainforest
LCI,LCI 023 W,MP_August 2011,21.5,grass,no grass
LCI,LCI 023 W,MP_July 2013,20,open volcanic woodland,rainforest
LCI,LCI 023 W,MP_July 2014,21.2,grass intrusions + broken canopy,rainforest
LCI,LCI 027,MP_August 2011,10,burned,unburned
LCI,LCI 028,MP_August 2014,37.4,woodland laterite,open flood zone
LCI,LCI 028,MP_August 2014,50,open flood zone,wetland/riparian
LCI,LCI 029,MP_September 2011,12.2,annual,Themeda triandra perennial
LCI,LCI 029,MP_September 2011,43,Themeda triandra,riparian grasses
LCI,LCI 029,MP_July 2012,15.2,low grass scald,Themeda triandra dominated
LCI,LCI 029,MP_July 2012,43.2,Themeda triandra,Sorghum plumosum and riparian grasses
LCI,LCI 029,MP_July 2013,22,scald recovering,taller grass
LCI,LCI 029,MP_July 2013,43,taller grass,riparian grasses
LCI,LCI 032,MP_August 2011,45,open woodland,Melaleuca nervosa woodland/swamp
LCI,LCI 032,MP_July 2013,45,open woodland,Melaleuca nervosa woodland/swamp
LCI,LCI 035,MP_July 2012,16,sandy flat,rocks
LCI,LCI 035,MP_July 2013,16,sandy flat,rocks
LCI,LCI 038,MP_September 2011,38.5,herb field/grass,wetland
LCI,LCI 039 R,MP_July 2012,18.8,grass intrusions,no grass
LCI,LCI 039 R,MP_August 2013,18.8,grass intrusions,no grass
LCI,LCI 039 W,MP_July 2012,13,grass,grass intrusions
LCI,LCI 039 W,MP_August 2013,13,grass,grass intrusions
LCI,LCI 047 R,MP_September 2013,60,open rainforest,closed dense rainforest with rocks
LCI,LCI 047 R,MP_July 2014,13.9,grass woodland,intrusion zone with rainforest seedlings
LCI,LCI 047 R,MP_July 2014,15.8,grass woodland,rainforest
LCI,LCI 047 W,MP_September 2013,15,grass,grass intrusions
LCI,LCI 047 W,MP_July 2014,22,grass intrustions + broken canopy,Rainforest
LCI,LCI 050,MP_August 2013,28.5,"flat, recently burned","scree, longer unburned"
LCI,LCI 056,MP_July 2012,4.8,cattle pad,
LCI,LCI 056,MP_August 2013,4.8,cattle pad,
LCI,LCI 201,KLRCR_2014,46.3,grass woodland,dense pandanus thicket
LCI,LCI 202,KLRCR_2011,12.1,triodia,heteropogon/chrysopogon
LCI,LCI 202,KLRCR_2012,12.1,triodia,tussock
LCI,LCI 202,KLRCR_2013,12.1,triodia,tussock
LCI,LCI 202,KLRCR_2014,11.7,triodia,sorgham
LCI,LCI 202,KLRCR_2015,12.1,triodia,tussock
LCI,LCI 205,KLRCR_2011,7.3,cattle track,
LCI,LCI 205,KLRCR_2012,7.3,cattle track - looks less used / fading,
LCI,LCI 205,KLRCR_2013,7.3,"cattle track - still in use, probably just to walk through",
LCI,LCI 205,KLRCR_2014,7,Eriachne + Heteropogon dominated grass understorey,triodia dominated understorey
LCI,LCI 205,KLRCR_2014,42,triodia dominated understorey,Eriachne + Heteropogon dominated grass understorey
LCI,LCI 205,KLRCR_2015,7,Eriachne + Heteropogon dominated grass understorey,triodia dominated understorey
LCI,LCI 205,KLRCR_2015,42,triodia dominated understorey,Eriachne + Heteropogon dominated grass understorey
LCI,LCI 207,KLRCR_2011,63,unburned,burned
LCI,LCI 207,KLRCR_2012,63,burned,unburned
LCI,LCI 207,KLRCR_2012,50.5,unburned,burned
LCI,LCI 208,KLRCR_2014,35,annual Sorghum dominated,perennial grass dominated
LCI,LCI 211,KLRCR_2014,35,Triodia dom - open,sorgham dominated - shade
LCI,LCI 213,KLRCR_2014,27,grass woodland,riparian zone
LCI,LCI 301,PRNP_2012,6,Triodia,"Eriachne, Ophiuros"
LCI,LCI 301,PRNP_2012,35.7,"Eriachne, Ophiuros",true riparian bank vegetation
LCI,LCI 301,PRNP_2014,7.1,triodia,peren grass understory
LCI,LCI 301,PRNP_2014,27,dense grev thicket,grassy riparian
LCI,LCI 301,PRNP_2015,38,woodland,granite outcrop/creek
LCI,LCI 303,PRNP_2014,33,Triodia sandstone flat,rocky scree
LCI,LCI 305 R,PRNP_2014,18,"herb understorey, broken canpoy",dense shade
LCI,LCI 305 W,PRNP_2012,17,herb,rainforest interior dominated by litter
LCI,LCI 306,PRNP_2012,19,resinous Triodia,light Triodia
LCI,LCI 307,PRNP_2012,18,Triodia light,Triodia resinous
LCI,LCI 308,PRNP_2012,19,resinous Triodia,Eriachne obtusa dominant
LCI,LCI 308,PRNP_2014,47,riparian vegetation,creekline (water)
LCI,LCI 311,PRNP_2012,12,rocky outcrop,open volcanic woodland
LCI,LCI 311,PRNP_2015,20,woodland,rocky outcrop
LCI,LCI 313 R,PRNP_2014,16,volcanic woodland,rainforest open floor
LCI,LCI 313 R,PRNP_2014,34,rainforest open floor,boulder slope
LCI,LCI 313 R,PRNP_2015,16.7,woodland,rainforest
LCI,LCI 313 W,PRNP_2012,16.7,volcanic woodland,rainforest open floor
LCI,LCI 313 W,PRNP_2012,34,rainforest open floor,boulder slope
LCI,LCI 313 W,PRNP_2014,16,volcanic woodland,rainforest open floor
LCI,LCI 313 W,PRNP_2014,34,rainforest open floor,boulder slope
LCI,LCI 313 W,PRNP_2015,16.7,woodland,rainforest
LCI,LCI 314 R,PRNP_2014,16.5,woodland/ perennial grass,rainforest / open understory
LCI,LCI 314 W,PRNP_2012,21,volcanic savanna woodland,rainforest
LCI,LCI 316,PRNP_2015,38,woodland,granite outcrop
LCI,LCI 317 R,PRNP_2012,22,Passioflora/tussock grass,rocks and rainforest boundary
LCI,LCI 317 R,PRNP_2014,22,woodland,rainforest
LCI,LCI 317 R,PRNP_2015,20.5,woodland,rainforest
LCI,LCI 317 W,PRNP_2014,22,woodland,rainforest
LCI,LCI 317 W,PRNP_2015,20.5,woodland,rainforest
LCI,LCI 318,PRNP_2012,11,red loam,grey sand/loam
LCI,LCI 318,PRNP_2012,43.5,grey sand/loam,red loam
LCI,LCI 401,Mt Elizabeth_2013,23,open sandy flat,Callitris stand
LCI,LCI 403,Mt Elizabeth_2013,6,Eucalyptus tectifica woodland,Callitris stand
LCI,LCI 403,Mt Elizabeth_2013,42,Callitris stand,E. tectifica woodland
LCI,LCI 502,Bachsten_2013,10,flat adjoining creek,hillslope
LCI,LCI 504,Bachsten_2013,38,footslope with Sorghum stipoideum,rocky hillside with Sorghum plumosum
LCI,LCI 504,Bachsten_2013,60,rocky hillside,Triodia rocky plateau surface
LCI,LCI 505,Bachsten_2013,11,valley floor,rocky slope
LCI,LCI 505,Bachsten_2013,42,rocky slope,Triodia plateau
LCI,LCI 506,Bachsten_2013,11.5,valley flat,rocky slope
LCI,LCI 506,Bachsten_2013,27,rocky slope,spinifex flat or levee
LCI,LCI 511,Bachsten_2013,37,E. miniata woodland,seasonal swamp
LCI,LCI 601,DRNP_2013,44,levee flat,eroded bank
LCI,LCI 601,DRNP_2015,43,river floddplain,eroded bank
LCI,LCI 601,DRNP_2015,50,eroded bank,water level
LCI,LCI 602,DRNP_2013,30,levee flat,slope of bank
LCI,LCI 604,DRNP_2013,10.5,slope,scree slope
LCI,LCI 604,DRNP_2015,5,base of hill with Chrysopogon,slope dominated by annual Sorghum
LCI,LCI 605,DRNP_2013,20,"gentle slope with rocks, Sorghum and Eriachne",Heteropogon dominated
LCI,LCI 605,DRNP_2013,31,Heteropogon flat,Ophiuros dominated
LCI,LCI 605,DRNP_2013,46,Ophiuros dominated,bank/gallery forest no understorey
LCI,LCI 608 R,DRNP_2013,21,transition,rainforest proper
LCI,LCI 608 R,DRNP_2013,44,rainforest proper,creek boulders
LCI,LCI 608 R,DRNP_2015,11,woodland,rainforest patch
LCI,LCI 608 W,DRNP_2013,10,grassy savanna,transition
LCI,LCI 608 W,DRNP_2015,11,woodland,rainforest patch
LCI,LCI 612,DRNP_2015,4.5,ephemeral creek,rocky bank
LCI,LCI 612,DRNP_2015,20,rocky bank,rock shelf - little shallow soil
LCI,LCI 615,DRNP_2015,13,rock shelf at top of cliff,boulder spinifex slope
LCI,LCI 615,DRNP_2015,26.4,boulder spinifex slope,Flat rock shelf with sand covering
LCI,LCI 616,DRNP_2015,11,rock shelf,rainforest/escarpment
LCI,LCI 616,DRNP_2015,21,rainforest/escarpment,rock shelf and spinifex plateau
