Project,Site,Visit,Trap Line ID,Trap Type,Open Date,Close Date,Datum,Start Latitude,Start Longitude,Stop Latitude,Stop Longitude,Accuracy (m),Number of Traps,Comments
LCI,LCI 001,MP_July 2011,,Large Elliott,2011-07-26,2011-08-01,GDA94,,,,,50,10,
LCI,LCI 001,MP_July 2011,,Medium Elliott,2011-07-26,2011-08-01,GDA94,,,,,50,10,
LCI,LCI 001,MP_July 2011,,Cage,2011-07-26,2011-08-01,GDA94,,,,,50,4,
LCI,LCI 001,MP_July 2011,,Camera,2011-07-26,2011-08-01,GDA94,,,,,50,1,
LCI,LCI 001,MP_July 2012,,Large Elliott,2012-07-07,2012-07-12,GDA94,,,,,50,10,
LCI,LCI 001,MP_July 2012,,Medium Elliott,2012-07-07,2012-07-12,GDA94,,,,,50,10,
LCI,LCI 001,MP_July 2012,,Cage,2012-07-07,2012-07-12,GDA94,,,,,50,4,
LCI,LCI 001,MP_July 2012,,Camera,2012-07-07,2012-07-12,GDA94,,,,,50,1,
LCI,LCI 001,MP_June 2013,,Large Elliott,2013-06-24,2013-06-29,GDA94,,,,,50,10,
LCI,LCI 001,MP_June 2013,,Medium Elliott,2013-06-24,2013-06-29,GDA94,,,,,50,10,
LCI,LCI 001,MP_June 2013,,Cage,2013-06-24,2013-06-29,GDA94,,,,,50,4,
LCI,LCI 001,MP_June 2013,,Camera,2013-06-24,2013-06-29,GDA94,,,,,50,1,
LCI,LCI 001,MP_July 2014,,Large Elliott,2014-07-09,2014-07-14,GDA94,,,,,50,10,
LCI,LCI 001,MP_July 2014,,Medium Elliott,2014-07-09,2014-07-14,GDA94,,,,,50,10,
LCI,LCI 001,MP_July 2014,,Cage,2014-07-09,2014-07-14,GDA94,,,,,50,4,
LCI,LCI 001,MP_July 2014,,Camera,2014-07-09,2014-07-14,GDA94,,,,,50,1,
LCI,LCI 002,MP_July 2011,,Large Elliott,2011-07-30,2011-08-01,GDA94,,,,,50,10,
LCI,LCI 002,MP_July 2011,,Medium Elliott,2011-07-30,2011-08-01,GDA94,,,,,50,10,
LCI,LCI 002,MP_July 2011,,Cage,2011-07-30,2011-08-01,GDA94,,,,,50,4,
LCI,LCI 002,MP_July 2011,,Camera,2011-07-30,2011-08-01,GDA94,,,,,50,1,
LCI,LCI 002,MP_July 2012,,Large Elliott,2012-07-08,2012-07-12,GDA94,,,,,50,10,
LCI,LCI 002,MP_July 2012,,Medium Elliott,2012-07-08,2012-07-12,GDA94,,,,,50,10,
LCI,LCI 002,MP_July 2012,,Cage,2012-07-08,2012-07-12,GDA94,,,,,50,4,
LCI,LCI 002,MP_July 2012,,Camera,2012-07-08,2012-07-12,GDA94,,,,,50,1,
LCI,LCI 002,MP_June 2013,,Large Elliott,2013-06-24,2013-06-29,GDA94,,,,,50,10,
LCI,LCI 002,MP_June 2013,,Medium Elliott,2013-06-24,2013-06-29,GDA94,,,,,50,10,
LCI,LCI 002,MP_June 2013,,Cage,2013-06-24,2013-06-29,GDA94,,,,,50,4,
LCI,LCI 002,MP_June 2013,,Camera,2013-06-24,2013-06-29,GDA94,,,,,50,1,
LCI,LCI 002,MP_July 2014,,Large Elliott,2014-07-09,2014-07-14,GDA94,,,,,50,10,
LCI,LCI 002,MP_July 2014,,Medium Elliott,2014-07-09,2014-07-14,GDA94,,,,,50,10,
LCI,LCI 002,MP_July 2014,,Cage,2014-07-09,2014-07-14,GDA94,,,,,50,4,
LCI,LCI 002,MP_July 2014,,Camera,2014-07-09,2014-07-14,GDA94,,,,,50,1,
LCI,LCI 003,MP_July 2011,,Large Elliott,2011-07-29,2011-08-01,GDA94,,,,,50,10,
LCI,LCI 003,MP_July 2011,,Medium Elliott,2011-07-29,2011-08-01,GDA94,,,,,50,10,
LCI,LCI 003,MP_July 2011,,Cage,2011-07-29,2011-08-01,GDA94,,,,,50,4,
LCI,LCI 003,MP_July 2011,,Camera,2011-07-29,2011-08-01,GDA94,,,,,50,1,
LCI,LCI 003,MP_May 2012,,Large Elliott,2012-07-07,2012-07-12,GDA94,,,,,50,10,
LCI,LCI 003,MP_May 2012,,Medium Elliott,2012-07-07,2012-07-12,GDA94,,,,,50,10,
LCI,LCI 003,MP_May 2012,,Cage,2012-07-07,2012-07-12,GDA94,,,,,50,4,
LCI,LCI 003,MP_May 2012,,Camera,2012-07-07,2012-07-12,GDA94,,,,,50,1,
LCI,LCI 003,MP_June 2013,,Large Elliott,2013-06-24,2013-06-29,GDA94,,,,,50,10,
LCI,LCI 003,MP_June 2013,,Medium Elliott,2013-06-24,2013-06-29,GDA94,,,,,50,10,
LCI,LCI 003,MP_June 2013,,Cage,2013-06-24,2013-06-29,GDA94,,,,,50,4,
LCI,LCI 003,MP_June 2013,,Camera,2013-06-24,2013-06-29,GDA94,,,,,50,1,
LCI,LCI 003,MP_July 2014,,Large Elliott,2014-07-09,2014-07-14,GDA94,,,,,50,10,
LCI,LCI 003,MP_July 2014,,Medium Elliott,2014-07-09,2014-07-14,GDA94,,,,,50,10,
LCI,LCI 003,MP_July 2014,,Cage,2014-07-09,2014-07-14,GDA94,,,,,50,4,
LCI,LCI 003,MP_July 2014,,Camera,2014-07-09,2014-07-14,GDA94,,,,,50,1,
LCI,LCI 004,MP_July 2011,,Large Elliott,2011-07-26,2011-08-01,GDA94,,,,,50,10,
LCI,LCI 004,MP_July 2011,,Medium Elliott,2011-07-26,2011-08-01,GDA94,,,,,50,10,
LCI,LCI 004,MP_July 2011,,Cage,2011-07-26,2011-08-01,GDA94,,,,,50,4,
LCI,LCI 004,MP_July 2011,,Camera,2011-07-26,2011-08-01,GDA94,,,,,50,1,
LCI,LCI 004,MP_July 2012,,Large Elliott,2012-07-07,2012-07-12,GDA94,,,,,50,10,
LCI,LCI 004,MP_July 2012,,Medium Elliott,2012-07-07,2012-07-12,GDA94,,,,,50,10,
LCI,LCI 004,MP_July 2012,,Cage,2012-07-07,2012-07-12,GDA94,,,,,50,4,
LCI,LCI 004,MP_July 2012,,Camera,2012-07-07,2012-07-12,GDA94,,,,,50,1,
LCI,LCI 004,MP_June 2013,,Large Elliott,2013-06-24,2013-06-29,GDA94,,,,,50,10,
LCI,LCI 004,MP_June 2013,,Medium Elliott,2013-06-24,2013-06-29,GDA94,,,,,50,10,
LCI,LCI 004,MP_June 2013,,Cage,2013-06-24,2013-06-29,GDA94,,,,,50,4,
LCI,LCI 004,MP_June 2013,,Camera,2013-06-24,2013-06-29,GDA94,,,,,50,1,
LCI,LCI 004,MP_July 2014,,Large Elliott,2014-07-09,2014-07-14,GDA94,,,,,50,10,
LCI,LCI 004,MP_July 2014,,Medium Elliott,2014-07-09,2014-07-14,GDA94,,,,,50,10,
LCI,LCI 004,MP_July 2014,,Cage,2014-07-09,2014-07-14,GDA94,,,,,50,4,
LCI,LCI 004,MP_July 2014,,Camera,2014-07-09,2014-07-14,GDA94,,,,,50,1,
LCI,LCI 005,MP_July 2011,,Large Elliott,2011-07-26,2011-08-01,GDA94,,,,,50,10,
LCI,LCI 005,MP_July 2011,,Medium Elliott,2011-07-26,2011-08-01,GDA94,,,,,50,10,
LCI,LCI 005,MP_July 2011,,Cage,2011-07-26,2011-08-01,GDA94,,,,,50,4,
LCI,LCI 005,MP_July 2011,,Camera,2011-07-26,2011-08-01,GDA94,,,,,50,1,
LCI,LCI 005,MP_September 2013,,Large Elliott,2013-09-04,2013-09-09,GDA94,,,,,50,10,
LCI,LCI 005,MP_September 2013,,Medium Elliott,2013-09-04,2013-09-09,GDA94,,,,,50,10,
LCI,LCI 005,MP_September 2013,,Cage,2013-09-04,2013-09-09,GDA94,,,,,50,4,
LCI,LCI 005,MP_September 2013,,Camera,2013-09-04,2013-09-09,GDA94,,,,,50,1,
LCI,LCI 007,MP_July 2011,,Large Elliott,2011-08-02,2011-08-05,GDA94,,,,,50,10,
LCI,LCI 007,MP_July 2011,,Medium Elliott,2011-08-02,2011-08-05,GDA94,,,,,50,10,
LCI,LCI 007,MP_July 2011,,Cage,2011-08-02,2011-08-05,GDA94,,,,,50,4,
LCI,LCI 007,MP_July 2011,,Camera,2011-08-02,2011-08-05,GDA94,,,,,50,1,
LCI,LCI 007,MP_May 2012,,Large Elliott,2012-05-20,2012-05-25,GDA94,,,,,50,10,
LCI,LCI 007,MP_May 2012,,Medium Elliott,2012-05-20,2012-05-25,GDA94,,,,,50,10,
LCI,LCI 007,MP_May 2012,,Cage,2012-05-20,2012-05-25,GDA94,,,,,50,4,
LCI,LCI 007,MP_May 2012,,Camera,2012-05-20,2012-05-25,GDA94,,,,,50,1,
LCI,LCI 007,MP_September 2013,,Large Elliott,2013-08-29,2013-09-03,GDA94,,,,,50,10,
LCI,LCI 007,MP_September 2013,,Medium Elliott,2013-08-29,2013-09-03,GDA94,,,,,50,10,
LCI,LCI 007,MP_September 2013,,Cage,2013-08-29,2013-09-03,GDA94,,,,,50,4,
LCI,LCI 007,MP_September 2013,,Camera,2013-08-29,2013-09-03,GDA94,,,,,50,1,
LCI,LCI 007,MP_July 2014,,Large Elliott,2014-07-15,2014-07-20,GDA94,,,,,50,10,
LCI,LCI 007,MP_July 2014,,Medium Elliott,2014-07-15,2014-07-20,GDA94,,,,,50,10,
LCI,LCI 007,MP_July 2014,,Cage,2014-07-15,2014-07-20,GDA94,,,,,50,4,
LCI,LCI 007,MP_July 2014,,Camera,2014-07-15,2014-07-20,GDA94,,,,,50,1,
LCI,LCI 008 R,MP_July 2011,,Large Elliott,2011-08-02,2011-08-05,GDA94,,,,,50,10,
LCI,LCI 008 R,MP_July 2011,,Medium Elliott,2011-08-02,2011-08-05,GDA94,,,,,50,10,
LCI,LCI 008 R,MP_July 2011,,Cage,2011-08-02,2011-08-05,GDA94,,,,,50,4,
LCI,LCI 008 R,MP_July 2011,,Camera,2011-08-02,2011-08-05,GDA94,,,,,50,1,
LCI,LCI 008 R,MP_July 2012,,Large Elliott,2012-05-20,2012-05-25,GDA94,,,,,50,10,
LCI,LCI 008 R,MP_July 2012,,Medium Elliott,2012-05-20,2012-05-25,GDA94,,,,,50,10,
LCI,LCI 008 R,MP_July 2012,,Cage,2012-05-20,2012-05-25,GDA94,,,,,50,4,
LCI,LCI 008 R,MP_July 2012,,Camera,2012-05-20,2012-05-25,GDA94,,,,,50,1,
LCI,LCI 008 R,MP_September 2013,,Large Elliott,2013-08-29,2013-09-03,GDA94,,,,,50,10,
LCI,LCI 008 R,MP_September 2013,,Medium Elliott,2013-08-29,2013-09-03,GDA94,,,,,50,10,
LCI,LCI 008 R,MP_September 2013,,Cage,2013-08-29,2013-09-03,GDA94,,,,,50,4,
LCI,LCI 008 R,MP_September 2013,,Camera,2013-08-29,2013-09-03,GDA94,,,,,50,1,
LCI,LCI 008 R,MP_July 2014,,Large Elliott,2014-07-15,2014-07-20,GDA94,,,,,50,10,
LCI,LCI 008 R,MP_July 2014,,Medium Elliott,2014-07-15,2014-07-20,GDA94,,,,,50,10,
LCI,LCI 008 R,MP_July 2014,,Cage,2014-07-15,2014-07-20,GDA94,,,,,50,4,
LCI,LCI 008 R,MP_July 2014,,Camera,2014-07-15,2014-07-20,GDA94,,,,,50,1,
LCI,LCI 009,MP_July 2011,,Large Elliott,2011-08-02,2011-08-05,GDA94,,,,,50,10,
LCI,LCI 009,MP_July 2011,,Medium Elliott,2011-08-02,2011-08-05,GDA94,,,,,50,10,
LCI,LCI 009,MP_July 2011,,Cage,2011-08-02,2011-08-05,GDA94,,,,,50,4,
LCI,LCI 009,MP_July 2011,,Camera,2011-08-02,2011-08-05,GDA94,,,,,50,1,
LCI,LCI 009,MP_May 2012,,Large Elliott,2012-05-20,2012-05-25,GDA94,,,,,50,10,
LCI,LCI 009,MP_May 2012,,Medium Elliott,2012-05-20,2012-05-25,GDA94,,,,,50,10,
LCI,LCI 009,MP_May 2012,,Cage,2012-05-20,2012-05-25,GDA94,,,,,50,4,
LCI,LCI 009,MP_May 2012,,Camera,2012-05-20,2012-05-25,GDA94,,,,,50,1,
LCI,LCI 009,MP_September 2013,,Large Elliott,2013-08-29,2013-09-03,GDA94,,,,,50,10,
LCI,LCI 009,MP_September 2013,,Medium Elliott,2013-08-29,2013-09-03,GDA94,,,,,50,10,
LCI,LCI 009,MP_September 2013,,Cage,2013-08-29,2013-09-03,GDA94,,,,,50,4,
LCI,LCI 009,MP_September 2013,,Camera,2013-08-29,2013-09-03,GDA94,,,,,50,1,
LCI,LCI 009,MP_July 2014,,Large Elliott,2014-07-14,2014-07-19,GDA94,,,,,50,10,
LCI,LCI 009,MP_July 2014,,Medium Elliott,2014-07-14,2014-07-19,GDA94,,,,,50,10,
LCI,LCI 009,MP_July 2014,,Cage,2014-07-14,2014-07-19,GDA94,,,,,50,4,
LCI,LCI 009,MP_July 2014,,Camera,2014-07-14,2014-07-19,GDA94,,,,,50,1,
LCI,LCI 010,MP_July 2011,,Large Elliott,2011-08-02,2011-08-05,GDA94,,,,,50,10,
LCI,LCI 010,MP_July 2011,,Medium Elliott,2011-08-02,2011-08-05,GDA94,,,,,50,10,
LCI,LCI 010,MP_July 2011,,Cage,2011-08-02,2011-08-05,GDA94,,,,,50,4,
LCI,LCI 010,MP_July 2011,,Camera,2011-08-02,2011-08-05,GDA94,,,,,50,1,
LCI,LCI 010,MP_May 2012,,Large Elliott,2012-05-20,2012-05-25,GDA94,,,,,50,10,
LCI,LCI 010,MP_May 2012,,Medium Elliott,2012-05-20,2012-05-25,GDA94,,,,,50,10,
LCI,LCI 010,MP_May 2012,,Cage,2012-05-20,2012-05-25,GDA94,,,,,50,4,
LCI,LCI 010,MP_May 2012,,Camera,2012-05-20,2012-05-25,GDA94,,,,,50,1,
LCI,LCI 010,MP_September 2013,,Large Elliott,2013-08-29,2013-09-03,GDA94,,,,,50,10,
LCI,LCI 010,MP_September 2013,,Medium Elliott,2013-08-29,2013-09-03,GDA94,,,,,50,10,
LCI,LCI 010,MP_September 2013,,Cage,2013-08-29,2013-09-03,GDA94,,,,,50,4,
LCI,LCI 010,MP_September 2013,,Camera,2013-08-29,2013-09-03,GDA94,,,,,50,1,
LCI,LCI 010,MP_July 2014,,Large Elliott,2014-07-14,2014-07-19,GDA94,,,,,50,10,
LCI,LCI 010,MP_July 2014,,Medium Elliott,2014-07-14,2014-07-19,GDA94,,,,,50,10,
LCI,LCI 010,MP_July 2014,,Cage,2014-07-14,2014-07-19,GDA94,,,,,50,4,
LCI,LCI 010,MP_July 2014,,Camera,2014-07-14,2014-07-19,GDA94,,,,,50,1,
LCI,LCI 011,MP_July 2011,,Large Elliott,2011-08-02,2011-08-05,GDA94,,,,,50,10,
LCI,LCI 011,MP_July 2011,,Medium Elliott,2011-08-02,2011-08-05,GDA94,,,,,50,10,
LCI,LCI 011,MP_July 2011,,Cage,2011-08-02,2011-08-05,GDA94,,,,,50,4,
LCI,LCI 011,MP_July 2011,,Camera,2011-08-02,2011-08-05,GDA94,,,,,50,1,
LCI,LCI 011,MP_May 2012,,Large Elliott,2012-05-20,2012-05-25,GDA94,,,,,50,10,
LCI,LCI 011,MP_May 2012,,Medium Elliott,2012-05-20,2012-05-25,GDA94,,,,,50,10,
LCI,LCI 011,MP_May 2012,,Cage,2012-05-20,2012-05-25,GDA94,,,,,50,4,
LCI,LCI 011,MP_May 2012,,Camera,2012-05-20,2012-05-25,GDA94,,,,,50,1,
LCI,LCI 011,MP_September 2013,,Large Elliott,2013-08-29,2013-09-03,GDA94,,,,,50,10,
LCI,LCI 011,MP_September 2013,,Medium Elliott,2013-08-29,2013-09-03,GDA94,,,,,50,10,
LCI,LCI 011,MP_September 2013,,Cage,2013-08-29,2013-09-03,GDA94,,,,,50,4,
LCI,LCI 011,MP_September 2013,,Camera,2013-08-29,2013-09-03,GDA94,,,,,50,1,
LCI,LCI 011,MP_July 2014,,Large Elliott,2014-07-14,2014-07-19,GDA94,,,,,50,10,
LCI,LCI 011,MP_July 2014,,Medium Elliott,2014-07-14,2014-07-19,GDA94,,,,,50,10,
LCI,LCI 011,MP_July 2014,,Cage,2014-07-14,2014-07-19,GDA94,,,,,50,4,
LCI,LCI 011,MP_July 2014,,Camera,2014-07-14,2014-07-19,GDA94,,,,,50,1,
LCI,LCI 012,MP_July 2011,,Large Elliott,2011-08-02,2011-08-05,GDA94,,,,,50,10,
LCI,LCI 012,MP_July 2011,,Medium Elliott,2011-08-02,2011-08-05,GDA94,,,,,50,10,
LCI,LCI 012,MP_July 2011,,Cage,2011-08-02,2011-08-05,GDA94,,,,,50,4,
LCI,LCI 012,MP_July 2011,,Camera,2011-08-02,2011-08-05,GDA94,,,,,50,1,
LCI,LCI 012,MP_May 2012,,Large Elliott,2012-05-20,2012-05-25,GDA94,,,,,50,10,
LCI,LCI 012,MP_May 2012,,Medium Elliott,2012-05-20,2012-05-25,GDA94,,,,,50,10,
LCI,LCI 012,MP_May 2012,,Cage,2012-05-20,2012-05-25,GDA94,,,,,50,4,
LCI,LCI 012,MP_May 2012,,Camera,2012-05-20,2012-05-25,GDA94,,,,,50,1,
LCI,LCI 012,MP_September 2013,,Large Elliott,2013-08-29,2013-09-03,GDA94,,,,,50,10,
LCI,LCI 012,MP_September 2013,,Medium Elliott,2013-08-29,2013-09-03,GDA94,,,,,50,10,
LCI,LCI 012,MP_September 2013,,Cage,2013-08-29,2013-09-03,GDA94,,,,,50,4,
LCI,LCI 012,MP_September 2013,,Camera,2013-08-29,2013-09-03,GDA94,,,,,50,1,
LCI,LCI 012,MP_July 2014,,Large Elliott,2014-07-14,2014-07-19,GDA94,,,,,50,10,
LCI,LCI 012,MP_July 2014,,Medium Elliott,2014-07-14,2014-07-19,GDA94,,,,,50,10,
LCI,LCI 012,MP_July 2014,,Cage,2014-07-14,2014-07-19,GDA94,,,,,50,4,
LCI,LCI 012,MP_July 2014,,Camera,2014-07-14,2014-07-19,GDA94,,,,,50,1,
LCI,LCI 013,MP_September 2011,,Large Elliott,2011-09-27,2011-09-30,GDA94,,,,,50,10,
LCI,LCI 013,MP_September 2011,,Medium Elliott,2011-09-27,2011-09-30,GDA94,,,,,50,10,
LCI,LCI 013,MP_September 2011,,Cage,2011-09-27,2011-09-30,GDA94,,,,,50,4,
LCI,LCI 013,MP_September 2011,,Camera,2011-09-27,2011-09-30,GDA94,,,,,50,1,
LCI,LCI 014,MP_September 2011,,Large Elliott,2011-09-27,2011-09-30,GDA94,,,,,50,10,
LCI,LCI 014,MP_September 2011,,Medium Elliott,2011-09-27,2011-09-30,GDA94,,,,,50,10,
LCI,LCI 014,MP_September 2011,,Cage,2011-09-27,2011-09-30,GDA94,,,,,50,4,
LCI,LCI 014,MP_September 2011,,Camera,2011-09-27,2011-09-30,GDA94,,,,,50,1,
LCI,LCI 014,MP_May 2012,,Large Elliott,2012-05-20,2012-05-25,GDA94,,,,,50,10,
LCI,LCI 014,MP_May 2012,,Medium Elliott,2012-05-20,2012-05-25,GDA94,,,,,50,10,
LCI,LCI 014,MP_May 2012,,Cage,2012-05-20,2012-05-25,GDA94,,,,,50,4,
LCI,LCI 014,MP_May 2012,,Camera,2012-05-20,2012-05-25,GDA94,,,,,50,1,
LCI,LCI 014,MP_September 2013,,Large Elliott,2013-08-30,2013-09-04,GDA94,,,,,50,10,
LCI,LCI 014,MP_September 2013,,Medium Elliott,2013-08-30,2013-09-04,GDA94,,,,,50,10,
LCI,LCI 014,MP_September 2013,,Cage,2013-08-30,2013-09-04,GDA94,,,,,50,4,
LCI,LCI 014,MP_September 2013,,Camera,2013-08-30,2013-09-04,GDA94,,,,,50,1,
LCI,LCI 014,MP_July 2014,,Large Elliott,2014-07-15,2014-07-20,GDA94,,,,,50,10,
LCI,LCI 014,MP_July 2014,,Medium Elliott,2014-07-15,2014-07-20,GDA94,,,,,50,10,
LCI,LCI 014,MP_July 2014,,Cage,2014-07-15,2014-07-20,GDA94,,,,,50,4,
LCI,LCI 014,MP_July 2014,,Camera,2014-07-15,2014-07-20,GDA94,,,,,50,1,
LCI,LCI 015 R,MP_September 2011,,Large Elliott,2011-09-27,2011-09-30,GDA94,,,,,50,10,
LCI,LCI 015 R,MP_September 2011,,Medium Elliott,2011-09-27,2011-09-30,GDA94,,,,,50,10,
LCI,LCI 015 R,MP_September 2011,,Cage,2011-09-27,2011-09-30,GDA94,,,,,50,4,
LCI,LCI 015 R,MP_September 2011,,Camera,2011-09-27,2011-09-30,GDA94,,,,,50,1,
LCI,LCI 015 R,MP_July 2012,,Large Elliott,2012-05-20,2012-05-25,GDA94,,,,,50,10,
LCI,LCI 015 R,MP_July 2012,,Medium Elliott,2012-05-20,2012-05-25,GDA94,,,,,50,10,
LCI,LCI 015 R,MP_July 2012,,Cage,2012-05-20,2012-05-25,GDA94,,,,,50,4,
LCI,LCI 015 R,MP_July 2012,,Camera,2012-05-20,2012-05-25,GDA94,,,,,50,1,
LCI,LCI 015 R,MP_September 2013,,Large Elliott,2013-08-30,2013-09-04,GDA94,,,,,50,10,
LCI,LCI 015 R,MP_September 2013,,Medium Elliott,2013-08-30,2013-09-04,GDA94,,,,,50,10,
LCI,LCI 015 R,MP_September 2013,,Cage,2013-08-30,2013-09-04,GDA94,,,,,50,4,
LCI,LCI 015 R,MP_September 2013,,Camera,2013-08-30,2013-09-04,GDA94,,,,,50,1,
LCI,LCI 015 R,MP_July 2014,,Large Elliott,2014-07-15,2014-07-20,GDA94,,,,,50,10,
LCI,LCI 015 R,MP_July 2014,,Medium Elliott,2014-07-15,2014-07-20,GDA94,,,,,50,10,
LCI,LCI 015 R,MP_July 2014,,Cage,2014-07-15,2014-07-20,GDA94,,,,,50,4,
LCI,LCI 015 R,MP_July 2014,,Camera,2014-07-15,2014-07-20,GDA94,,,,,50,1,
LCI,LCI 016,MP_September 2011,,Large Elliott,2011-09-27,2011-09-30,GDA94,,,,,50,10,
LCI,LCI 016,MP_September 2011,,Medium Elliott,2011-09-27,2011-09-30,GDA94,,,,,50,10,
LCI,LCI 016,MP_September 2011,,Cage,2011-09-27,2011-09-30,GDA94,,,,,50,4,
LCI,LCI 016,MP_September 2011,,Camera,2011-09-27,2011-09-30,GDA94,,,,,50,1,
LCI,LCI 017,MP_September 2011,,Large Elliott,2011-09-27,2011-09-30,GDA94,,,,,50,10,
LCI,LCI 017,MP_September 2011,,Medium Elliott,2011-09-27,2011-09-30,GDA94,,,,,50,10,
LCI,LCI 017,MP_September 2011,,Cage,2011-09-27,2011-09-30,GDA94,,,,,50,4,
LCI,LCI 017,MP_September 2011,,Camera,2011-09-27,2011-09-30,GDA94,,,,,50,1,
LCI,LCI 018,MP_September 2011,,Large Elliott,2011-09-27,2011-09-30,GDA94,,,,,50,10,
LCI,LCI 018,MP_September 2011,,Medium Elliott,2011-09-27,2011-09-30,GDA94,,,,,50,10,
LCI,LCI 018,MP_September 2011,,Cage,2011-09-27,2011-09-30,GDA94,,,,,50,4,
LCI,LCI 018,MP_September 2011,,Camera,2011-09-27,2011-09-30,GDA94,,,,,50,1,
LCI,LCI 019,MP_July 2011,,Large Elliott,2011-07-29,2011-08-01,GDA94,,,,,50,10,
LCI,LCI 019,MP_July 2011,,Medium Elliott,2011-07-29,2011-08-01,GDA94,,,,,50,10,
LCI,LCI 019,MP_July 2011,,Cage,2011-07-29,2011-08-01,GDA94,,,,,50,4,
LCI,LCI 019,MP_July 2011,,Camera,2011-07-29,2011-08-01,GDA94,,,,,50,1,
LCI,LCI 019,MP_May 2012,,Large Elliott,2012-05-13,2012-05-18,GDA94,,,,,50,10,
LCI,LCI 019,MP_May 2012,,Medium Elliott,2012-05-13,2012-05-18,GDA94,,,,,50,10,
LCI,LCI 019,MP_May 2012,,Cage,2012-05-13,2012-05-18,GDA94,,,,,50,4,
LCI,LCI 019,MP_May 2012,,Camera,2012-05-13,2012-05-18,GDA94,,,,,50,1,
LCI,LCI 019,MP_September 2013,,Large Elliott,2013-09-04,2013-09-09,GDA94,,,,,50,10,
LCI,LCI 019,MP_September 2013,,Medium Elliott,2013-09-04,2013-09-09,GDA94,,,,,50,10,
LCI,LCI 019,MP_September 2013,,Cage,2013-09-04,2013-09-09,GDA94,,,,,50,4,
LCI,LCI 019,MP_September 2013,,Camera,2013-09-04,2013-09-09,GDA94,,,,,50,1,
LCI,LCI 019,MP_July 2014,,Large Elliott,2014-07-09,2014-07-14,GDA94,,,,,50,10,
LCI,LCI 019,MP_July 2014,,Medium Elliott,2014-07-09,2014-07-14,GDA94,,,,,50,10,
LCI,LCI 019,MP_July 2014,,Cage,2014-07-09,2014-07-14,GDA94,,,,,50,4,
LCI,LCI 019,MP_July 2014,,Camera,2014-07-09,2014-07-14,GDA94,,,,,50,1,
LCI,LCI 020,MP_August 2011,,Large Elliott,2011-08-27,2011-08-30,GDA94,,,,,50,10,
LCI,LCI 020,MP_August 2011,,Medium Elliott,2011-08-27,2011-08-30,GDA94,,,,,50,10,
LCI,LCI 020,MP_August 2011,,Cage,2011-08-27,2011-08-30,GDA94,,,,,50,4,
LCI,LCI 020,MP_August 2011,,Camera,2011-08-27,2011-08-30,GDA94,,,,,50,1,
LCI,LCI 020,MP_May 2012,,Large Elliott,2012-05-13,2012-05-18,GDA94,,,,,50,10,
LCI,LCI 020,MP_May 2012,,Medium Elliott,2012-05-13,2012-05-18,GDA94,,,,,50,10,
LCI,LCI 020,MP_May 2012,,Cage,2012-05-13,2012-05-18,GDA94,,,,,50,4,
LCI,LCI 020,MP_May 2012,,Camera,2012-05-13,2012-05-18,GDA94,,,,,50,1,
LCI,LCI 020,MP_September 2013,,Large Elliott,2013-09-04,2013-09-09,GDA94,,,,,50,10,
LCI,LCI 020,MP_September 2013,,Medium Elliott,2013-09-04,2013-09-09,GDA94,,,,,50,10,
LCI,LCI 020,MP_September 2013,,Cage,2013-09-04,2013-09-09,GDA94,,,,,50,4,
LCI,LCI 020,MP_September 2013,,Camera,2013-09-04,2013-09-09,GDA94,,,,,50,1,
LCI,LCI 020,MP_July 2014,,Large Elliott,2014-07-09,2014-07-14,GDA94,,,,,50,10,
LCI,LCI 020,MP_July 2014,,Medium Elliott,2014-07-09,2014-07-14,GDA94,,,,,50,10,
LCI,LCI 020,MP_July 2014,,Cage,2014-07-09,2014-07-14,GDA94,,,,,50,4,
LCI,LCI 020,MP_July 2014,,Camera,2014-07-09,2014-07-14,GDA94,,,,,50,1,
LCI,LCI 021,MP_August 2011,,Large Elliott,2011-08-27,2011-09-02,GDA94,,,,,50,10,
LCI,LCI 021,MP_August 2011,,Medium Elliott,2011-08-27,2011-09-02,GDA94,,,,,50,10,
LCI,LCI 021,MP_August 2011,,Cage,2011-08-27,2011-09-02,GDA94,,,,,50,4,
LCI,LCI 021,MP_August 2011,,Camera,2011-08-27,2011-09-02,GDA94,,,,,50,1,
LCI,LCI 021,MP_May 2012,,Large Elliott,2012-05-13,2012-05-18,GDA94,,,,,50,10,
LCI,LCI 021,MP_May 2012,,Medium Elliott,2012-05-13,2012-05-18,GDA94,,,,,50,10,
LCI,LCI 021,MP_May 2012,,Cage,2012-05-13,2012-05-18,GDA94,,,,,50,4,
LCI,LCI 021,MP_May 2012,,Camera,2012-05-13,2012-05-18,GDA94,,,,,50,1,
LCI,LCI 021,MP_September 2013,,Large Elliott,2013-09-04,2013-09-09,GDA94,,,,,50,10,
LCI,LCI 021,MP_September 2013,,Medium Elliott,2013-09-04,2013-09-09,GDA94,,,,,50,10,
LCI,LCI 021,MP_September 2013,,Cage,2013-09-04,2013-09-09,GDA94,,,,,50,4,
LCI,LCI 021,MP_September 2013,,Camera,2013-09-04,2013-09-09,GDA94,,,,,50,1,
LCI,LCI 021,MP_July 2014,,Large Elliott,2014-07-09,2014-07-14,GDA94,,,,,50,10,
LCI,LCI 021,MP_July 2014,,Medium Elliott,2014-07-09,2014-07-14,GDA94,,,,,50,10,
LCI,LCI 021,MP_July 2014,,Cage,2014-07-09,2014-07-14,GDA94,,,,,50,4,
LCI,LCI 021,MP_July 2014,,Camera,2014-07-09,2014-07-14,GDA94,,,,,50,1,
LCI,LCI 022,MP_August 2011,,Large Elliott,2011-08-27,2011-08-30,GDA94,,,,,50,10,
LCI,LCI 022,MP_August 2011,,Medium Elliott,2011-08-27,2011-08-30,GDA94,,,,,50,10,
LCI,LCI 022,MP_August 2011,,Cage,2011-08-27,2011-08-30,GDA94,,,,,50,4,
LCI,LCI 022,MP_August 2011,,Camera,2011-08-27,2011-08-30,GDA94,,,,,50,1,
LCI,LCI 022,MP_June 2013,,Large Elliott,2013-06-25,2013-06-30,GDA94,,,,,50,10,
LCI,LCI 022,MP_June 2013,,Medium Elliott,2013-06-25,2013-06-30,GDA94,,,,,50,10,
LCI,LCI 022,MP_June 2013,,Cage,2013-06-25,2013-06-30,GDA94,,,,,50,4,
LCI,LCI 022,MP_June 2013,,Camera,2013-06-25,2013-06-30,GDA94,,,,,50,1,
LCI,LCI 023 R,MP_August 2011,,Large Elliott,2011-08-27,2011-09-02,GDA94,,,,,50,10,
LCI,LCI 023 R,MP_August 2011,,Medium Elliott,2011-08-27,2011-09-02,GDA94,,,,,50,10,
LCI,LCI 023 R,MP_August 2011,,Cage,2011-08-27,2011-09-02,GDA94,,,,,50,4,
LCI,LCI 023 R,MP_August 2011,,Camera,2011-08-27,2011-09-02,GDA94,,,,,50,1,
LCI,LCI 023 R,MP_July 2012,,Large Elliott,2012-07-07,2012-07-12,GDA94,,,,,50,10,
LCI,LCI 023 R,MP_July 2012,,Medium Elliott,2012-07-07,2012-07-12,GDA94,,,,,50,10,
LCI,LCI 023 R,MP_July 2012,,Cage,2012-07-07,2012-07-12,GDA94,,,,,50,4,
LCI,LCI 023 R,MP_July 2012,,Camera,2012-07-07,2012-07-12,GDA94,,,,,50,1,
LCI,LCI 023 R,MP_June 2013,,Large Elliott,2013-06-25,2013-06-30,GDA94,,,,,50,10,
LCI,LCI 023 R,MP_June 2013,,Medium Elliott,2013-06-25,2013-06-30,GDA94,,,,,50,10,
LCI,LCI 023 R,MP_June 2013,,Cage,2013-06-25,2013-06-30,GDA94,,,,,50,4,
LCI,LCI 023 R,MP_June 2013,,Camera,2013-06-25,2013-06-30,GDA94,,,,,50,1,
LCI,LCI 023 R,MP_July 2014,,Large Elliott,2014-07-09,2014-07-14,GDA94,,,,,50,10,
LCI,LCI 023 R,MP_July 2014,,Medium Elliott,2014-07-09,2014-07-14,GDA94,,,,,50,10,
LCI,LCI 023 R,MP_July 2014,,Cage,2014-07-09,2014-07-14,GDA94,,,,,50,4,
LCI,LCI 023 R,MP_July 2014,,Camera,2014-07-09,2014-07-14,GDA94,,,,,50,1,
LCI,LCI 024,MP_August 2011,,Large Elliott,2011-08-27,2011-09-02,GDA94,,,,,50,10,
LCI,LCI 024,MP_August 2011,,Medium Elliott,2011-08-27,2011-09-02,GDA94,,,,,50,10,
LCI,LCI 024,MP_August 2011,,Cage,2011-08-27,2011-09-02,GDA94,,,,,50,4,
LCI,LCI 024,MP_August 2011,,Camera,2011-08-27,2011-09-02,GDA94,,,,,50,1,
LCI,LCI 024,MP_June 2013,,Large Elliott,2013-06-25,2013-06-30,GDA94,,,,,50,10,
LCI,LCI 024,MP_June 2013,,Medium Elliott,2013-06-25,2013-06-30,GDA94,,,,,50,10,
LCI,LCI 024,MP_June 2013,,Cage,2013-06-25,2013-06-30,GDA94,,,,,50,4,
LCI,LCI 024,MP_June 2013,,Camera,2013-06-25,2013-06-30,GDA94,,,,,50,1,
LCI,LCI 025,MP_May 2012,,Large Elliott,2012-05-13,2012-05-18,GDA94,,,,,50,10,
LCI,LCI 025,MP_May 2012,,Medium Elliott,2012-05-13,2012-05-18,GDA94,,,,,50,10,
LCI,LCI 025,MP_May 2012,,Cage,2012-05-13,2012-05-18,GDA94,,,,,50,4,
LCI,LCI 025,MP_May 2012,,Camera,2012-05-13,2012-05-18,GDA94,,,,,50,1,
LCI,LCI 025,MP_July 2013,,Large Elliott,2013-07-01,2013-07-06,GDA94,,,,,50,10,
LCI,LCI 025,MP_July 2013,,Medium Elliott,2013-07-01,2013-07-06,GDA94,,,,,50,10,
LCI,LCI 025,MP_July 2013,,Cage,2013-07-01,2013-07-06,GDA94,,,,,50,4,
LCI,LCI 025,MP_July 2013,,Camera,2013-07-01,2013-07-06,GDA94,,,,,50,1,
LCI,LCI 026,MP_May 2012,,Large Elliott,2012-05-13,2012-05-18,GDA94,,,,,50,10,
LCI,LCI 026,MP_May 2012,,Medium Elliott,2012-05-13,2012-05-18,GDA94,,,,,50,10,
LCI,LCI 026,MP_May 2012,,Cage,2012-05-13,2012-05-18,GDA94,,,,,50,4,
LCI,LCI 026,MP_May 2012,,Camera,2012-05-13,2012-05-18,GDA94,,,,,50,1,
LCI,LCI 026,MP_July 2013,,Large Elliott,2013-07-01,2013-07-06,GDA94,,,,,50,10,
LCI,LCI 026,MP_July 2013,,Medium Elliott,2013-07-01,2013-07-06,GDA94,,,,,50,10,
LCI,LCI 026,MP_July 2013,,Cage,2013-07-01,2013-07-06,GDA94,,,,,50,4,
LCI,LCI 026,MP_July 2013,,Camera,2013-07-01,2013-07-06,GDA94,,,,,50,1,
LCI,LCI 026,MP_August 2014,,Large Elliott,2014-08-17,2014-08-22,GDA94,,,,,50,10,
LCI,LCI 026,MP_August 2014,,Medium Elliott,2014-08-17,2014-08-22,GDA94,,,,,50,10,
LCI,LCI 026,MP_August 2014,,Cage,2014-08-17,2014-08-22,GDA94,,,,,50,4,
LCI,LCI 026,MP_August 2014,,Camera,2014-08-17,2014-08-22,GDA94,,,,,50,1,
LCI,LCI 027,MP_September 2011,,Large Elliott,2011-09-21,2011-09-27,GDA94,,,,,50,10,
LCI,LCI 027,MP_September 2011,,Medium Elliott,2011-09-21,2011-09-27,GDA94,,,,,50,10,
LCI,LCI 027,MP_September 2011,,Cage,2011-09-21,2011-09-27,GDA94,,,,,50,4,
LCI,LCI 027,MP_September 2011,,Camera,2011-09-21,2011-09-27,GDA94,,,,,50,1,
LCI,LCI 027,MP_May 2012,,Large Elliott,2012-05-13,2012-05-18,GDA94,,,,,50,10,
LCI,LCI 027,MP_May 2012,,Medium Elliott,2012-05-13,2012-05-18,GDA94,,,,,50,10,
LCI,LCI 027,MP_May 2012,,Cage,2012-05-13,2012-05-18,GDA94,,,,,50,4,
LCI,LCI 027,MP_May 2012,,Camera,2012-05-13,2012-05-18,GDA94,,,,,50,1,
LCI,LCI 027,MP_July 2013,,Large Elliott,2013-07-01,2013-07-06,GDA94,,,,,50,10,
LCI,LCI 027,MP_July 2013,,Medium Elliott,2013-07-01,2013-07-06,GDA94,,,,,50,10,
LCI,LCI 027,MP_July 2013,,Cage,2013-07-01,2013-07-06,GDA94,,,,,50,4,
LCI,LCI 027,MP_July 2013,,Camera,2013-07-01,2013-07-06,GDA94,,,,,50,1,
LCI,LCI 027,MP_August 2014,,Large Elliott,2014-08-17,2014-08-22,GDA94,,,,,50,10,
LCI,LCI 027,MP_August 2014,,Medium Elliott,2014-08-17,2014-08-22,GDA94,,,,,50,10,
LCI,LCI 027,MP_August 2014,,Cage,2014-08-17,2014-08-22,GDA94,,,,,50,4,
LCI,LCI 027,MP_August 2014,,Camera,2014-08-17,2014-08-22,GDA94,,,,,50,1,
LCI,LCI 028,MP_September 2011,,Large Elliott,2011-09-21,2011-09-27,GDA94,,,,,50,10,
LCI,LCI 028,MP_September 2011,,Medium Elliott,2011-09-21,2011-09-27,GDA94,,,,,50,10,
LCI,LCI 028,MP_September 2011,,Cage,2011-09-21,2011-09-27,GDA94,,,,,50,4,
LCI,LCI 028,MP_September 2011,,Camera,2011-09-21,2011-09-27,GDA94,,,,,50,1,
LCI,LCI 028,MP_May 2012,,Large Elliott,2012-05-13,2012-05-18,GDA94,,,,,50,10,
LCI,LCI 028,MP_May 2012,,Medium Elliott,2012-05-13,2012-05-18,GDA94,,,,,50,10,
LCI,LCI 028,MP_May 2012,,Cage,2012-05-13,2012-05-18,GDA94,,,,,50,4,
LCI,LCI 028,MP_May 2012,,Camera,2012-05-13,2012-05-18,GDA94,,,,,50,1,
LCI,LCI 028,MP_July 2013,,Large Elliott,2013-07-01,2013-07-06,GDA94,,,,,50,10,
LCI,LCI 028,MP_July 2013,,Medium Elliott,2013-07-01,2013-07-06,GDA94,,,,,50,10,
LCI,LCI 028,MP_July 2013,,Cage,2013-07-01,2013-07-06,GDA94,,,,,50,4,
LCI,LCI 028,MP_July 2013,,Camera,2013-07-01,2013-07-06,GDA94,,,,,50,1,
LCI,LCI 028,MP_August 2014,,Large Elliott,2014-08-17,2014-08-22,GDA94,,,,,50,10,
LCI,LCI 028,MP_August 2014,,Medium Elliott,2014-08-17,2014-08-22,GDA94,,,,,50,10,
LCI,LCI 028,MP_August 2014,,Cage,2014-08-17,2014-08-22,GDA94,,,,,50,4,
LCI,LCI 028,MP_August 2014,,Camera,2014-08-17,2014-08-22,GDA94,,,,,50,1,
LCI,LCI 029,MP_September 2011,,Large Elliott,2011-09-21,2011-09-27,GDA94,,,,,50,10,
LCI,LCI 029,MP_September 2011,,Medium Elliott,2011-09-21,2011-09-27,GDA94,,,,,50,10,
LCI,LCI 029,MP_September 2011,,Cage,2011-09-21,2011-09-27,GDA94,,,,,50,4,
LCI,LCI 029,MP_September 2011,,Camera,2011-09-21,2011-09-27,GDA94,,,,,50,1,
LCI,LCI 029,MP_July 2012,,Large Elliott,2012-07-01,2012-07-06,GDA94,,,,,50,10,
LCI,LCI 029,MP_July 2012,,Medium Elliott,2012-07-01,2012-07-06,GDA94,,,,,50,10,
LCI,LCI 029,MP_July 2012,,Cage,2012-07-01,2012-07-06,GDA94,,,,,50,4,
LCI,LCI 029,MP_July 2012,,Camera,2012-07-01,2012-07-06,GDA94,,,,,50,1,
LCI,LCI 029,MP_July 2013,,Large Elliott,2013-07-01,2013-07-06,GDA94,,,,,50,10,
LCI,LCI 029,MP_July 2013,,Medium Elliott,2013-07-01,2013-07-06,GDA94,,,,,50,10,
LCI,LCI 029,MP_July 2013,,Cage,2013-07-01,2013-07-06,GDA94,,,,,50,4,
LCI,LCI 029,MP_July 2013,,Camera,2013-07-01,2013-07-06,GDA94,,,,,50,1,
LCI,LCI 029,MP_August 2014,,Large Elliott,2014-08-17,2014-08-22,GDA94,,,,,50,10,
LCI,LCI 029,MP_August 2014,,Medium Elliott,2014-08-17,2014-08-22,GDA94,,,,,50,10,
LCI,LCI 029,MP_August 2014,,Cage,2014-08-17,2014-08-22,GDA94,,,,,50,4,
LCI,LCI 029,MP_August 2014,,Camera,2014-08-17,2014-08-22,GDA94,,,,,50,1,
LCI,LCI 031,MP_August 2011,,Large Elliott,2011-08-23,2011-08-26,GDA94,,,,,50,10,
LCI,LCI 031,MP_August 2011,,Medium Elliott,2011-08-23,2011-08-26,GDA94,,,,,50,10,
LCI,LCI 031,MP_August 2011,,Cage,2011-08-23,2011-08-26,GDA94,,,,,50,4,
LCI,LCI 031,MP_August 2011,,Camera,2011-08-23,2011-08-26,GDA94,,,,,50,1,
LCI,LCI 032,MP_August 2011,,Large Elliott,2011-08-23,2011-08-26,GDA94,,,,,50,10,
LCI,LCI 032,MP_August 2011,,Medium Elliott,2011-08-23,2011-08-26,GDA94,,,,,50,10,
LCI,LCI 032,MP_August 2011,,Cage,2011-08-23,2011-08-26,GDA94,,,,,50,4,
LCI,LCI 032,MP_August 2011,,Camera,2011-08-23,2011-08-26,GDA94,,,,,50,1,
LCI,LCI 032,MP_July 2012,,Large Elliott,2012-07-01,2012-07-06,GDA94,,,,,50,10,
LCI,LCI 032,MP_July 2012,,Medium Elliott,2012-07-01,2012-07-06,GDA94,,,,,50,10,
LCI,LCI 032,MP_July 2012,,Cage,2012-07-01,2012-07-06,GDA94,,,,,50,4,
LCI,LCI 032,MP_July 2012,,Camera,2012-07-01,2012-07-06,GDA94,,,,,50,1,
LCI,LCI 032,MP_July 2013,,Large Elliott,2013-07-01,2013-07-06,GDA94,,,,,50,10,
LCI,LCI 032,MP_July 2013,,Medium Elliott,2013-07-01,2013-07-06,GDA94,,,,,50,10,
LCI,LCI 032,MP_July 2013,,Cage,2013-07-01,2013-07-06,GDA94,,,,,50,4,
LCI,LCI 032,MP_July 2013,,Camera,2013-07-01,2013-07-06,GDA94,,,,,50,1,
LCI,LCI 032,MP_August 2014,,Large Elliott,2014-08-17,2014-08-22,GDA94,,,,,50,10,
LCI,LCI 032,MP_August 2014,,Medium Elliott,2014-08-17,2014-08-22,GDA94,,,,,50,10,
LCI,LCI 032,MP_August 2014,,Cage,2014-08-17,2014-08-22,GDA94,,,,,50,4,
LCI,LCI 032,MP_August 2014,,Camera,2014-08-17,2014-08-22,GDA94,,,,,50,1,
LCI,LCI 033,MP_August 2011,,Large Elliott,2011-08-23,2011-08-26,GDA94,,,,,50,10,
LCI,LCI 033,MP_August 2011,,Medium Elliott,2011-08-23,2011-08-26,GDA94,,,,,50,10,
LCI,LCI 033,MP_August 2011,,Cage,2011-08-23,2011-08-26,GDA94,,,,,50,4,
LCI,LCI 033,MP_August 2011,,Camera,2011-08-23,2011-08-26,GDA94,,,,,50,1,
LCI,LCI 033,MP_July 2012,,Large Elliott,2012-07-01,2012-07-06,GDA94,,,,,50,10,
LCI,LCI 033,MP_July 2012,,Medium Elliott,2012-07-01,2012-07-06,GDA94,,,,,50,10,
LCI,LCI 033,MP_July 2012,,Cage,2012-07-01,2012-07-06,GDA94,,,,,50,4,
LCI,LCI 033,MP_July 2012,,Camera,2012-07-01,2012-07-06,GDA94,,,,,50,1,
LCI,LCI 033,MP_July 2013,,Large Elliott,2013-07-01,2013-07-06,GDA94,,,,,50,10,
LCI,LCI 033,MP_July 2013,,Medium Elliott,2013-07-01,2013-07-06,GDA94,,,,,50,10,
LCI,LCI 033,MP_July 2013,,Cage,2013-07-01,2013-07-06,GDA94,,,,,50,4,
LCI,LCI 033,MP_July 2013,,Camera,2013-07-01,2013-07-06,GDA94,,,,,50,1,
LCI,LCI 033,MP_August 2014,,Large Elliott,2014-08-17,2014-08-22,GDA94,,,,,50,10,
LCI,LCI 033,MP_August 2014,,Medium Elliott,2014-08-17,2014-08-22,GDA94,,,,,50,10,
LCI,LCI 033,MP_August 2014,,Cage,2014-08-17,2014-08-22,GDA94,,,,,50,4,
LCI,LCI 033,MP_August 2014,,Camera,2014-08-17,2014-08-22,GDA94,,,,,50,1,
LCI,LCI 034,MP_August 2011,,Large Elliott,2011-08-23,2011-08-26,GDA94,,,,,50,10,
LCI,LCI 034,MP_August 2011,,Medium Elliott,2011-08-23,2011-08-26,GDA94,,,,,50,10,
LCI,LCI 034,MP_August 2011,,Cage,2011-08-23,2011-08-26,GDA94,,,,,50,4,
LCI,LCI 034,MP_August 2011,,Camera,2011-08-23,2011-08-26,GDA94,,,,,50,1,
LCI,LCI 034,MP_July 2012,,Large Elliott,2012-07-01,2012-07-06,GDA94,,,,,50,10,
LCI,LCI 034,MP_July 2012,,Medium Elliott,2012-07-01,2012-07-06,GDA94,,,,,50,10,
LCI,LCI 034,MP_July 2012,,Cage,2012-07-01,2012-07-06,GDA94,,,,,50,4,
LCI,LCI 034,MP_July 2012,,Camera,2012-07-01,2012-07-06,GDA94,,,,,50,1,
LCI,LCI 034,MP_July 2013,,Large Elliott,2013-07-01,2013-07-06,GDA94,,,,,50,10,
LCI,LCI 034,MP_July 2013,,Medium Elliott,2013-07-01,2013-07-06,GDA94,,,,,50,10,
LCI,LCI 034,MP_July 2013,,Cage,2013-07-01,2013-07-06,GDA94,,,,,50,4,
LCI,LCI 034,MP_July 2013,,Camera,2013-07-01,2013-07-06,GDA94,,,,,50,1,
LCI,LCI 034,MP_August 2014,,Large Elliott,2014-08-17,2014-08-22,GDA94,,,,,50,10,
LCI,LCI 034,MP_August 2014,,Medium Elliott,2014-08-17,2014-08-22,GDA94,,,,,50,10,
LCI,LCI 034,MP_August 2014,,Cage,2014-08-17,2014-08-22,GDA94,,,,,50,4,
LCI,LCI 034,MP_August 2014,,Camera,2014-08-17,2014-08-22,GDA94,,,,,50,1,
LCI,LCI 035,MP_August 2011,,Large Elliott,2011-08-23,2011-08-26,GDA94,,,,,50,10,
LCI,LCI 035,MP_August 2011,,Medium Elliott,2011-08-23,2011-08-26,GDA94,,,,,50,10,
LCI,LCI 035,MP_August 2011,,Cage,2011-08-23,2011-08-26,GDA94,,,,,50,4,
LCI,LCI 035,MP_August 2011,,Camera,2011-08-23,2011-08-26,GDA94,,,,,50,1,
LCI,LCI 035,MP_July 2012,,Large Elliott,2012-07-01,2012-07-06,GDA94,,,,,50,10,
LCI,LCI 035,MP_July 2012,,Medium Elliott,2012-07-01,2012-07-06,GDA94,,,,,50,10,
LCI,LCI 035,MP_July 2012,,Cage,2012-07-01,2012-07-06,GDA94,,,,,50,4,
LCI,LCI 035,MP_July 2012,,Camera,2012-07-01,2012-07-06,GDA94,,,,,50,1,
LCI,LCI 035,MP_July 2013,,Large Elliott,2013-07-01,2013-07-06,GDA94,,,,,50,10,
LCI,LCI 035,MP_July 2013,,Medium Elliott,2013-07-01,2013-07-06,GDA94,,,,,50,10,
LCI,LCI 035,MP_July 2013,,Cage,2013-07-01,2013-07-06,GDA94,,,,,50,4,
LCI,LCI 035,MP_July 2013,,Camera,2013-07-01,2013-07-06,GDA94,,,,,50,1,
LCI,LCI 035,MP_August 2014,,Large Elliott,2014-08-17,2014-08-22,GDA94,,,,,50,10,
LCI,LCI 035,MP_August 2014,,Medium Elliott,2014-08-17,2014-08-22,GDA94,,,,,50,10,
LCI,LCI 035,MP_August 2014,,Cage,2014-08-17,2014-08-22,GDA94,,,,,50,4,
LCI,LCI 035,MP_August 2014,,Camera,2014-08-17,2014-08-22,GDA94,,,,,50,1,
LCI,LCI 038,MP_September 2011,,Large Elliott,2011-09-21,2011-09-27,GDA94,,,,,50,10,
LCI,LCI 038,MP_September 2011,,Medium Elliott,2011-09-21,2011-09-27,GDA94,,,,,50,10,
LCI,LCI 038,MP_September 2011,,Cage,2011-09-21,2011-09-27,GDA94,,,,,50,4,
LCI,LCI 038,MP_September 2011,,Camera,2011-09-21,2011-09-27,GDA94,,,,,50,1,
LCI,LCI 039 R,MP_July 2012,,Large Elliott,2012-07-01,2012-07-06,GDA94,,,,,50,10,
LCI,LCI 039 R,MP_July 2012,,Medium Elliott,2012-07-01,2012-07-06,GDA94,,,,,50,10,
LCI,LCI 039 R,MP_July 2012,,Cage,2012-07-01,2012-07-06,GDA94,,,,,50,4,
LCI,LCI 039 R,MP_July 2012,,Camera,2012-07-01,2012-07-06,GDA94,,,,,50,1,
LCI,LCI 041,MP_July 2012,,Large Elliott,2012-07-07,2012-07-12,GDA94,,,,,50,10,
LCI,LCI 041,MP_July 2012,,Medium Elliott,2012-07-07,2012-07-12,GDA94,,,,,50,10,
LCI,LCI 041,MP_July 2012,,Cage,2012-07-07,2012-07-12,GDA94,,,,,50,4,
LCI,LCI 041,MP_July 2012,,Camera,2012-07-07,2012-07-12,GDA94,,,,,50,1,
LCI,LCI 043,MP_July 2012,,Large Elliott,2012-07-01,2012-07-06,GDA94,,,,,50,10,
LCI,LCI 043,MP_July 2012,,Medium Elliott,2012-07-01,2012-07-06,GDA94,,,,,50,10,
LCI,LCI 043,MP_July 2012,,Cage,2012-07-01,2012-07-06,GDA94,,,,,50,4,
LCI,LCI 043,MP_July 2012,,Camera,2012-07-01,2012-07-06,GDA94,,,,,50,1,
LCI,LCI 044,MP_July 2012,,Large Elliott,2012-07-01,2012-07-06,GDA94,,,,,50,10,
LCI,LCI 044,MP_July 2012,,Medium Elliott,2012-07-01,2012-07-06,GDA94,,,,,50,10,
LCI,LCI 044,MP_July 2012,,Cage,2012-07-01,2012-07-06,GDA94,,,,,50,4,
LCI,LCI 044,MP_July 2012,,Camera,2012-07-01,2012-07-06,GDA94,,,,,50,1,
LCI,LCI 047 R,MP_July 2012,,Large Elliott,2012-07-07,2012-07-12,GDA94,,,,,50,10,
LCI,LCI 047 R,MP_July 2012,,Medium Elliott,2012-07-07,2012-07-12,GDA94,,,,,50,10,
LCI,LCI 047 R,MP_July 2012,,Cage,2012-07-07,2012-07-12,GDA94,,,,,50,4,
LCI,LCI 047 R,MP_July 2012,,Camera,2012-07-07,2012-07-12,GDA94,,,,,50,1,
LCI,LCI 047 R,MP_September 2013,,Large Elliott,2013-09-04,2013-09-09,GDA94,,,,,50,10,
LCI,LCI 047 R,MP_September 2013,,Medium Elliott,2013-09-04,2013-09-09,GDA94,,,,,50,10,
LCI,LCI 047 R,MP_September 2013,,Cage,2013-09-04,2013-09-09,GDA94,,,,,50,4,
LCI,LCI 047 R,MP_September 2013,,Camera,2013-09-04,2013-09-09,GDA94,,,,,50,1,
LCI,LCI 201,KLRCR_2011,,Large Elliott,2011-06-21,2011-06-24,GDA94,,,,,50,10,
LCI,LCI 201,KLRCR_2011,,Medium Elliott,2011-06-21,2011-06-24,GDA94,,,,,50,10,
LCI,LCI 201,KLRCR_2011,,Cage,2011-06-21,2011-06-24,GDA94,,,,,50,4,
LCI,LCI 201,KLRCR_2011,,Camera,2011-06-21,2011-06-24,GDA94,,,,,50,1,
LCI,LCI 201,KLRCR_2012,,Large Elliott,2012-06-15,2012-06-20,GDA94,,,,,50,10,
LCI,LCI 201,KLRCR_2012,,Medium Elliott,2012-06-15,2012-06-20,GDA94,,,,,50,10,
LCI,LCI 201,KLRCR_2012,,Cage,2012-06-15,2012-06-20,GDA94,,,,,50,4,
LCI,LCI 201,KLRCR_2012,,Camera,2012-06-15,2012-06-20,GDA94,,,,,50,1,
LCI,LCI 201,KLRCR_2014,,Large Elliott,2014-05-13,2014-05-18,GDA94,,,,,50,10,
LCI,LCI 201,KLRCR_2014,,Medium Elliott,2014-05-13,2014-05-18,GDA94,,,,,50,10,
LCI,LCI 201,KLRCR_2014,,Cage,2014-05-13,2014-05-18,GDA94,,,,,50,4,
LCI,LCI 201,KLRCR_2014,,Camera,2014-05-13,2014-05-18,GDA94,,,,,50,1,
LCI,LCI 202,KLRCR_2011,,Large Elliott,2011-06-21,2011-06-24,GDA94,,,,,50,10,
LCI,LCI 202,KLRCR_2011,,Medium Elliott,2011-06-21,2011-06-24,GDA94,,,,,50,10,
LCI,LCI 202,KLRCR_2011,,Cage,2011-06-21,2011-06-24,GDA94,,,,,50,4,
LCI,LCI 202,KLRCR_2011,,Camera,2011-06-21,2011-06-24,GDA94,,,,,50,1,
LCI,LCI 202,KLRCR_2014,,Large Elliott,2014-05-13,2014-05-18,GDA94,,,,,50,10,
LCI,LCI 202,KLRCR_2014,,Medium Elliott,2014-05-13,2014-05-18,GDA94,,,,,50,10,
LCI,LCI 202,KLRCR_2014,,Cage,2014-05-13,2014-05-18,GDA94,,,,,50,4,
LCI,LCI 202,KLRCR_2014,,Camera,2014-05-13,2014-05-18,GDA94,,,,,50,1,
LCI,LCI 203,KLRCR_2011,,Large Elliott,2011-06-24,2011-06-27,GDA94,,,,,50,10,
LCI,LCI 203,KLRCR_2011,,Medium Elliott,2011-06-24,2011-06-27,GDA94,,,,,50,10,
LCI,LCI 203,KLRCR_2011,,Cage,2011-06-24,2011-06-27,GDA94,,,,,50,4,
LCI,LCI 203,KLRCR_2011,,Camera,2011-06-24,2011-06-27,GDA94,,,,,50,1,
LCI,LCI 203,KLRCR_2012,,Large Elliott,2012-06-17,2012-06-22,GDA94,,,,,50,10,
LCI,LCI 203,KLRCR_2012,,Medium Elliott,2012-06-17,2012-06-22,GDA94,,,,,50,10,
LCI,LCI 203,KLRCR_2012,,Cage,2012-06-17,2012-06-22,GDA94,,,,,50,4,
LCI,LCI 203,KLRCR_2012,,Camera,2012-06-17,2012-06-22,GDA94,,,,,50,1,
LCI,LCI 203,KLRCR_2014,,Large Elliott,2014-05-13,2014-05-18,GDA94,,,,,50,10,
LCI,LCI 203,KLRCR_2014,,Medium Elliott,2014-05-13,2014-05-18,GDA94,,,,,50,10,
LCI,LCI 203,KLRCR_2014,,Cage,2014-05-13,2014-05-18,GDA94,,,,,50,4,
LCI,LCI 203,KLRCR_2014,,Camera,2014-05-13,2014-05-18,GDA94,,,,,50,1,
LCI,LCI 204,KLRCR_2011,,Large Elliott,2011-06-22,2011-06-25,GDA94,,,,,50,10,
LCI,LCI 204,KLRCR_2011,,Medium Elliott,2011-06-22,2011-06-25,GDA94,,,,,50,10,
LCI,LCI 204,KLRCR_2011,,Cage,2011-06-22,2011-06-25,GDA94,,,,,50,4,
LCI,LCI 204,KLRCR_2011,,Camera,2011-06-22,2011-06-25,GDA94,,,,,50,1,
LCI,LCI 204,KLRCR_2012,,Large Elliott,2012-06-17,2012-06-22,GDA94,,,,,50,10,
LCI,LCI 204,KLRCR_2012,,Medium Elliott,2012-06-17,2012-06-22,GDA94,,,,,50,10,
LCI,LCI 204,KLRCR_2012,,Cage,2012-06-17,2012-06-22,GDA94,,,,,50,4,
LCI,LCI 204,KLRCR_2012,,Camera,2012-06-17,2012-06-22,GDA94,,,,,50,1,
LCI,LCI 204,KLRCR_2014,,Large Elliott,2014-05-13,2014-05-18,GDA94,,,,,50,10,
LCI,LCI 204,KLRCR_2014,,Medium Elliott,2014-05-13,2014-05-18,GDA94,,,,,50,10,
LCI,LCI 204,KLRCR_2014,,Cage,2014-05-13,2014-05-18,GDA94,,,,,50,4,
LCI,LCI 204,KLRCR_2014,,Camera,2014-05-13,2014-05-18,GDA94,,,,,50,1,
LCI,LCI 205,KLRCR_2011,,Large Elliott,2011-06-24,2011-06-27,GDA94,,,,,50,10,
LCI,LCI 205,KLRCR_2011,,Medium Elliott,2011-06-24,2011-06-27,GDA94,,,,,50,10,
LCI,LCI 205,KLRCR_2011,,Cage,2011-06-24,2011-06-27,GDA94,,,,,50,4,
LCI,LCI 205,KLRCR_2011,,Camera,2011-06-24,2011-06-27,GDA94,,,,,50,1,
LCI,LCI 205,KLRCR_2012,,Large Elliott,2012-06-11,2012-06-16,GDA94,,,,,50,10,
LCI,LCI 205,KLRCR_2012,,Medium Elliott,2012-06-11,2012-06-16,GDA94,,,,,50,10,
LCI,LCI 205,KLRCR_2012,,Cage,2012-06-11,2012-06-16,GDA94,,,,,50,4,
LCI,LCI 205,KLRCR_2012,,Camera,2012-06-11,2012-06-16,GDA94,,,,,50,1,
LCI,LCI 205,KLRCR_2014,,Large Elliott,2014-05-13,2014-05-18,GDA94,,,,,50,10,
LCI,LCI 205,KLRCR_2014,,Medium Elliott,2014-05-13,2014-05-18,GDA94,,,,,50,10,
LCI,LCI 205,KLRCR_2014,,Cage,2014-05-13,2014-05-18,GDA94,,,,,50,4,
LCI,LCI 205,KLRCR_2014,,Camera,2014-05-13,2014-05-18,GDA94,,,,,50,1,
LCI,LCI 206,KLRCR_2011,,Large Elliott,2011-06-24,2011-06-27,GDA94,,,,,50,10,
LCI,LCI 206,KLRCR_2011,,Medium Elliott,2011-06-24,2011-06-27,GDA94,,,,,50,10,
LCI,LCI 206,KLRCR_2011,,Cage,2011-06-24,2011-06-27,GDA94,,,,,50,4,
LCI,LCI 206,KLRCR_2011,,Camera,2011-06-24,2011-06-27,GDA94,,,,,50,1,
LCI,LCI 206,KLRCR_2014,,Large Elliott,2014-05-13,2014-05-18,GDA94,,,,,50,10,
LCI,LCI 206,KLRCR_2014,,Medium Elliott,2014-05-13,2014-05-18,GDA94,,,,,50,10,
LCI,LCI 206,KLRCR_2014,,Cage,2014-05-13,2014-05-18,GDA94,,,,,50,4,
LCI,LCI 206,KLRCR_2014,,Camera,2014-05-13,2014-05-18,GDA94,,,,,50,1,
LCI,LCI 207,KLRCR_2011,,Large Elliott,2011-06-28,2011-07-01,GDA94,,,,,50,10,
LCI,LCI 207,KLRCR_2011,,Medium Elliott,2011-06-28,2011-07-01,GDA94,,,,,50,10,
LCI,LCI 207,KLRCR_2011,,Cage,2011-06-28,2011-07-01,GDA94,,,,,50,4,
LCI,LCI 207,KLRCR_2011,,Camera,2011-06-28,2011-07-01,GDA94,,,,,50,1,
LCI,LCI 207,KLRCR_2013,,Large Elliott,2013-06-13,2013-06-18,GDA94,,,,,50,10,
LCI,LCI 207,KLRCR_2013,,Medium Elliott,2013-06-13,2013-06-18,GDA94,,,,,50,10,
LCI,LCI 207,KLRCR_2013,,Cage,2013-06-13,2013-06-18,GDA94,,,,,50,4,
LCI,LCI 207,KLRCR_2013,,Camera,2013-06-13,2013-06-18,GDA94,,,,,50,1,
LCI,LCI 208,KLRCR_2011,,Large Elliott,2011-06-28,2011-07-01,GDA94,,,,,50,10,
LCI,LCI 208,KLRCR_2011,,Medium Elliott,2011-06-28,2011-07-01,GDA94,,,,,50,10,
LCI,LCI 208,KLRCR_2011,,Cage,2011-06-28,2011-07-01,GDA94,,,,,50,4,
LCI,LCI 208,KLRCR_2011,,Camera,2011-06-28,2011-07-01,GDA94,,,,,50,1,
LCI,LCI 208,KLRCR_2013,,Large Elliott,2013-06-13,2013-06-18,GDA94,,,,,50,10,
LCI,LCI 208,KLRCR_2013,,Medium Elliott,2013-06-13,2013-06-18,GDA94,,,,,50,10,
LCI,LCI 208,KLRCR_2013,,Cage,2013-06-13,2013-06-18,GDA94,,,,,50,4,
LCI,LCI 208,KLRCR_2013,,Camera,2013-06-13,2013-06-18,GDA94,,,,,50,1,
LCI,LCI 209,KLRCR_2011,,Large Elliott,2011-06-28,2011-07-01,GDA94,,,,,50,10,
LCI,LCI 209,KLRCR_2011,,Medium Elliott,2011-06-28,2011-07-01,GDA94,,,,,50,10,
LCI,LCI 209,KLRCR_2011,,Cage,2011-06-28,2011-07-01,GDA94,,,,,50,4,
LCI,LCI 209,KLRCR_2011,,Camera,2011-06-28,2011-07-01,GDA94,,,,,50,1,
LCI,LCI 210,KLRCR_2011,,Large Elliott,2011-06-28,2011-07-01,GDA94,,,,,50,10,
LCI,LCI 210,KLRCR_2011,,Medium Elliott,2011-06-28,2011-07-01,GDA94,,,,,50,10,
LCI,LCI 210,KLRCR_2011,,Cage,2011-06-28,2011-07-01,GDA94,,,,,50,4,
LCI,LCI 210,KLRCR_2011,,Camera,2011-06-28,2011-07-01,GDA94,,,,,50,1,
LCI,LCI 211,KLRCR_2011,,Large Elliott,2011-06-28,2011-07-01,GDA94,,,,,50,10,
LCI,LCI 211,KLRCR_2011,,Medium Elliott,2011-06-28,2011-07-01,GDA94,,,,,50,10,
LCI,LCI 211,KLRCR_2011,,Cage,2011-06-28,2011-07-01,GDA94,,,,,50,4,
LCI,LCI 211,KLRCR_2011,,Camera,2011-06-28,2011-07-01,GDA94,,,,,50,1,
LCI,LCI 211,KLRCR_2013,,Large Elliott,2013-06-13,2013-06-18,GDA94,,,,,50,10,
LCI,LCI 211,KLRCR_2013,,Medium Elliott,2013-06-13,2013-06-18,GDA94,,,,,50,10,
LCI,LCI 211,KLRCR_2013,,Cage,2013-06-13,2013-06-18,GDA94,,,,,50,4,
LCI,LCI 211,KLRCR_2013,,Camera,2013-06-13,2013-06-18,GDA94,,,,,50,1,
LCI,LCI 212,KLRCR_2011,,Large Elliott,2011-06-28,2011-07-01,GDA94,,,,,50,10,
LCI,LCI 212,KLRCR_2011,,Medium Elliott,2011-06-28,2011-07-01,GDA94,,,,,50,10,
LCI,LCI 212,KLRCR_2011,,Cage,2011-06-28,2011-07-01,GDA94,,,,,50,4,
LCI,LCI 212,KLRCR_2011,,Camera,2011-06-28,2011-07-01,GDA94,,,,,50,1,
LCI,LCI 212,KLRCR_2013,,Large Elliott,2013-06-13,2013-06-18,GDA94,,,,,50,10,
LCI,LCI 212,KLRCR_2013,,Medium Elliott,2013-06-13,2013-06-18,GDA94,,,,,50,10,
LCI,LCI 212,KLRCR_2013,,Cage,2013-06-13,2013-06-18,GDA94,,,,,50,4,
LCI,LCI 212,KLRCR_2013,,Camera,2013-06-13,2013-06-18,GDA94,,,,,50,1,
LCI,LCI 301,PRNP_2012,,Large Elliott,2012-07-31,2012-08-05,GDA94,,,,,50,10,
LCI,LCI 301,PRNP_2012,,Medium Elliott,2012-07-31,2012-08-05,GDA94,,,,,50,10,
LCI,LCI 301,PRNP_2012,,Cage,2012-07-31,2012-08-05,GDA94,,,,,50,4,
LCI,LCI 301,PRNP_2012,,Camera,2012-07-31,2012-08-05,GDA94,,,,,50,1,
LCI,LCI 301,PRNP_2014,,Large Elliott,2014-06-15,2014-06-20,GDA94,,,,,50,10,
LCI,LCI 301,PRNP_2014,,Medium Elliott,2014-06-15,2014-06-20,GDA94,,,,,50,10,
LCI,LCI 301,PRNP_2014,,Cage,2014-06-15,2014-06-20,GDA94,,,,,50,4,
LCI,LCI 301,PRNP_2014,,Camera,2014-06-15,2014-06-20,GDA94,,,,,50,1,
LCI,LCI 302,PRNP_2014,,Large Elliott,2014-06-15,2014-06-20,GDA94,,,,,50,10,
LCI,LCI 302,PRNP_2014,,Medium Elliott,2014-06-15,2014-06-20,GDA94,,,,,50,10,
LCI,LCI 302,PRNP_2014,,Cage,2014-06-15,2014-06-20,GDA94,,,,,50,4,
LCI,LCI 302,PRNP_2014,,Camera,2014-06-15,2014-06-20,GDA94,,,,,50,1,
LCI,LCI 303,PRNP_2012,,Large Elliott,2012-07-31,2012-08-05,GDA94,,,,,50,10,
LCI,LCI 303,PRNP_2012,,Medium Elliott,2012-07-31,2012-08-05,GDA94,,,,,50,10,
LCI,LCI 303,PRNP_2012,,Cage,2012-07-31,2012-08-05,GDA94,,,,,50,4,
LCI,LCI 303,PRNP_2012,,Camera,2012-07-31,2012-08-05,GDA94,,,,,50,1,
LCI,LCI 303,PRNP_2014,,Large Elliott,2014-06-14,2014-06-19,GDA94,,,,,50,10,
LCI,LCI 303,PRNP_2014,,Medium Elliott,2014-06-14,2014-06-19,GDA94,,,,,50,10,
LCI,LCI 303,PRNP_2014,,Cage,2014-06-14,2014-06-19,GDA94,,,,,50,4,
LCI,LCI 303,PRNP_2014,,Camera,2014-06-14,2014-06-19,GDA94,,,,,50,1,
LCI,LCI 304,PRNP_2012,,Large Elliott,2012-07-31,2012-08-05,GDA94,,,,,50,10,
LCI,LCI 304,PRNP_2012,,Medium Elliott,2012-07-31,2012-08-05,GDA94,,,,,50,10,
LCI,LCI 304,PRNP_2012,,Cage,2012-07-31,2012-08-05,GDA94,,,,,50,4,
LCI,LCI 304,PRNP_2012,,Camera,2012-07-31,2012-08-05,GDA94,,,,,50,1,
LCI,LCI 304,PRNP_2014,,Large Elliott,2014-06-14,2014-06-19,GDA94,,,,,50,10,
LCI,LCI 304,PRNP_2014,,Medium Elliott,2014-06-14,2014-06-19,GDA94,,,,,50,10,
LCI,LCI 304,PRNP_2014,,Cage,2014-06-14,2014-06-19,GDA94,,,,,50,4,
LCI,LCI 304,PRNP_2014,,Camera,2014-06-14,2014-06-19,GDA94,,,,,50,1,
LCI,LCI 305 R,PRNP_2012,,Large Elliott,2012-07-31,2012-08-05,GDA94,,,,,50,10,
LCI,LCI 305 R,PRNP_2012,,Medium Elliott,2012-07-31,2012-08-05,GDA94,,,,,50,10,
LCI,LCI 305 R,PRNP_2012,,Cage,2012-07-31,2012-08-05,GDA94,,,,,50,4,
LCI,LCI 305 R,PRNP_2012,,Camera,2012-07-31,2012-08-05,GDA94,,,,,50,1,
LCI,LCI 305 R,PRNP_2014,,Large Elliott,2014-06-14,2014-06-19,GDA94,,,,,50,10,
LCI,LCI 305 R,PRNP_2014,,Medium Elliott,2014-06-14,2014-06-19,GDA94,,,,,50,10,
LCI,LCI 305 R,PRNP_2014,,Cage,2014-06-14,2014-06-19,GDA94,,,,,50,4,
LCI,LCI 305 R,PRNP_2014,,Camera,2014-06-14,2014-06-19,GDA94,,,,,50,1,
LCI,LCI 306,PRNP_2014,,Large Elliott,2014-06-15,2014-06-20,GDA94,,,,,50,10,
LCI,LCI 306,PRNP_2014,,Medium Elliott,2014-06-15,2014-06-20,GDA94,,,,,50,10,
LCI,LCI 306,PRNP_2014,,Cage,2014-06-15,2014-06-20,GDA94,,,,,50,4,
LCI,LCI 306,PRNP_2014,,Camera,2014-06-15,2014-06-20,GDA94,,,,,50,1,
LCI,LCI 311,PRNP_2012,,Large Elliott,2012-08-07,2012-08-12,GDA94,,,,,50,10,
LCI,LCI 311,PRNP_2012,,Medium Elliott,2012-08-07,2012-08-12,GDA94,,,,,50,10,
LCI,LCI 311,PRNP_2012,,Cage,2012-08-07,2012-08-12,GDA94,,,,,50,4,
LCI,LCI 311,PRNP_2012,,Camera,2012-08-07,2012-08-12,GDA94,,,,,50,1,
LCI,LCI 311,PRNP_2014,,Large Elliott,2014-06-06,2014-06-11,GDA94,,,,,50,10,
LCI,LCI 311,PRNP_2014,,Medium Elliott,2014-06-06,2014-06-11,GDA94,,,,,50,10,
LCI,LCI 311,PRNP_2014,,Cage,2014-06-06,2014-06-11,GDA94,,,,,50,4,
LCI,LCI 311,PRNP_2014,,Camera,2014-06-06,2014-06-11,GDA94,,,,,50,1,
LCI,LCI 313 R,PRNP_2012,,Large Elliott,2012-08-07,2012-08-12,GDA94,,,,,50,10,
LCI,LCI 313 R,PRNP_2012,,Medium Elliott,2012-08-07,2012-08-12,GDA94,,,,,50,10,
LCI,LCI 313 R,PRNP_2012,,Cage,2012-08-07,2012-08-12,GDA94,,,,,50,4,
LCI,LCI 313 R,PRNP_2012,,Camera,2012-08-07,2012-08-12,GDA94,,,,,50,1,
LCI,LCI 313 R,PRNP_2014,,Large Elliott,2014-06-05,2014-06-10,GDA94,,,,,50,10,
LCI,LCI 313 R,PRNP_2014,,Medium Elliott,2014-06-05,2014-06-10,GDA94,,,,,50,10,
LCI,LCI 313 R,PRNP_2014,,Cage,2014-06-05,2014-06-10,GDA94,,,,,50,4,
LCI,LCI 313 R,PRNP_2014,,Camera,2014-06-05,2014-06-10,GDA94,,,,,50,1,
LCI,LCI 314 R,PRNP_2012,,Large Elliott,2012-08-07,2012-08-12,GDA94,,,,,50,10,
LCI,LCI 314 R,PRNP_2012,,Medium Elliott,2012-08-07,2012-08-12,GDA94,,,,,50,10,
LCI,LCI 314 R,PRNP_2012,,Cage,2012-08-07,2012-08-12,GDA94,,,,,50,4,
LCI,LCI 314 R,PRNP_2012,,Camera,2012-08-07,2012-08-12,GDA94,,,,,50,1,
LCI,LCI 314 R,PRNP_2014,,Large Elliott,2014-06-06,2014-06-11,GDA94,,,,,50,10,
LCI,LCI 314 R,PRNP_2014,,Medium Elliott,2014-06-06,2014-06-11,GDA94,,,,,50,10,
LCI,LCI 314 R,PRNP_2014,,Cage,2014-06-06,2014-06-11,GDA94,,,,,50,4,
LCI,LCI 314 R,PRNP_2014,,Camera,2014-06-06,2014-06-11,GDA94,,,,,50,1,
LCI,LCI 315,PRNP_2012,,Large Elliott,2012-08-07,2012-08-12,GDA94,,,,,50,10,
LCI,LCI 315,PRNP_2012,,Medium Elliott,2012-08-07,2012-08-12,GDA94,,,,,50,10,
LCI,LCI 315,PRNP_2012,,Cage,2012-08-07,2012-08-12,GDA94,,,,,50,4,
LCI,LCI 315,PRNP_2012,,Camera,2012-08-07,2012-08-12,GDA94,,,,,50,1,
LCI,LCI 315,PRNP_2014,,Large Elliott,2014-06-05,2014-06-10,GDA94,,,,,50,10,
LCI,LCI 315,PRNP_2014,,Medium Elliott,2014-06-05,2014-06-10,GDA94,,,,,50,10,
LCI,LCI 315,PRNP_2014,,Cage,2014-06-05,2014-06-10,GDA94,,,,,50,4,
LCI,LCI 315,PRNP_2014,,Camera,2014-06-05,2014-06-10,GDA94,,,,,50,1,
LCI,LCI 317 R,PRNP_2014,,Large Elliott,2014-06-05,2014-06-10,GDA94,,,,,50,10,
LCI,LCI 317 R,PRNP_2014,,Medium Elliott,2014-06-05,2014-06-10,GDA94,,,,,50,10,
LCI,LCI 317 R,PRNP_2014,,Cage,2014-06-05,2014-06-10,GDA94,,,,,50,4,
LCI,LCI 317 R,PRNP_2014,,Camera,2014-06-05,2014-06-10,GDA94,,,,,50,1,
LCI,LCI 319,PRNP_2014,,Large Elliott,2014-06-06,2014-06-11,GDA94,,,,,50,10,
LCI,LCI 319,PRNP_2014,,Medium Elliott,2014-06-06,2014-06-11,GDA94,,,,,50,10,
LCI,LCI 319,PRNP_2014,,Cage,2014-06-06,2014-06-11,GDA94,,,,,50,4,
LCI,LCI 319,PRNP_2014,,Camera,2014-06-06,2014-06-11,GDA94,,,,,50,1,
LCI,LCI 401,Mt Elizabeth_2013,,Large Elliott,2013-09-29,2013-10-04,GDA94,,,,,50,10,
LCI,LCI 401,Mt Elizabeth_2013,,Medium Elliott,2013-09-29,2013-10-04,GDA94,,,,,50,10,
LCI,LCI 401,Mt Elizabeth_2013,,Cage,2013-09-29,2013-10-04,GDA94,,,,,50,4,
LCI,LCI 401,Mt Elizabeth_2013,,Camera,2013-09-29,2013-10-04,GDA94,,,,,50,1,
LCI,LCI 403,Mt Elizabeth_2013,,Large Elliott,2013-09-29,2013-10-04,GDA94,,,,,50,10,
LCI,LCI 403,Mt Elizabeth_2013,,Medium Elliott,2013-09-29,2013-10-04,GDA94,,,,,50,10,
LCI,LCI 403,Mt Elizabeth_2013,,Cage,2013-09-29,2013-10-04,GDA94,,,,,50,4,
LCI,LCI 403,Mt Elizabeth_2013,,Camera,2013-09-29,2013-10-04,GDA94,,,,,50,1,
LCI,LCI 405,Mt Elizabeth_2013,,Large Elliott,2013-09-29,2013-10-04,GDA94,,,,,50,10,
LCI,LCI 405,Mt Elizabeth_2013,,Medium Elliott,2013-09-29,2013-10-04,GDA94,,,,,50,10,
LCI,LCI 405,Mt Elizabeth_2013,,Cage,2013-09-29,2013-10-04,GDA94,,,,,50,4,
LCI,LCI 405,Mt Elizabeth_2013,,Camera,2013-09-29,2013-10-04,GDA94,,,,,50,1,
LCI,LCI 406,Mt Elizabeth_2013,,Large Elliott,2013-09-29,2013-10-04,GDA94,,,,,50,10,
LCI,LCI 406,Mt Elizabeth_2013,,Medium Elliott,2013-09-29,2013-10-04,GDA94,,,,,50,10,
LCI,LCI 406,Mt Elizabeth_2013,,Cage,2013-09-29,2013-10-04,GDA94,,,,,50,4,
LCI,LCI 406,Mt Elizabeth_2013,,Camera,2013-09-29,2013-10-04,GDA94,,,,,50,1,
LCI,LCI 410,Mt Elizabeth_2013,,Large Elliott,2013-09-29,2013-10-04,GDA94,,,,,50,10,
LCI,LCI 410,Mt Elizabeth_2013,,Medium Elliott,2013-09-29,2013-10-04,GDA94,,,,,50,10,
LCI,LCI 410,Mt Elizabeth_2013,,Cage,2013-09-29,2013-10-04,GDA94,,,,,50,4,
LCI,LCI 410,Mt Elizabeth_2013,,Camera,2013-09-29,2013-10-04,GDA94,,,,,50,1,
LCI,LCI 411,Mt Elizabeth_2013,,Large Elliott,2013-09-29,2013-10-04,GDA94,,,,,50,10,
LCI,LCI 411,Mt Elizabeth_2013,,Medium Elliott,2013-09-29,2013-10-04,GDA94,,,,,50,10,
LCI,LCI 411,Mt Elizabeth_2013,,Cage,2013-09-29,2013-10-04,GDA94,,,,,50,4,
LCI,LCI 411,Mt Elizabeth_2013,,Camera,2013-09-29,2013-10-04,GDA94,,,,,50,1,
LCI,LCI 412,Mt Elizabeth_2013,,Large Elliott,2013-09-29,2013-10-04,GDA94,,,,,50,10,
LCI,LCI 412,Mt Elizabeth_2013,,Medium Elliott,2013-09-29,2013-10-04,GDA94,,,,,50,10,
LCI,LCI 412,Mt Elizabeth_2013,,Cage,2013-09-29,2013-10-04,GDA94,,,,,50,4,
LCI,LCI 412,Mt Elizabeth_2013,,Camera,2013-09-29,2013-10-04,GDA94,,,,,50,1,
LCI,LCI 413,Mt Elizabeth_2013,,Large Elliott,2013-09-29,2013-10-04,GDA94,,,,,50,10,
LCI,LCI 413,Mt Elizabeth_2013,,Medium Elliott,2013-09-29,2013-10-04,GDA94,,,,,50,10,
LCI,LCI 413,Mt Elizabeth_2013,,Cage,2013-09-29,2013-10-04,GDA94,,,,,50,4,
LCI,LCI 413,Mt Elizabeth_2013,,Camera,2013-09-29,2013-10-04,GDA94,,,,,50,1,
LCI,LCI 501,Bachsten_2013,,Large Elliott,2013-09-21,2013-09-26,GDA94,,,,,50,10,
LCI,LCI 501,Bachsten_2013,,Medium Elliott,2013-09-21,2013-09-26,GDA94,,,,,50,10,
LCI,LCI 501,Bachsten_2013,,Cage,2013-09-21,2013-09-26,GDA94,,,,,50,4,
LCI,LCI 501,Bachsten_2013,,Camera,2013-09-21,2013-09-26,GDA94,,,,,50,1,
LCI,LCI 502,Bachsten_2013,,Large Elliott,2013-09-21,2013-09-26,GDA94,,,,,50,10,
LCI,LCI 502,Bachsten_2013,,Medium Elliott,2013-09-21,2013-09-26,GDA94,,,,,50,10,
LCI,LCI 502,Bachsten_2013,,Cage,2013-09-21,2013-09-26,GDA94,,,,,50,4,
LCI,LCI 502,Bachsten_2013,,Camera,2013-09-21,2013-09-26,GDA94,,,,,50,1,
LCI,LCI 504,Bachsten_2013,,Large Elliott,2013-09-21,2013-09-26,GDA94,,,,,50,10,
LCI,LCI 504,Bachsten_2013,,Medium Elliott,2013-09-21,2013-09-26,GDA94,,,,,50,10,
LCI,LCI 504,Bachsten_2013,,Cage,2013-09-21,2013-09-26,GDA94,,,,,50,4,
LCI,LCI 504,Bachsten_2013,,Camera,2013-09-21,2013-09-26,GDA94,,,,,50,1,
LCI,LCI 505,Bachsten_2013,,Large Elliott,2013-09-21,2013-09-26,GDA94,,,,,50,10,
LCI,LCI 505,Bachsten_2013,,Medium Elliott,2013-09-21,2013-09-26,GDA94,,,,,50,10,
LCI,LCI 505,Bachsten_2013,,Cage,2013-09-21,2013-09-26,GDA94,,,,,50,4,
LCI,LCI 505,Bachsten_2013,,Camera,2013-09-21,2013-09-26,GDA94,,,,,50,1,
LCI,LCI 506,Bachsten_2013,,Large Elliott,2013-09-21,2013-09-26,GDA94,,,,,50,10,
LCI,LCI 506,Bachsten_2013,,Medium Elliott,2013-09-21,2013-09-26,GDA94,,,,,50,10,
LCI,LCI 506,Bachsten_2013,,Cage,2013-09-21,2013-09-26,GDA94,,,,,50,4,
LCI,LCI 506,Bachsten_2013,,Camera,2013-09-21,2013-09-26,GDA94,,,,,50,1,
LCI,LCI 507,Bachsten_2013,,Large Elliott,2013-09-21,2013-09-26,GDA94,,,,,50,10,
LCI,LCI 507,Bachsten_2013,,Medium Elliott,2013-09-21,2013-09-26,GDA94,,,,,50,10,
LCI,LCI 507,Bachsten_2013,,Cage,2013-09-21,2013-09-26,GDA94,,,,,50,4,
LCI,LCI 507,Bachsten_2013,,Camera,2013-09-21,2013-09-26,GDA94,,,,,50,1,
LCI,LCI 511,Bachsten_2013,,Large Elliott,2013-09-21,2013-09-26,GDA94,,,,,50,10,
LCI,LCI 511,Bachsten_2013,,Medium Elliott,2013-09-21,2013-09-26,GDA94,,,,,50,10,
LCI,LCI 511,Bachsten_2013,,Cage,2013-09-21,2013-09-26,GDA94,,,,,50,4,
LCI,LCI 511,Bachsten_2013,,Camera,2013-09-21,2013-09-26,GDA94,,,,,50,1,
LCI,LCI 512,Bachsten_2013,,Large Elliott,2013-09-21,2013-09-26,GDA94,,,,,50,10,
LCI,LCI 512,Bachsten_2013,,Medium Elliott,2013-09-21,2013-09-26,GDA94,,,,,50,10,
LCI,LCI 512,Bachsten_2013,,Cage,2013-09-21,2013-09-26,GDA94,,,,,50,4,
LCI,LCI 512,Bachsten_2013,,Camera,2013-09-21,2013-09-26,GDA94,,,,,50,1,
LCI,LCI 601,DRNP_2013,,Large Elliott,2013-08-18,2013-08-23,GDA94,,,,,50,10,
LCI,LCI 601,DRNP_2013,,Medium Elliott,2013-08-18,2013-08-23,GDA94,,,,,50,10,
LCI,LCI 601,DRNP_2013,,Cage,2013-08-18,2013-08-23,GDA94,,,,,50,4,
LCI,LCI 601,DRNP_2013,,Camera,2013-08-18,2013-08-23,GDA94,,,,,50,1,
LCI,LCI 602,DRNP_2013,,Large Elliott,2013-08-18,2013-08-23,GDA94,,,,,50,10,
LCI,LCI 602,DRNP_2013,,Medium Elliott,2013-08-18,2013-08-23,GDA94,,,,,50,10,
LCI,LCI 602,DRNP_2013,,Cage,2013-08-18,2013-08-23,GDA94,,,,,50,4,
LCI,LCI 602,DRNP_2013,,Camera,2013-08-18,2013-08-23,GDA94,,,,,50,1,
LCI,LCI 603,DRNP_2013,,Large Elliott,2013-08-18,2013-08-23,GDA94,,,,,50,10,
LCI,LCI 603,DRNP_2013,,Medium Elliott,2013-08-18,2013-08-23,GDA94,,,,,50,10,
LCI,LCI 603,DRNP_2013,,Cage,2013-08-18,2013-08-23,GDA94,,,,,50,4,
LCI,LCI 603,DRNP_2013,,Camera,2013-08-18,2013-08-23,GDA94,,,,,50,1,
LCI,LCI 604,DRNP_2013,,Large Elliott,2013-08-18,2013-08-23,GDA94,,,,,50,10,
LCI,LCI 604,DRNP_2013,,Medium Elliott,2013-08-18,2013-08-23,GDA94,,,,,50,10,
LCI,LCI 604,DRNP_2013,,Cage,2013-08-18,2013-08-23,GDA94,,,,,50,4,
LCI,LCI 604,DRNP_2013,,Camera,2013-08-18,2013-08-23,GDA94,,,,,50,1,
LCI,LCI 605,DRNP_2013,,Large Elliott,2013-08-18,2013-08-23,GDA94,,,,,50,10,
LCI,LCI 605,DRNP_2013,,Medium Elliott,2013-08-18,2013-08-23,GDA94,,,,,50,10,
LCI,LCI 605,DRNP_2013,,Cage,2013-08-18,2013-08-23,GDA94,,,,,50,4,
LCI,LCI 605,DRNP_2013,,Camera,2013-08-18,2013-08-23,GDA94,,,,,50,1,
LCI,LCI 606,DRNP_2013,,Large Elliott,2013-08-18,2013-08-23,GDA94,,,,,50,10,
LCI,LCI 606,DRNP_2013,,Medium Elliott,2013-08-18,2013-08-23,GDA94,,,,,50,10,
LCI,LCI 606,DRNP_2013,,Cage,2013-08-18,2013-08-23,GDA94,,,,,50,4,
LCI,LCI 606,DRNP_2013,,Camera,2013-08-18,2013-08-23,GDA94,,,,,50,1,
LCI,LCI 607,DRNP_2013,,Large Elliott,2013-08-18,2013-08-23,GDA94,,,,,50,10,
LCI,LCI 607,DRNP_2013,,Medium Elliott,2013-08-18,2013-08-23,GDA94,,,,,50,10,
LCI,LCI 607,DRNP_2013,,Cage,2013-08-18,2013-08-23,GDA94,,,,,50,4,
LCI,LCI 607,DRNP_2013,,Camera,2013-08-18,2013-08-23,GDA94,,,,,50,1,
LCI,LCI 608 R,DRNP_2013,,Large Elliott,2013-08-18,2013-08-23,GDA94,,,,,50,10,
LCI,LCI 608 R,DRNP_2013,,Medium Elliott,2013-08-18,2013-08-23,GDA94,,,,,50,10,
LCI,LCI 608 R,DRNP_2013,,Cage,2013-08-18,2013-08-23,GDA94,,,,,50,4,
LCI,LCI 608 R,DRNP_2013,,Camera,2013-08-18,2013-08-23,GDA94,,,,,50,1,
LCI,LCI 207,KLRCR_2015,,Large Elliott,2015-05-15,2015-05-20,GDA94,,,,,50,10,
LCI,LCI 207,KLRCR_2015,,Medium Elliott,2015-05-15,2015-05-20,GDA94,,,,,50,10,
LCI,LCI 207,KLRCR_2015,,Cage,2015-05-15,2015-05-20,GDA94,,,,,50,4,
LCI,LCI 207,KLRCR_2015,,Camera,2015-05-15,2015-05-20,GDA94,,,,,50,1,
LCI,LCI 208,KLRCR_2015,,Large Elliott,2015-05-15,2015-05-20,GDA94,,,,,50,10,
LCI,LCI 208,KLRCR_2015,,Medium Elliott,2015-05-15,2015-05-20,GDA94,,,,,50,10,
LCI,LCI 208,KLRCR_2015,,Cage,2015-05-15,2015-05-20,GDA94,,,,,50,4,
LCI,LCI 208,KLRCR_2015,,Camera,2015-05-15,2015-05-20,GDA94,,,,,50,1,
LCI,LCI 209,KLRCR_2015,,Large Elliott,2015-05-16,2015-05-21,GDA94,,,,,50,10,
LCI,LCI 209,KLRCR_2015,,Medium Elliott,2015-05-16,2015-05-21,GDA94,,,,,50,10,
LCI,LCI 209,KLRCR_2015,,Cage,2015-05-16,2015-05-21,GDA94,,,,,50,4,
LCI,LCI 209,KLRCR_2015,,Camera,2015-05-16,2015-05-21,GDA94,,,,,50,1,
LCI,LCI 210,KLRCR_2015,,Large Elliott,2015-05-16,2015-05-21,GDA94,,,,,50,10,
LCI,LCI 210,KLRCR_2015,,Medium Elliott,2015-05-16,2015-05-21,GDA94,,,,,50,10,
LCI,LCI 210,KLRCR_2015,,Cage,2015-05-16,2015-05-21,GDA94,,,,,50,4,
LCI,LCI 210,KLRCR_2015,,Camera,2015-05-16,2015-05-21,GDA94,,,,,50,1,
LCI,LCI 211,KLRCR_2015,,Large Elliott,2015-05-17,2015-05-22,GDA94,,,,,50,10,
LCI,LCI 211,KLRCR_2015,,Medium Elliott,2015-05-17,2015-05-22,GDA94,,,,,50,10,
LCI,LCI 211,KLRCR_2015,,Cage,2015-05-17,2015-05-22,GDA94,,,,,50,4,
LCI,LCI 211,KLRCR_2015,,Camera,2015-05-17,2015-05-22,GDA94,,,,,50,1,
LCI,LCI 212,KLRCR_2015,,Large Elliott,2015-05-17,2015-05-22,GDA94,,,,,50,10,
LCI,LCI 212,KLRCR_2015,,Medium Elliott,2015-05-17,2015-05-22,GDA94,,,,,50,10,
LCI,LCI 212,KLRCR_2015,,Cage,2015-05-17,2015-05-22,GDA94,,,,,50,4,
LCI,LCI 212,KLRCR_2015,,Camera,2015-05-17,2015-05-22,GDA94,,,,,50,1,
LCI,LCI 615,DRNP_2015,,Large Elliott,2015-07-16,2015-07-21,GDA94,,,,,50,10,LCI 611B
LCI,LCI 615,DRNP_2015,,Medium Elliott,2015-07-16,2015-07-21,GDA94,,,,,50,10,LCI 611B
LCI,LCI 615,DRNP_2015,,Cage,2015-07-16,2015-07-21,GDA94,,,,,50,4,LCI 611B
LCI,LCI 615,DRNP_2015,,Camera,2015-07-16,2015-07-21,GDA94,,,,,50,1,LCI 611B
LCI,LCI 611,DRNP_2015,,Large Elliott,2015-07-16,2015-07-21,GDA94,,,,,50,10,LCI 611E
LCI,LCI 611,DRNP_2015,,Medium Elliott,2015-07-16,2015-07-21,GDA94,,,,,50,10,LCI 611E
LCI,LCI 611,DRNP_2015,,Cage,2015-07-16,2015-07-21,GDA94,,,,,50,4,LCI 611E
LCI,LCI 611,DRNP_2015,,Camera,2015-07-16,2015-07-21,GDA94,,,,,50,1,LCI 611E
LCI,LCI 616,DRNP_2015,,Large Elliott,2015-07-16,2015-07-21,GDA94,,,,,50,10,LCI 611C
LCI,LCI 616,DRNP_2015,,Medium Elliott,2015-07-16,2015-07-21,GDA94,,,,,50,10,LCI 611C
LCI,LCI 616,DRNP_2015,,Cage,2015-07-16,2015-07-21,GDA94,,,,,50,4,LCI 611C
LCI,LCI 616,DRNP_2015,,Camera,2015-07-16,2015-07-21,GDA94,,,,,50,1,LCI 611C
LCI,LCI 614,DRNP_2015,,Large Elliott,2015-07-16,2015-07-21,GDA94,,,,,50,10,LCI 611A
LCI,LCI 614,DRNP_2015,,Medium Elliott,2015-07-16,2015-07-21,GDA94,,,,,50,10,LCI 611A
LCI,LCI 614,DRNP_2015,,Cage,2015-07-16,2015-07-21,GDA94,,,,,50,4,LCI 611A
LCI,LCI 614,DRNP_2015,,Camera,2015-07-16,2015-07-21,GDA94,,,,,50,1,LCI 611A
LCI,LCI 617,DRNP_2015,,Large Elliott,2015-07-16,2015-07-21,GDA94,,,,,50,10,LCI 611F
LCI,LCI 617,DRNP_2015,,Medium Elliott,2015-07-16,2015-07-21,GDA94,,,,,50,10,LCI 611F
LCI,LCI 617,DRNP_2015,,Cage,2015-07-16,2015-07-21,GDA94,,,,,50,4,LCI 611F
LCI,LCI 617,DRNP_2015,,Camera,2015-07-16,2015-07-21,GDA94,,,,,50,1,LCI 611F
LCI,LCI 612,DRNP_2015,,Large Elliott,2015-07-16,2015-07-21,GDA94,,,,,50,10,LCI 611D
LCI,LCI 612,DRNP_2015,,Medium Elliott,2015-07-16,2015-07-21,GDA94,,,,,50,10,LCI 611D
LCI,LCI 612,DRNP_2015,,Cage,2015-07-16,2015-07-21,GDA94,,,,,50,4,LCI 611D
LCI,LCI 612,DRNP_2015,,Camera,2015-07-16,2015-07-21,GDA94,,,,,50,1,LCI 611D
LCI,LCI 607,DRNP_2015,,Large Elliott,2015-07-22,2015-07-27,GDA94,,,,,50,10,
LCI,LCI 607,DRNP_2015,,Medium Elliott,2015-07-22,2015-07-27,GDA94,,,,,50,10,
LCI,LCI 607,DRNP_2015,,Cage,2015-07-22,2015-07-27,GDA94,,,,,50,4,
LCI,LCI 607,DRNP_2015,,Camera,2015-07-22,2015-07-27,GDA94,,,,,50,1,
LCI,LCI 606,DRNP_2015,,Large Elliott,2015-07-22,2015-07-27,GDA94,,,,,50,10,
LCI,LCI 606,DRNP_2015,,Medium Elliott,2015-07-22,2015-07-27,GDA94,,,,,50,10,
LCI,LCI 606,DRNP_2015,,Cage,2015-07-22,2015-07-27,GDA94,,,,,50,4,
LCI,LCI 606,DRNP_2015,,Camera,2015-07-22,2015-07-27,GDA94,,,,,50,1,
LCI,LCI 604,DRNP_2015,,Large Elliott,2015-07-21,2015-07-26,GDA94,,,,,50,10,
LCI,LCI 604,DRNP_2015,,Medium Elliott,2015-07-21,2015-07-26,GDA94,,,,,50,10,
LCI,LCI 604,DRNP_2015,,Cage,2015-07-21,2015-07-26,GDA94,,,,,50,4,
LCI,LCI 604,DRNP_2015,,Camera,2015-07-21,2015-07-26,GDA94,,,,,50,1,
LCI,LCI 603,DRNP_2015,,Large Elliott,2015-07-21,2015-07-26,GDA94,,,,,50,10,
LCI,LCI 603,DRNP_2015,,Medium Elliott,2015-07-21,2015-07-26,GDA94,,,,,50,10,
LCI,LCI 603,DRNP_2015,,Cage,2015-07-21,2015-07-26,GDA94,,,,,50,4,
LCI,LCI 603,DRNP_2015,,Camera,2015-07-21,2015-07-26,GDA94,,,,,50,1,
LCI,LCI 026,MP_September_2015,,Large Elliott,2015-09-23,2015-09-28,GDA94,,,,,50,10,
LCI,LCI 026,MP_September_2015,,Medium Elliott,2015-09-23,2015-09-28,GDA94,,,,,50,10,
LCI,LCI 026,MP_September_2015,,Cage,2015-09-23,2015-09-28,GDA94,,,,,50,4,
LCI,LCI 026,MP_September_2015,,Camera,2015-09-23,2015-09-28,GDA94,,,,,50,1,
LCI,LCI 027,MP_September_2015,,Large Elliott,2015-09-23,2015-09-28,GDA94,,,,,50,10,
LCI,LCI 027,MP_September_2015,,Medium Elliott,2015-09-23,2015-09-28,GDA94,,,,,50,10,
LCI,LCI 027,MP_September_2015,,Cage,2015-09-23,2015-09-28,GDA94,,,,,50,4,
LCI,LCI 027,MP_September_2015,,Camera,2015-09-23,2015-09-28,GDA94,,,,,50,1,
LCI,LCI 028,MP_September_2015,,Large Elliott,2015-09-23,2015-09-28,GDA94,,,,,50,10,
LCI,LCI 028,MP_September_2015,,Medium Elliott,2015-09-23,2015-09-28,GDA94,,,,,50,10,
LCI,LCI 028,MP_September_2015,,Cage,2015-09-23,2015-09-28,GDA94,,,,,50,4,
LCI,LCI 028,MP_September_2015,,Camera,2015-09-23,2015-09-28,GDA94,,,,,50,1,
LCI,LCI 029,MP_September_2015,,Large Elliott,2015-09-23,2015-09-28,GDA94,,,,,50,10,
LCI,LCI 029,MP_September_2015,,Medium Elliott,2015-09-23,2015-09-28,GDA94,,,,,50,10,
LCI,LCI 029,MP_September_2015,,Cage,2015-09-23,2015-09-28,GDA94,,,,,50,4,
LCI,LCI 029,MP_September_2015,,Camera,2015-09-23,2015-09-28,GDA94,,,,,50,1,
LCI,LCI 301,PRNP_2015,,Large Elliott,2015-08-24,2015-08-29,GDA94,,,,,50,10,
LCI,LCI 301,PRNP_2015,,Medium Elliott,2015-08-24,2015-08-29,GDA94,,,,,50,10,
LCI,LCI 301,PRNP_2015,,Cage,2015-08-24,2015-08-29,GDA94,,,,,50,4,
LCI,LCI 301,PRNP_2015,,Camera,2015-08-24,2015-08-29,GDA94,,,,,50,1,
LCI,LCI 302,PRNP_2015,,Large Elliott,2015-08-24,2015-08-29,GDA94,,,,,50,10,
LCI,LCI 302,PRNP_2015,,Medium Elliott,2015-08-24,2015-08-29,GDA94,,,,,50,10,
LCI,LCI 302,PRNP_2015,,Cage,2015-08-24,2015-08-29,GDA94,,,,,50,4,
LCI,LCI 302,PRNP_2015,,Camera,2015-08-24,2015-08-29,GDA94,,,,,50,1,
LCI,LCI 303,PRNP_2015,,Large Elliott,2015-08-24,2015-08-29,GDA94,,,,,50,10,
LCI,LCI 303,PRNP_2015,,Medium Elliott,2015-08-24,2015-08-29,GDA94,,,,,50,10,
LCI,LCI 303,PRNP_2015,,Cage,2015-08-24,2015-08-29,GDA94,,,,,50,4,
LCI,LCI 303,PRNP_2015,,Camera,2015-08-24,2015-08-29,GDA94,,,,,50,1,
LCI,LCI 304,PRNP_2015,,Large Elliott,2015-08-25,2015-08-30,GDA94,,,,,50,10,
LCI,LCI 304,PRNP_2015,,Medium Elliott,2015-08-25,2015-08-30,GDA94,,,,,50,10,
LCI,LCI 304,PRNP_2015,,Cage,2015-08-25,2015-08-30,GDA94,,,,,50,4,
LCI,LCI 304,PRNP_2015,,Camera,2015-08-25,2015-08-30,GDA94,,,,,50,1,
LCI,LCI 305 R,PRNP_2015,,Large Elliott,2015-08-25,2015-08-30,GDA94,,,,,50,10,
LCI,LCI 305 R,PRNP_2015,,Medium Elliott,2015-08-25,2015-08-30,GDA94,,,,,50,10,
LCI,LCI 305 R,PRNP_2015,,Cage,2015-08-25,2015-08-30,GDA94,,,,,50,4,
LCI,LCI 305 R,PRNP_2015,,Camera,2015-08-25,2015-08-30,GDA94,,,,,50,1,
LCI,LCI 306,PRNP_2015,,Large Elliott,2015-08-24,2015-08-29,GDA94,,,,,50,10,
LCI,LCI 306,PRNP_2015,,Medium Elliott,2015-08-24,2015-08-29,GDA94,,,,,50,10,
LCI,LCI 306,PRNP_2015,,Cage,2015-08-24,2015-08-29,GDA94,,,,,50,4,
LCI,LCI 306,PRNP_2015,,Camera,2015-08-24,2015-08-29,GDA94,,,,,50,1,
LCI,LCI 311,PRNP_2015,,Large Elliott,2015-08-17,2015-08-22,GDA94,,,,,50,10,
LCI,LCI 311,PRNP_2015,,Medium Elliott,2015-08-17,2015-08-22,GDA94,,,,,50,10,
LCI,LCI 311,PRNP_2015,,Cage,2015-08-17,2015-08-22,GDA94,,,,,50,4,
LCI,LCI 311,PRNP_2015,,Camera,2015-08-17,2015-08-22,GDA94,,,,,50,1,
LCI,LCI 313 R,PRNP_2015,,Large Elliott,2015-08-17,2015-08-22,GDA94,,,,,50,10,
LCI,LCI 313 R,PRNP_2015,,Medium Elliott,2015-08-17,2015-08-22,GDA94,,,,,50,10,
LCI,LCI 313 R,PRNP_2015,,Cage,2015-08-17,2015-08-22,GDA94,,,,,50,4,
LCI,LCI 313 R,PRNP_2015,,Camera,2015-08-17,2015-08-22,GDA94,,,,,50,1,
LCI,LCI 314 R,PRNP_2015,,Large Elliott,2015-08-17,2015-08-22,GDA94,,,,,50,10,
LCI,LCI 314 R,PRNP_2015,,Medium Elliott,2015-08-17,2015-08-22,GDA94,,,,,50,10,
LCI,LCI 314 R,PRNP_2015,,Cage,2015-08-17,2015-08-22,GDA94,,,,,50,4,
LCI,LCI 314 R,PRNP_2015,,Camera,2015-08-17,2015-08-22,GDA94,,,,,50,1,
LCI,LCI 315,PRNP_2015,,Large Elliott,2015-08-16,2015-08-21,GDA94,,,,,50,10,
LCI,LCI 315,PRNP_2015,,Medium Elliott,2015-08-16,2015-08-21,GDA94,,,,,50,10,
LCI,LCI 315,PRNP_2015,,Cage,2015-08-16,2015-08-21,GDA94,,,,,50,4,
LCI,LCI 315,PRNP_2015,,Camera,2015-08-16,2015-08-21,GDA94,,,,,50,1,
LCI,LCI 317 R,PRNP_2015,,Large Elliott,2015-08-17,2015-08-22,GDA94,,,,,50,10,
LCI,LCI 317 R,PRNP_2015,,Medium Elliott,2015-08-17,2015-08-22,GDA94,,,,,50,10,
LCI,LCI 317 R,PRNP_2015,,Cage,2015-08-17,2015-08-22,GDA94,,,,,50,4,
LCI,LCI 317 R,PRNP_2015,,Camera,2015-08-17,2015-08-22,GDA94,,,,,50,1,
LCI,LCI 319,PRNP_2015,,Large Elliott,2015-08-16,2015-08-21,GDA94,,,,,50,10,
LCI,LCI 319,PRNP_2015,,Medium Elliott,2015-08-16,2015-08-21,GDA94,,,,,50,10,
LCI,LCI 319,PRNP_2015,,Cage,2015-08-16,2015-08-21,GDA94,,,,,50,4,
LCI,LCI 319,PRNP_2015,,Camera,2015-08-16,2015-08-21,GDA94,,,,,50,1,
