{
    "name": "nc",
    "resources": [
        {
            "url": "",
            "schema": {
                "fields": [
                    {
                        "description": "",
                        "format": "default",
                        "type": "string",
                        "name": "Project",
                        "title": ""
                    },
                    {
                        "description": "",
                        "format": "default",
                        "type": "string",
                        "name": "Site",
                        "title": ""
                    },
                    {
                        "description": "",
                        "format": "default",
                        "type": "string",
                        "name": "Visit",
                        "title": ""
                    },
                    {
                        "description": "",
                        "format": "default",
                        "type": "geojson",
                        "name": "Trap Line ID",
                        "title": ""
                    },
                    {
                        "description": "",
                        "format": "default",
                        "type": "string",
                        "name": "Trap Type",
                        "title": ""
                    },
                    {
                        "description": "",
                        "format": "default",
                        "type": "date",
                        "name": "Open Date",
                        "title": ""
                    },
                    {
                        "description": "",
                        "format": "default",
                        "type": "date",
                        "name": "Close Date",
                        "title": ""
                    },
                    {
                        "description": "",
                        "format": "default",
                        "type": "string",
                        "name": "Datum",
                        "title": ""
                    },
                    {
                        "description": "",
                        "format": "default",
                        "type": "geojson",
                        "name": "Start Latitude",
                        "title": ""
                    },
                    {
                        "description": "",
                        "format": "default",
                        "type": "geojson",
                        "name": "Start Longitude",
                        "title": ""
                    },
                    {
                        "description": "",
                        "format": "default",
                        "type": "geojson",
                        "name": "Stop Latitude",
                        "title": ""
                    },
                    {
                        "description": "",
                        "format": "default",
                        "type": "geojson",
                        "name": "Stop Longitude",
                        "title": ""
                    },
                    {
                        "description": "",
                        "format": "default",
                        "type": "integer",
                        "name": "Accuracy (m)",
                        "title": ""
                    },
                    {
                        "description": "",
                        "format": "default",
                        "type": "integer",
                        "name": "Number of Traps",
                        "title": ""
                    },
                    {
                        "description": "",
                        "format": "default",
                        "type": "string",
                        "name": "Comments",
                        "title": ""
                    }
                ],
                "foreignKeys": [
                    {
                        "fields": [
                            "Site"
                        ],
                        "reference": {
                            "fields": [
                                "site_code"
                            ],
                            "datapackage": "https://biosys.dpaw.wa.gov.au/api/v1/",
                            "resource": "Site"
                        }
                    }
                ]
            },
            "name": "nc-traps",
            "title": "NC - Traps"
        }
    ],
    "title": "NC"
}
