Project,Site,Visit,Trap Line ID,Trap Type,Open Date,Close Date,Datum,Start Latitude,Start Longitude,Stop Latitude,Stop Longitude,Accuracy (m),Number of Traps,Comments
NC,PNP 001,PNP_2013,,Large Elliott,2013-07-29,2013-08-03,GDA94,,,,,50,10,
NC,PNP 001,PNP_2013,,Medium Elliott,2013-07-29,2013-08-03,GDA94,,,,,50,10,
NC,PNP 001,PNP_2013,,Cage,2013-07-29,2013-08-03,GDA94,,,,,50,4,
NC,PNP 001,PNP_2013,,Camera,2013-07-29,2013-08-03,GDA94,,,,,50,1,
NC,PNP 002,PNP_2013,,Large Elliott,2013-07-29,2013-08-03,GDA94,,,,,50,10,
NC,PNP 002,PNP_2013,,Medium Elliott,2013-07-29,2013-08-03,GDA94,,,,,50,10,
NC,PNP 002,PNP_2013,,Cage,2013-07-29,2013-08-03,GDA94,,,,,50,4,
NC,PNP 002,PNP_2013,,Camera,2013-07-29,2013-08-03,GDA94,,,,,50,1,
NC,PNP 003,PNP_2013,,Large Elliott,2013-07-29,2013-08-03,GDA94,,,,,50,10,
NC,PNP 003,PNP_2013,,Medium Elliott,2013-07-29,2013-08-03,GDA94,,,,,50,10,
NC,PNP 003,PNP_2013,,Cage,2013-07-29,2013-08-03,GDA94,,,,,50,4,
NC,PNP 003,PNP_2013,,Camera,2013-07-29,2013-08-03,GDA94,,,,,50,1,
NC,PNP 004,PNP_2013,,Large Elliott,2013-07-29,2013-08-03,GDA94,,,,,50,10,
NC,PNP 004,PNP_2013,,Medium Elliott,2013-07-29,2013-08-03,GDA94,,,,,50,10,
NC,PNP 004,PNP_2013,,Cage,2013-07-29,2013-08-03,GDA94,,,,,50,4,
NC,PNP 004,PNP_2013,,Camera,2013-07-29,2013-08-03,GDA94,,,,,50,1,
NC,PNP 005,PNP_2013,,Large Elliott,2013-07-29,2013-08-03,GDA94,,,,,50,10,
NC,PNP 005,PNP_2013,,Medium Elliott,2013-07-29,2013-08-03,GDA94,,,,,50,10,
NC,PNP 005,PNP_2013,,Cage,2013-07-29,2013-08-03,GDA94,,,,,50,4,
NC,PNP 005,PNP_2013,,Camera,2013-07-29,2013-08-03,GDA94,,,,,50,1,
NC,PNP 006,PNP_2013,,Large Elliott,2013-07-29,2013-08-03,GDA94,,,,,50,10,
NC,PNP 006,PNP_2013,,Medium Elliott,2013-07-29,2013-08-03,GDA94,,,,,50,10,
NC,PNP 006,PNP_2013,,Cage,2013-07-29,2013-08-03,GDA94,,,,,50,4,
NC,PNP 006,PNP_2013,,Camera,2013-07-29,2013-08-03,GDA94,,,,,50,1,
NC,PNP 007,PNP_2013,,Large Elliott,2013-07-29,2013-08-03,GDA94,,,,,50,10,
NC,PNP 007,PNP_2013,,Medium Elliott,2013-07-29,2013-08-03,GDA94,,,,,50,10,
NC,PNP 007,PNP_2013,,Cage,2013-07-29,2013-08-03,GDA94,,,,,50,4,
NC,PNP 007,PNP_2013,,Camera,2013-07-29,2013-08-03,GDA94,,,,,50,1,
NC,PNP 008,PNP_2013,,Large Elliott,2013-07-29,2013-08-03,GDA94,,,,,50,10,
NC,PNP 008,PNP_2013,,Medium Elliott,2013-07-29,2013-08-03,GDA94,,,,,50,10,
NC,PNP 008,PNP_2013,,Cage,2013-07-29,2013-08-03,GDA94,,,,,50,4,
NC,PNP 008,PNP_2013,,Camera,2013-07-29,2013-08-03,GDA94,,,,,50,1,
NC,PNP 009,PNP_2013,,Large Elliott,2013-07-29,2013-08-03,GDA94,,,,,50,10,
NC,PNP 009,PNP_2013,,Medium Elliott,2013-07-29,2013-08-03,GDA94,,,,,50,10,
NC,PNP 009,PNP_2013,,Cage,2013-07-29,2013-08-03,GDA94,,,,,50,4,
NC,PNP 009,PNP_2013,,Camera,2013-07-29,2013-08-03,GDA94,,,,,50,1,
NC,PNP 010,PNP_2013,,Large Elliott,2013-07-29,2013-08-03,GDA94,,,,,50,10,
NC,PNP 010,PNP_2013,,Medium Elliott,2013-07-29,2013-08-03,GDA94,,,,,50,10,
NC,PNP 010,PNP_2013,,Cage,2013-07-29,2013-08-03,GDA94,,,,,50,4,
NC,PNP 010,PNP_2013,,Camera,2013-07-29,2013-08-03,GDA94,,,,,50,1,
NC,PNP 011,PNP_2013,,Large Elliott,2013-07-29,2013-08-03,GDA94,,,,,50,10,
NC,PNP 011,PNP_2013,,Medium Elliott,2013-07-29,2013-08-03,GDA94,,,,,50,10,
NC,PNP 011,PNP_2013,,Cage,2013-07-29,2013-08-03,GDA94,,,,,50,4,
NC,PNP 011,PNP_2013,,Camera,2013-07-29,2013-08-03,GDA94,,,,,50,1,
NC,PNP 012,PNP_2013,,Large Elliott,2013-07-29,2013-08-03,GDA94,,,,,50,10,
NC,PNP 012,PNP_2013,,Medium Elliott,2013-07-29,2013-08-03,GDA94,,,,,50,10,
NC,PNP 012,PNP_2013,,Cage,2013-07-29,2013-08-03,GDA94,,,,,50,4,
NC,PNP 012,PNP_2013,,Camera,2013-07-29,2013-08-03,GDA94,,,,,50,1,
