{
    "name": "lci",
    "resources": [
        {
            "url": "",
            "schema": {
  "fields": [
    {
      "description": "", 
      "format": "default", 
      "type": "string", 
      "name": "Project", 
      "title": ""
    }, 
    {
      "description": "", 
      "format": "default", 
      "type": "string", 
      "name": "Visit", 
      "title": ""
    }, 
    {
      "description": "", 
      "format": "default", 
      "type": "string", 
      "name": "Site", 
      "title": ""
    }, 
    {
      "description": "", 
      "format": "default", 
      "type": "string", 
      "name": "Collector", 
      "title": ""
    }, 
    {
      "description": "", 
      "format": "default", 
      "type": "date", 
      "name": "Observation Date", 
      "title": ""
    }, 
    {
      "description": "", 
      "format": "default", 
      "type": "string", 
      "name": "Trap No", 
      "title": ""
    }, 
    {
      "description": "", 
      "format": "default", 
      "type": "string", 
      "name": "Trap Type", 
      "title": ""
    }, 
    {
      "description": "", 
      "format": "default", 
      "type": "string", 
      "name": "Capture Type", 
      "title": ""
    }, 
    {
      "description": "", 
      "format": "default", 
      "type": "string", 
      "name": "Species", 
      "title": ""
    }, 
    {
      "description": "", 
      "format": "default", 
      "type": "string", 
      "name": "Species validation status", 
      "title": ""
    }, 
    {
      "description": "", 
      "format": "default", 
      "type": "string", 
      "name": "Species uncertainty", 
      "title": ""
    }, 
    {
      "description": "", 
      "format": "default", 
      "type": "string", 
      "name": "Sex", 
      "title": ""
    }, 
    {
      "description": "", 
      "format": "default", 
      "type": "string", 
      "name": "Microchip number", 
      "title": ""
    }, 
    {
      "description": "", 
      "format": "default", 
      "type": "string", 
      "name": "Sample number", 
      "title": ""
    }, 
    {
      "description": "", 
      "format": "default", 
      "type": "string", 
      "name": "DNA sample type", 
      "title": ""
    }, 
    {
      "description": "", 
      "format": "default", 
      "type": "string", 
      "name": "Fate", 
      "title": ""
    }, 
    {
      "description": "", 
      "format": "default", 
      "type": "number", 
      "name": "Gross weight (g)", 
      "title": ""
    }, 
    {
      "description": "", 
      "format": "default", 
      "type": "number", 
      "name": "Bag weight (g)", 
      "title": ""
    }, 
    {
      "description": "", 
      "format": "default", 
      "type": "number", 
      "name": "Net weight (g)", 
      "title": ""
    }, 
    {
      "description": "", 
      "format": "default", 
      "type": "string", 
      "name": "Age", 
      "title": ""
    }, 
    {
      "description": "", 
      "format": "default", 
      "type": "number", 
      "name": "Head length (mm)", 
      "title": ""
    }, 
    {
      "description": "", 
      "format": "default", 
      "type": "number", 
      "name": "Pes length (mm)", 
      "title": ""
    }, 
    {
      "description": "", 
      "format": "default", 
      "type": "string", 
      "name": "Reproductive condition", 
      "title": ""
    }, 
    {
      "description": "", 
      "format": "default", 
      "type": "string", 
      "name": "Pouch", 
      "title": ""
    }, 
    {
      "description": "", 
      "format": "default", 
      "type": "string", 
      "name": "Testes length", 
      "title": ""
    }, 
    {
      "description": "", 
      "format": "default", 
      "type": "string", 
      "name": "Testes width", 
      "title": ""
    }, 
    {
      "description": "", 
      "format": "default", 
      "type": "string", 
      "name": "Head-Body", 
      "title": ""
    }, 
    {
      "description": "", 
      "format": "default", 
      "type": "string", 
      "name": "Tail length", 
      "title": ""
    }, 
    {
      "description": "", 
      "format": "default", 
      "type": "string", 
      "name": "Tail condition", 
      "title": ""
    }, 
    {
      "description": "", 
      "format": "default", 
      "type": "string", 
      "name": "Comments", 
      "title": ""
}
                ],
                "foreignKeys": [
                    {
                        "fields": [
                            "Site"
                        ],
                        "reference": {
                            "fields": [
                                "site_code"
                            ],
                            "datapackage": "https://biosys.dpaw.wa.gov.au/api/v1/",
                            "resource": "Site"
                        }
                    }
                ]
            },
            "name": "lci-animal-observations",
            "title": "Landscape Conservation Initiative - Animal Observations"
        }
    ],
    "title": "Landscape Conservation Initiative"
}
