Project,Visit,Site,Date,Fauna Habitat and Shelter,Veg Cover,Rock Crevices,Tree Hollows,Logs,Food Availability,Fruiting,Flowering,Seeding,Termite Mounds,Tracks and Traces,Sightings,Tracks,Scats,Other Signs,Comments
LCI,MP_July 2011,LCI 001,2011-07-24,2,1,3,1,1,1,0,0,0,2,2,0,1,2,0,wallaby scats seen
LCI,MP_July 2011,LCI 002,2011-07-29,3,4,4,3,2,2,3,2,3,1,2,3,0,3,0,"Nabarleks, quolls, black grass wrens, variegated fairy wrens and red back wrens seen in the area"
LCI,MP_July 2011,LCI 003,2011-07-29,3,4,0,2,1,2,2,2,3,0,1,0,0,1,0,lg macropod scats
LCI,MP_July 2011,LCI 004,2011-07-27,3,4,1,3,3,3,2,3,4,1,1,0,1,0,0,
LCI,MP_July 2011,LCI 005,2011-07-26,2,2,2,3,3,2,1,3,2,0,1,0,1,0,0,"dingoes, wallaby or cattle tracks"
LCI,MP_July 2011,LCI 007,2011-07-31,3,4,2,4,3,3,3,3,3,3,0,0,0,0,0,
LCI,MP_July 2011,LCI 008 R,2011-07-29,3,4,3,3,2,4,4,3,4,3,1,1,0,0,0,"shrubfoul, skinks"
LCI,MP_July 2011,LCI 008 W,2011-07-29,3,4,3,3,2,4,4,3,4,3,1,1,0,0,0,"shrubfoul, skinks"
LCI,MP_July 2011,LCI 009,2011-07-30,3,4,1,4,2,3,3,3,3,1,1,1,0,0,0,skinks
LCI,MP_July 2011,LCI 010,2011-07-30,3,4,0,4,2,3,3,3,3,1,1,1,0,2,0,"bandicoot, lg macropod scats"
LCI,MP_August 2011,LCI 013,2011-08-16,2,1,0,3,3,1,1,1,0,0,2,1,0,1,3,"carlia, echidna scats, echidna or bandicoot diggings"
LCI,MP_August 2011,LCI 014,2011-08-16,3,3,2,3,4,1,1,1,1,1,1,1,0,0,1,"Euro, carlia, dingo, mammal diggings"
LCI,MP_August 2011,LCI 015 R,2011-08-15,4,4,2,4,3,4,4,4,4,1,1,1,0,0,1,"carlia, euro, dingo, bandicoot diggings"
LCI,MP_August 2011,LCI 015 W,2011-08-15,4,4,2,4,3,4,4,4,4,1,1,1,0,0,1,"carlia, euro, dingo, bandicoot diggings"
LCI,MP_August 2011,LCI 019,2011-08-14,3,4,2,4,2,2,2,2,3,0,1,0,0,1,0,lg macropod scats
LCI,MP_August 2011,LCI 020,2011-08-29,3,4,3,2,3,3,4,3,3,1,1,0,1,1,0,
LCI,MP_August 2011,LCI 021,2011-08-29,2,1,5,2,2,1,3,1,1,0,1,0,1,2,0,large wallaby scats seen. Patches of scree almost vine thicket. Only where rocks prevent fire impacts over long term
LCI,MP_August 2011,LCI 022,2011-08-14,2,3,0,2,1,2,2,2,2,1,1,1,0,0,0,"euro, small skink"
LCI,MP_August 2011,LCI 023 R,2011-08-14,2,4,1,1,0,2,2,2,1,0,1,0,0,0,0,lots of birdcalls
LCI,MP_August 2011,LCI 023 W,2011-08-14,2,4,1,1,0,2,2,2,1,0,1,0,0,0,0,lots of birdcalls
LCI,MP_August 2011,LCI 024,2011-08-15,3,4,0,2,1,2,2,2,3,1,1,1,0,0,0,dragon
LCI,MP_August 2011,LCI 026,2011-08-13,2,1,1,3,2,1,1,2,1,0,0,0,0,0,0,
LCI,MP_August 2011,LCI 027,2011-08-12,2,2,0,2,1,2,2,2,2,1,1,1,1,0,0,"skinks, dingo tracks"
LCI,MP_August 2011,LCI 028,2011-08-12,2,3,0,2,1,2,2,2,3,1,1,1,0,0,0,skinks
LCI,MP_August 2011,LCI 032,2011-08-24,1,2,1,1,1,2,1,2,3,2,0,0,0,0,0,
LCI,MP_August 2011,LCI 033,2011-08-24,2,3,1,3,2,2,2,3,3,2,0,0,0,0,0,
LCI,MP_September 2011,LCI 038,2011-09-21,2,3,0,0,0,2,0,3,3,0,0,0,0,0,0,holes where fresh water crabs make their homes
LCI,MP_July 2012,LCI 039 R,2012-07-06,4,5,3,3,4,4,4,4,3,0,2,2,0,0,0,macropods
LCI,MP_July 2012,LCI 039 W,2012-07-06,4,5,3,3,4,4,4,4,3,0,2,2,0,0,0,macropods
LCI,MP_July 2012,LCI 041,2012-07-10,2,2,1,2,2,2,2,2,1,3,2,0,0,0,3,diggings
LCI,MP_July 2012,LCI 043,2012-07-02,2,2,0,3,2,2,3,2,1,2,0,0,0,0,0,
LCI,MP_July 2012,LCI 044,2012-07-02,3,4,0,4,4,3,2,3,3,2,0,0,0,0,0,
LCI,MP_July 2012,LCI 046,2012-07-08,2,2,0,2,2,2,2,3,1,3,0,0,0,0,0,
LCI,MP_September 2013,LCI 047 R,2013-09-07,2,2,2,1,3,1,1,3,1,0,0,0,0,0,0,
LCI,MP_September 2013,LCI 047 W,2013-09-07,2,2,2,1,3,1,1,3,1,0,0,0,0,0,0,
LCI,MP_August 2013,LCI 050,2013-08-10,4,4,5,4,3,3,4,4,3,2,3,2,0,1,0,"Euro, carlias, macropod scats"
LCI,MP_July 2012,LCI 051,2012-07-09,3,3,4,4,2,3,3,3,2,0,0,0,0,0,0,
LCI,MP_July 2012,LCI 052,2012-07-09,3,3,0,4,4,3,2,3,3,0,0,0,0,0,0,
LCI,MP_July 2012,LCI 053,2012-07-12,3,3,0,2,2,3,2,3,3,3,0,0,0,0,0,
LCI,MP_July 2012,LCI 054,2012-07-12,3,3,4,2,1,3,3,3,3,0,2,0,0,2,0,macropod scats
LCI,MP_July 2012,LCI 055,2012-07-12,3,3,4,3,2,3,4,3,3,4,3,0,0,3,2,macropod scats and diggings
LCI,MP_July 2012,LCI 056,2012-07-13,3,4,0,1,2,3,2,3,3,0,0,0,0,0,0,
LCI,KLRCR_2011,LCI 201,2011-06-25,2,2,3,3,0,2,2,2,1,1,2,0,0,1,1,"macropod scats, diggings (Rattus tunnii)"
LCI,KLRCR_2011,LCI 202,2011-06-25,3,4,2,4,2,4,4,4,3,3,1,2,0,1,0,"Ctenotus, macropod scats"
LCI,KLRCR_2011,LCI 203,2011-06-24,3,3,5,1,1,3,4,4,2,3,2,1,0,1,0,"Carlia, macropod scats"
LCI,KLRCR_2011,LCI 204,2011-06-25,2,3,2,2,2,2,3,3,3,1,2,1,0,1,0,"Antilopine?, large and small macropod scats"
LCI,KLRCR_2011,LCI 205,2011-06-23,1,1,4,0,0,1,1,2,1,3,1,0,0,1,0,large macropod scats
LCI,KLRCR_2011,LCI 206,2011-06-24,3,4,4,3,0,3,4,3,3,0,1,1,0,0,0,Delma?
LCI,KLRCR_2011,LCI 207,2011-06-26,2,3,2,1,1,3,3,3,4,1,1,1,0,0,0,monitor in grass? Skink (10cm)
LCI,KLRCR_2011,LCI 208,2011-06-27,2,3,1,2,2,2,1,2,2,2,2,1,0,0,1,"snake or monitor (0.8m), King Brown 1.8m, fresh mammal burrows (Rattus tunnii)"
LCI,KLRCR_2011,LCI 209,2011-06-27,2,3,2,2,1,2,2,2,2,1,2,1,1,0,0,"macropod tracks and scats, Moretia ruficauda"
LCI,KLRCR_2011,LCI 210,2011-06-29,3,4,4,1,1,3,3,3,3,0,1,1,0,0,0,Carlia
LCI,KLRCR_2011,LCI 211,2011-06-28,3,3,4,1,1,3,3,3,3,2,0,0,0,0,0,
LCI,KLRCR_2011,LCI 212,2011-06-28,3,4,5,2,2,4,4,4,3,3,2,1,0,1,0,"Ctenotus robustus, large macropod scats"
LCI,KLRCR_2012,LCI 213,2012-06-18,4,4,0,4,3,4,4,4,3,0,0,0,0,0,0,
LCI,KLRCR_2012,LCI 214,2012-06-19,3,2,5,2,3,4,4,4,3,3,0,0,0,0,0,
LCI,PRNP_2012,LCI 301,2012-08-01,3,3,3,2,2,3,2,3,3,0,2,0,2,2,0,
LCI,PRNP_2012,LCI 302,2012-08-02,3,4,4,2,2,3,3,3,3,0,1,0,0,1,2,diggings were noted here
LCI,PRNP_2012,LCI 303,2012-08-01,3,3,5,0,1,3,2,3,3,0,1,0,0,2,0,
LCI,PRNP_2012,LCI 304,2012-08-01,3,4,4,2,2,3,4,4,3,1,2,0,2,2,1,Not as many scats or tracks as I would have thought for this site
LCI,PRNP_2012,LCI 305 R,2012-08-01,3,4,4,2,2,3,3,3,3,0,1,0,0,1,2,diggings were noted here
LCI,PRNP_2012,LCI 305 W,2012-08-01,3,4,4,2,2,3,3,3,3,0,1,0,0,1,2,diggings were noted here
LCI,PRNP_2012,LCI 306,2012-08-02,3,4,4,1,1,2,2,1,3,1,1,0,0,2,0,
LCI,PRNP_2012,LCI 307,2012-08-02,4,4,4,1,1,4,4,4,4,1,1,0,0,1,0,
LCI,PRNP_2012,LCI 308,2012-08-02,3,4,3,2,2,3,2,3,3,0,1,0,0,2,2,
LCI,PRNP_2012,LCI 311,2012-08-08,3,4,2,2,1,2,2,3,2,0,1,1,0,0,0,
LCI,PRNP_2012,LCI 313 R,2012-08-08,4,5,5,3,1,4,4,4,4,0,1,0,0,0,2,diggings on the edge of the rainforest
LCI,PRNP_2012,LCI 313 W,2012-08-08,4,5,5,3,1,4,4,4,4,0,1,0,0,0,2,diggings on the edge of the rainforest
LCI,PRNP_2012,LCI 314 R,2012-08-09,3,4,3,3,3,4,4,4,3,1,2,0,0,2,3,diggings seen. Terminalia fruiting. Grasses have seeded earlier in the year but now senescent
LCI,PRNP_2012,LCI 314 W,2012-08-09,3,4,3,3,3,4,4,4,3,1,2,0,0,2,3,diggings seen. Terminalia fruiting. Grasses have seeded earlier in the year but now senescent
LCI,PRNP_2012,LCI 315,2012-08-09,3,4,1,0,0,2,1,3,3,0,1,1,0,0,0,
LCI,PRNP_2012,LCI 316,2012-08-08,2,3,2,2,2,3,3,3,3,0,3,1,0,2,3,Grass has all seeded and there are lots of animal diggings
LCI,PRNP_2012,LCI 317 R,2012-08-08,3,3,3,2,2,4,4,3,3,0,2,0,0,3,3,diggings
LCI,PRNP_2012,LCI 317 W,2012-08-08,3,3,3,2,2,4,4,3,3,0,2,0,0,3,3,diggings
LCI,PRNP_2012,LCI 318,2012-08-10,3,3,2,3,2,2,2,2,3,0,3,3,2,3,3,diggings seen frequently
LCI,PRNP_2012,LCI 319,2012-08-09,2,3,2,2,2,3,3,3,3,0,1,0,1,0,3,Grasses have seeded earlier in the year. Lots of animal diggings in the area
LCI,Mt Elizabeth_2013,LCI 401,2013-09-28,1,1,0,2,2,0,0,0,0,0,1,0,0,1,2,wallaby diggings/hole here and there. Mainly cattle signs
LCI,Mt Elizabeth_2013,LCI 403,2013-09-28,2,3,0,2,2,0,1,0,0,0,1,0,0,2,1,some diggings seen
LCI,Mt Elizabeth_2013,LCI 405,2013-09-28,2,2,0,2,2,0,0,0,0,0,1,0,0,2,2,some diggings seen
LCI,Mt Elizabeth_2013,LCI 406,2013-09-28,2,0,0,3,2,0,0,0,0,0,1,0,0,2,1,Older growth trees (E. miniata) around and also elsewhere in this woodland. Legacy of good fire management? Wallaby scsats seen. Diggings/holes and lots of ant activity
LCI,Mt Elizabeth_2013,LCI 410,2013-09-29,2,0,0,2,3,1,0,0,0,3,1,0,0,3,2,wallaby scats. Diggings/holes. Lots of ant activity
LCI,Mt Elizabeth_2013,LCI 411,2013-09-28,3,3,0,2,2,0,0,0,0,0,1,0,0,0,1,burrows
LCI,Mt Elizabeth_2013,LCI 412,2013-09-28,1,2,0,1,1,0,0,0,0,0,0,0,0,0,0,
LCI,Mt Elizabeth_2013,LCI 413,2013-09-29,3,3,4,1,2,1,2,0,2,0,1,0,0,2,0,"larger wallaby scats, no small scats sighted and no diggings"
LCI,Bachsten_2013,LCI 501,2013-09-22,4,2,4,2,2,1,1,1,1,0,3,3,1,3,1,
LCI,Bachsten_2013,LCI 502,2013-09-22,3,1,4,1,3,0,0,0,0,0,2,0,0,3,0,
LCI,Bachsten_2013,LCI 504,2013-09-25,3,3,4,2,1,1,2,0,1,0,3,1,2,3,4,diggings common
LCI,Bachsten_2013,LCI 505,2013-09-24,3,3,4,3,1,1,1,1,0,0,3,0,1,4,3,diggings common
LCI,Bachsten_2013,LCI 506,2013-09-23,3,3,4,2,1,2,2,2,3,0,2,0,1,3,3,"grasses had seeded earlier in the year, diggings common"
LCI,Bachsten_2013,LCI 507,2013-09-24,3,4,4,1,1,1,2,2,0,0,3,0,1,4,3,diggings common
LCI,Bachsten_2013,LCI 511,2013-09-23,4,5,2,2,0,1,1,0,1,0,2,0,2,1,3,diggings common
LCI,Bachsten_2013,LCI 512,2013-09-23,3,5,0,2,0,0,0,0,1,0,2,0,0,0,3,diggings common
LCI,DRNP_2013,LCI 601,2013-08-18,1,1,0,2,0,2,0,2,0,3,0,0,0,0,0,kapok flowering
LCI,DRNP_2013,LCI 602,2013-08-18,1,1,0,1,1,1,0,0,1,1,0,0,0,0,0,
LCI,DRNP_2013,LCI 603,2013-08-19,1,2,0,1,1,1,0,2,0,2,0,0,0,0,0,
LCI,DRNP_2013,LCI 604,2013-08-19,3,3,3,1,2,1,1,1,0,0,1,0,1,2,0,prob. Euros or wallabies - large macropods using the area
LCI,DRNP_2013,LCI 605,2013-08-19,3,3,1,2,2,1,2,0,0,0,2,2,1,1,2,diggings (maybe goanna - may be bandicoots too) also confused with cattle
LCI,DRNP_2013,LCI 606,2013-08-20,2,2,1,2,1,1,1,0,0,2,0,0,0,0,0,
LCI,DRNP_2013,LCI 607,2013-08-20,3,3,3,3,2,2,2,2,0,0,2,0,3,2,0,small patch RF adjacent to sandstone scree
LCI,DRNP_2013,LCI 608 R,2013-08-20,4,4,4,2,4,0,0,0,0,0,0,0,0,1,0,Some gaps but could be natural due to the tree fall (some Acacia minirichi) or steep terrain
LCI,DRNP_2013,LCI 608 W,2013-08-20,4,4,4,2,4,0,0,0,0,0,0,0,0,1,0,Some gaps but could be natural due to the tree fall (some Acacia minirichi) or steep terrain
LCI,DRNP_2015,LCI 611,2015-07-17,3,3,4,0,2,1,1,2,2,0,2,1,0,3,2,"king brown seen about 4 ft, wallaby scats present, diggings in sandy section"
LCI,DRNP_2015,LCI 612,2015-07-17,3,3,3,2,2,2,2,1,3,0,2,1,0,2,2,"wallaby various sizes, euro seen, diggings in sandy places looks like bandicoots"
LCI,DRNP_2015,LCI 614,2015-07-18,3,3,3,0,1,2,1,1,3,0,2,0,1,3,3,"wallaby scats of various sizes and diggings, probably bandicoots or maybe goannas"
LCI,DRNP_2015,LCI 615,2015-07-19,3,3,4,0,2,2,2,3,3,0,3,0,3,3,3,Tracks in sand along cliff top and in nearby creek bed. Wallaby and rodent diggings
LCI,DRNP_2015,LCI 616,2015-07-19,3,4,4,0,1,2,3,1,3,0,3,1,3,3,3,brush tailed rock wallaby seen 1st day. Lots of tracks in sand along cliff-top and creek bed. Wallaby scats of various sizes. Diggings further inland as its less rocky and more sandy soil
LCI,DRNP_2015,LCI 617,2015-07-18,2,2,2,0,0,1,1,1,3,0,2,0,0,3,3,"wallabies, larger scats, also diggings. Petalostigma in fruit, Calytris and Grevillea in flower, grasses have seeded"
LCI,MP_July 2012,LCI 001,2012-07-09,2,3,3,2,2,2,1,2,3,2,3,0,1,3,3,"grasses seeded, some evidence of bandicoot diggings"
LCI,MP_July 2013,LCI 001,2013-07-05,3,3,3,3,1,2,1,2,3,2,1,0,1,0,0,
LCI,MP_July 2014,LCI 001,2014-07-10,3,3,3,3,1,2,1,2,3,2,2,0,0,1,1,bandicoot digs
LCI,MP_July 2012,LCI 002,2012-07-11,3,3,4,2,1,2,2,2,3,1,3,3,3,4,0,"dingo, macropods"
LCI,MP_July 2013,LCI 002,2013-07-07,3,4,4,3,2,2,3,2,3,1,1,0,0,3,0,
LCI,MP_July 2014,LCI 002,2014-07-10,3,4,4,3,2,2,3,2,3,1,2,0,0,3,0,lots of quoll and Monjon scats
LCI,MP_May 2012,LCI 003,2012-05-15,3,4,0,2,1,2,2,2,3,0,1,0,2,0,0,
LCI,MP_July 2013,LCI 003,2013-07-05,1,2,0,2,1,1,1,1,1,0,0,0,0,0,0,
LCI,MP_July 2014,LCI 003,2014-07-10,3,4,0,2,1,2,1,2,3,0,1,1,1,0,0,
LCI,MP_July 2012,LCI 004,2012-07-02,2,1,1,3,2,1,1,2,1,1,0,0,0,0,0,
LCI,MP_August 2013,LCI 004,2013-08-12,3,4,1,3,3,3,2,3,4,1,0,0,0,0,0,
LCI,MP_July 2014,LCI 004,2014-07-10,3,4,1,3,3,3,2,3,4,1,0,0,0,0,0,
LCI,MP_August 2013,LCI 005,2013-08-13,3,3,2,3,4,3,3,3,4,0,2,2,0,1,0,"skink x2, macropod scats"
LCI,MP_May 2012,LCI 007,2012-05-22,2,1,2,3,2,1,1,0,0,3,0,0,0,0,0,
LCI,MP_August 2013,LCI 007,2013-08-15,4,4,2,4,5,3,3,3,3,3,0,0,0,0,0,
LCI,MP_July 2014,LCI 007,2014-07-17,2,1,2,4,1,1,1,1,0,3,2,0,0,0,4,lots of rodent burrows
LCI,MP_July 2012,LCI 008 R,2012-07-05,3,4,3,3,2,4,4,4,4,3,0,0,0,0,0,
LCI,MP_August 2013,LCI 008 R,2013-08-14,3,4,3,3,3,4,4,4,4,3,0,0,0,0,0,
LCI,MP_July 2014,LCI 008 R,2014-07-16,4,4,3,4,3,4,4,4,4,3,2,2,0,0,0,"landsnails, skink sighting"
LCI,MP_July 2012,LCI 008 W,2012-07-05,3,4,3,3,3,4,4,4,4,3,0,0,0,0,0,
LCI,MP_August 2013,LCI 008 W,2013-08-14,4,4,3,4,3,4,4,4,4,3,2,2,0,0,0,"landsnails, skink sighting"
LCI,MP_July 2014,LCI 008 W,2014-07-16,3,4,3,3,2,4,4,4,4,3,0,0,0,0,0,
LCI,MP_May 2012,LCI 009,2012-05-12,1,1,1,2,1,1,0,0,1,1,0,0,0,0,0,
LCI,MP_August 2013,LCI 009,2013-08-14,3,4,1,4,3,3,3,3,3,1,0,0,0,0,0,
LCI,MP_July 2014,LCI 009,2014-07-15,3,4,1,3,2,3,3,3,3,1,0,0,0,0,0,
LCI,MP_May 2012,LCI 010,2012-05-23,1,1,0,2,1,0,0,0,0,1,0,0,0,0,0,
LCI,MP_August 2013,LCI 010,2013-08-14,3,4,0,4,3,3,3,3,3,1,0,0,0,0,0,
LCI,MP_July 2014,LCI 010,2014-07-11,3,4,0,3,2,3,3,3,3,1,1,0,0,0,1,bandicoot diggings.
LCI,MP_July 2011,LCI 011,2011-08-02,2,3,3,1,2,1,1,1,0,3,2,0,1,2,0,
LCI,MP_May 2012,LCI 011,2012-05-12,3,3,3,1,2,2,1,3,3,3,3,0,0,2,4,diggings bandicoot
LCI,MP_August 2013,LCI 011,2013-08-14,3,3,3,3,4,3,3,4,2,3,0,0,0,0,0,
LCI,MP_July 2014,LCI 011,2014-07-15,3,3,3,1,4,3,3,4,2,3,3,0,0,2,2,diggings
LCI,MP_July 2011,LCI 012,2011-08-02,3,2,5,3,2,2,3,2,0,1,2,1,0,3,0,"Lots of scats at site, possibly Nabarleks and Monjons"
LCI,MP_May 2012,LCI 012,2012-05-23,3,3,5,2,2,1,2,2,1,1,4,0,0,4,0,scats
LCI,MP_August 2013,LCI 012,2013-08-14,4,4,5,4,3,4,4,4,4,1,2,0,0,2,0,small and large macropod scats
LCI,MP_July 2014,LCI 012,2014-07-15,4,4,5,3,2,4,4,4,4,1,2,0,0,3,0,Euro and Monjon scats
LCI,MP_May 2012,LCI 013,2012-05-22,2,3,0,2,3,3,0,2,3,0,0,0,0,0,0,
LCI,MP_August 2013,LCI 013,2013-08-15,4,4,0,5,5,3,3,3,3,0,1,0,0,0,1,diggings
LCI,MP_May 2012,LCI 014,2012-05-12,3,1,2,4,3,2,0,2,3,1,0,0,0,0,0,
LCI,MP_August 2013,LCI 014,2013-08-15,4,3,2,5,5,3,3,4,3,1,3,2,0,1,1,"skinks, macropod scats, bandicoot diggings?"
LCI,MP_July 2014,LCI 014,2014-07-14,3,1,2,5,2,2,2,4,1,1,2,1,0,0,1,diggings
LCI,MP_July 2012,LCI 015 R,2012-07-06,4,4,2,4,4,3,4,3,2,1,2,2,0,0,0,"gecko, skink"
LCI,MP_August 2013,LCI 015 R,2013-08-15,4,5,2,4,5,4,5,5,4,1,0,0,0,0,0,
LCI,MP_July 2014,LCI 015 R,2014-07-16,4,5,2,4,4,4,5,5,4,1,1,1,0,0,0,
LCI,MP_July 2012,LCI 015 W,2012-07-06,4,4,2,4,4,3,4,3,2,1,2,2,0,0,0,"gecko, skink"
LCI,MP_August 2013,LCI 015 W,2013-08-15,4,5,2,4,5,4,5,5,4,1,0,0,0,0,0,
LCI,MP_July 2014,LCI 015 W,2014-07-16,4,5,2,4,4,4,5,5,4,1,1,1,0,0,0,
LCI,MP_September 2011,LCI 016,2011-09-28,1,2,0,2,0,2,2,2,1,2,0,0,0,0,0,
LCI,MP_September 2011,LCI 017,2011-09-28,2,3,1,3,1,2,2,3,2,2,3,0,2,2,2,
LCI,MP_September 2011,LCI 018,2011-09-28,3,3,4,1,0,2,2,3,3,0,3,0,2,3,3,diggings
LCI,MP_May 2012,LCI 019,2012-05-14,2,1,2,4,3,1,2,2,1,0,0,0,0,0,0,
LCI,MP_August 2013,LCI 019,2013-08-13,3,4,2,4,4,3,3,3,4,0,2,1,0,1,0,"carlia, macropod scats"
LCI,MP_July 2014,LCI 019,2014-07-11,4,4,2,4,3,3,3,3,4,1,0,0,0,0,0,no tracks or traces of mammals recorded
LCI,MP_May 2012,LCI 020,2012-05-14,2,1,3,2,2,1,2,1,2,1,0,0,0,0,0,
LCI,MP_August 2013,LCI 020,2013-08-13,3,4,3,3,3,3,4,3,3,1,0,0,0,0,0,
LCI,MP_July 2014,LCI 020,2014-07-11,2,2,3,2,1,1,1,1,1,2,2,0,1,1,1,bandicoot digs and euro scats
LCI,MP_May 2012,LCI 021,2012-05-15,3,3,5,2,2,2,4,3,4,0,3,3,1,3,0,lots lizards
LCI,MP_August 2013,LCI 021,2013-08-15,4,4,5,2,2,3,4,3,4,0,2,2,0,0,0,skinks
LCI,MP_July 2014,LCI 021,2014-07-14,3,3,5,2,1,3,3,3,3,1,3,1,2,2,0,quoll sited
LCI,MP_July 2012,LCI 022,2012-07-09,2,3,0,2,1,2,2,2,3,1,0,0,0,0,0,
LCI,MP_July 2013,LCI 022,2013-07-07,1,2,0,2,1,2,2,2,2,1,0,0,0,0,0,
LCI,MP_July 2014,LCI 023 R,2014-07-14,3,4,1,3,2,2,2,2,2,0,3,1,2,1,0,
LCI,MP_July 2013,LCI 023 W,2013-07-07,2,3,1,1,1,1,1,1,0,0,1,0,0,2,0,
LCI,MP_July 2014,LCI 023 W,2014-07-14,3,4,1,3,2,2,2,2,2,0,3,1,2,1,0,
LCI,MP_July 2012,LCI 024,2012-07-12,3,4,0,2,1,2,2,2,3,1,0,0,0,0,0,
LCI,MP_July 2013,LCI 024,2013-07-07,2,3,0,2,1,2,2,2,2,1,1,0,1,0,0,
LCI,MP_September 2011,LCI 025,2011-09-22,2,3,1,3,2,2,2,3,2,2,0,0,0,0,0,
LCI,MP_May 2012,LCI 025,2012-05-17,2,1,1,3,3,1,2,1,0,2,0,0,0,0,0,
LCI,MP_August 2013,LCI 025,2013-08-11,3,3,1,3,4,2,2,3,2,2,2,2,0,0,0,"dingo, landsnails, lots of insects"
LCI,MP_August 2014,LCI 025,2014-07-18,2,2,1,3,3,2,2,3,2,2,1,0,0,0,1,rodent hole
LCI,MP_May 2012,LCI 026,2012-05-16,3,3,1,3,3,2,2,3,3,0,0,0,0,0,0,
LCI,MP_July 2013,LCI 026,2013-07-04,3,3,1,3,3,3,3,3,3,0,0,0,0,0,0,
LCI,MP_August 2014,LCI 026,2014-07-18,2,1,1,3,2,1,0,2,1,0,1,0,0,0,3,diggings and scratchings
LCI,MP_September_2015,LCI 026,2015-09-24,2,3,1,0,2,1,0,0,1,0,0,0,0,0,0,
LCI,MP_May 2012,LCI 027,2012-05-16,2,3,0,2,1,2,2,2,3,1,0,0,0,0,0,
LCI,MP_July 2013,LCI 027,2013-07-05,2,3,0,2,1,2,2,2,3,1,0,0,0,0,0,
LCI,MP_August 2014,LCI 027,2014-07-20,1,1,0,1,1,1,1,1,1,1,1,0,0,0,1,burrows
LCI,MP_September_2015,LCI 027,2015-09-24,1,2,0,0,1,1,1,0,0,0,0,0,0,0,0,
LCI,MP_May 2012,LCI 028,2012-05-16,2,3,0,2,1,2,2,2,3,1,0,0,0,0,0,
LCI,MP_July 2013,LCI 028,2013-07-04,2,3,0,2,1,2,2,2,3,1,0,0,0,0,0,
LCI,MP_August 2014,LCI 028,2014-07-20,1,1,0,2,1,1,1,1,1,1,0,0,0,0,0,
LCI,MP_September_2015,LCI 028,2015-09-24,2,3,0,0,1,1,1,0,0,1,0,0,0,0,0,
LCI,MP_September 2011,LCI 029,2011-09-23,2,3,0,2,1,2,1,2,3,1,0,0,0,0,0,
LCI,MP_July 2012,LCI 029,2012-07-02,3,4,0,2,1,2,1,2,3,1,0,1,0,0,0,crocodile
LCI,MP_July 2013,LCI 029,2013-07-04,2,3,0,2,1,2,1,2,3,1,0,0,0,0,0,
LCI,MP_August 2014,LCI 029,2014-07-19,1,2,0,1,0,1,1,1,2,1,1,0,0,0,2,diggings
LCI,MP_September_2015,LCI 029,2015-09-25,1,1,0,1,1,0,0,0,0,1,1,0,0,1,1,
LCI,MP_August 2013,LCI 031,2013-08-18,3,3,2,3,3,3,2,3,3,2,0,0,0,0,0,
LCI,MP_July 2012,LCI 032,2012-07-03,2,3,1,1,1,2,2,2,3,2,0,0,0,0,0,
LCI,MP_July 2013,LCI 032,2013-07-03,2,3,1,1,1,2,2,2,3,2,0,0,0,0,0,
LCI,MP_August 2014,LCI 032,2014-07-19,1,1,1,1,0,1,1,1,1,2,0,0,0,0,1,
LCI,MP_July 2012,LCI 033,2012-07-03,2,3,1,3,2,2,2,3,3,2,0,0,0,0,0,
LCI,MP_July 2013,LCI 033,2013-07-03,2,2,1,3,2,1,1,2,1,2,0,0,0,0,0,
LCI,MP_August 2014,LCI 033,2014-07-21,2,3,1,3,2,2,2,3,3,2,1,1,0,1,1,"skinks, roo scats and diggings"
LCI,MP_July 2012,LCI 034,2012-07-03,3,3,3,3,3,2,2,3,3,2,1,1,0,2,0,"euro, euro scats"
LCI,MP_July 2013,LCI 034,2013-07-03,2,2,3,3,2,2,2,2,2,2,0,0,0,0,0,
LCI,MP_August 2014,LCI 034,2014-07-21,3,3,3,4,3,2,3,2,2,3,3,1,0,1,1,"delicate mouse sighted, euro scats, euro pad"
LCI,MP_July 2012,LCI 035,2012-07-03,2,3,4,1,1,2,2,2,2,1,0,0,0,0,0,
LCI,MP_July 2013,LCI 035,2013-07-05,3,3,4,2,1,2,2,2,2,1,0,0,0,0,0,
LCI,MP_August 2014,LCI 035,2014-07-18,2,3,4,1,0,2,3,2,2,1,2,0,0,1,1,"roo (antilopine) & dingo scats, bandicoot digings"
LCI,MP_August 2013,LCI 039 R,2013-08-15,5,5,3,5,5,4,5,4,4,0,0,0,0,0,0,
LCI,MP_July 2014,LCI 039 R,2014-07-16,3,4,3,4,4,3,4,4,2,0,0,0,0,0,0,
LCI,MP_August 2013,LCI 039 W,2013-08-15,5,5,3,5,5,4,5,4,4,0,0,0,0,0,0,
LCI,MP_July 2014,LCI 039 W,2014-07-16,3,4,3,4,4,3,4,4,2,0,0,0,0,0,0,
LCI,MP_August 2013,LCI 041,2013-08-16,3,3,1,3,3,3,3,3,3,3,3,2,0,1,1,"skinks, macropod scats, diggings"
LCI,MP_August 2013,LCI 043,2013-08-19,4,4,0,4,4,2,2,3,3,2,0,0,0,0,0,
LCI,MP_August 2013,LCI 044,2013-08-16,3,2,0,5,5,2,2,3,2,2,0,0,0,0,0,
LCI,MP_August 2013,LCI 046,2013-08-10,3,3,0,3,3,3,3,3,3,3,1,1,0,0,0,skink
LCI,MP_July 2014,LCI 047 R,2014-07-12,3,5,2,2,2,2,3,2,3,0,0,0,0,0,0,
LCI,MP_July 2014,LCI 047 W,2014-07-12,3,5,2,2,2,2,3,2,3,0,0,0,0,0,0,
LCI,MP_August 2013,LCI 051,2013-08-10,3,2,4,4,2,2,3,3,2,0,0,0,0,0,0,
LCI,MP_August 2013,LCI 052,2013-08-10,3,2,0,4,4,2,1,2,2,0,2,2,0,0,0,skinks
LCI,MP_August 2013,LCI 053,2013-08-10,2,2,0,2,3,2,2,3,2,3,1,1,0,0,0,dragon
LCI,MP_August 2013,LCI 054,2013-08-16,2,1,4,2,2,2,3,2,1,0,3,1,0,1,1,"skinks, macropod scats, diggings"
LCI,MP_August 2013,LCI 055,2013-08-13,2,2,4,3,4,2,2,2,2,4,2,0,0,1,1,macropod scats and diggings
LCI,MP_August 2013,LCI 056,2013-08-11,2,3,0,2,2,2,3,2,2,0,1,1,0,0,0,skinks
LCI,KLRCR_2012,LCI 201,2012-06-17,2,2,3,3,1,2,3,2,1,1,3,2,0,2,2,"Carlias, macropod scats, ruttus tunnyi borrown (old)"
LCI,KLRCR_2013,LCI 201,2013-06-20,3,4,3,2,1,2,3,3,2,1,0,0,0,0,0,
LCI,KLRCR_2014,LCI 201,2014-05-15,2,3,3,2,1,2,3,3,2,2,2,1,0,0,1,bandicoot diggings.
LCI,KLRCR_2015,LCI 201,2015-05-11,2,0,3,3,1,1,0,0,3,0,1,1,0,0,0,2.5 m long olive pytthon swimming down creek next to site
LCI,KLRCR_2012,LCI 202,2012-06-19,3,3,2,4,3,3,4,4,2,3,2,2,0,2,0,"Carlia, macropod scats"
LCI,KLRCR_2013,LCI 202,2013-06-19,3,4,2,4,3,3,4,4,3,3,2,0,0,1,1,"macropod scats, diggings"
LCI,KLRCR_2014,LCI 202,2014-05-14,2,3,2,2,1,2,2,3,2,2,2,1,0,0,1,bandicoot diggings.
LCI,KLRCR_2015,LCI 202,2015-05-12,2,0,1,3,2,1,0,0,3,2,0,0,0,0,0,
LCI,KLRCR_2012,LCI 203,2012-06-17,3,2,5,1,1,3,4,3,1,3,3,3,0,2,0,"Carlia, Ctenotus, macropod scats"
LCI,KLRCR_2013,LCI 203,2013-06-19,3,3,5,1,1,3,4,4,2,3,2,0,0,1,1,"sm macropod scats, diggings"
LCI,KLRCR_2014,LCI 203,2014-05-15,3,2,5,1,1,2,4,4,1,3,2,0,0,4,0,
LCI,KLRCR_2015,LCI 203,2015-05-11,3,1,4,1,0,2,0,1,3,2,1,0,0,2,0,
LCI,KLRCR_2012,LCI 204,2012-06-18,3,4,2,3,2,3,3,3,3,1,1,1,0,0,0,Euro (male)
LCI,KLRCR_2013,LCI 204,2013-06-20,3,4,2,3,2,3,3,3,4,1,1,0,0,1,0,macropod scats
LCI,KLRCR_2014,LCI 204,2014-05-14,2,3,2,2,1,2,2,2,4,1,1,0,0,1,0,
LCI,KLRCR_2015,LCI 204,2015-05-10,2,1,2,2,2,0,0,0,3,1,1,1,1,1,0,agile wallaby seen at site
LCI,KLRCR_2012,LCI 205,2012-06-12,2,2,4,1,0,2,1,3,2,3,2,1,0,1,0,"Euro, Dingo scats"
LCI,KLRCR_2013,LCI 205,2013-06-17,3,3,4,1,1,3,2,4,3,3,1,0,0,1,0,macropod scats
LCI,KLRCR_2014,LCI 205,2014-05-16,2,2,4,1,0,2,1,3,2,3,0,0,0,0,0,
LCI,KLRCR_2015,LCI 205,2015-05-10,1,2,1,1,1,2,1,2,3,4,0,0,0,0,0,
LCI,KLRCR_2012,LCI 206,2012-06-13,3,2,4,3,0,2,2,2,1,0,1,0,0,1,0,macropod scats
LCI,KLRCR_2013,LCI 206,2013-06-17,3,4,4,3,1,3,4,3,3,0,0,0,0,0,0,
LCI,KLRCR_2014,LCI 206,2014-05-16,3,3,4,2,1,2,3,3,2,0,2,0,0,2,0,
LCI,KLRCR_2015,LCI 206,2015-05-10,2,2,3,1,1,1,0,0,3,0,1,0,0,1,0,
LCI,KLRCR_2012,LCI 207,2012-06-14,3,4,2,1,0,3,3,3,4,1,0,0,0,0,0,
LCI,KLRCR_2013,LCI 207,2013-06-15,3,4,2,2,1,3,3,3,4,1,0,0,0,0,0,
LCI,KLRCR_2014,LCI 207,2014-05-15,2,3,2,1,1,2,2,2,3,1,0,0,0,0,0,
LCI,KLRCR_2015,LCI 207,2015-05-18,2,3,2,1,1,2,2,2,3,1,0,0,0,0,0,
LCI,KLRCR_2012,LCI 208,2012-06-16,3,4,1,2,2,3,2,3,3,2,0,0,0,0,0,
LCI,KLRCR_2013,LCI 208,2013-06-16,3,4,1,2,2,3,2,3,3,2,0,0,0,0,0,
LCI,KLRCR_2014,LCI 208,2014-05-15,2,3,1,2,0,2,2,2,3,2,0,0,0,0,0,
LCI,KLRCR_2015,LCI 208,2015-05-18,2,3,1,2,2,2,2,3,2,2,1,0,0,0,1,goanna diggings
LCI,KLRCR_2012,LCI 209,2012-06-16,3,4,2,2,1,3,3,2,3,1,0,0,0,0,0,
LCI,KLRCR_2013,LCI 209,2013-06-15,3,4,2,3,1,3,3,2,3,1,2,1,0,1,0,"Carlia, macropod scats"
LCI,KLRCR_2014,LCI 209,2014-05-16,2,3,2,1,0,2,2,2,3,1,0,0,0,0,0,
LCI,KLRCR_2015,LCI 209,2015-05-19,3,4,2,2,2,2,1,2,3,1,0,0,0,0,0,
LCI,KLRCR_2012,LCI 210,2012-06-16,3,4,4,1,1,3,3,3,3,0,1,2,0,0,0,"lots of birds, Wedgetail eagle"
LCI,KLRCR_2013,LCI 210,2013-06-14,3,4,4,3,2,3,4,3,4,0,1,1,0,0,0,lots of honeyeaters / birds
LCI,KLRCR_2014,LCI 210,2014-05-16,3,3,4,2,0,3,3,3,3,0,0,0,0,0,0,
LCI,KLRCR_2015,LCI 210,2015-05-19,3,3,4,2,1,2,2,3,3,0,0,0,0,0,0,
LCI,KLRCR_2012,LCI 211,2012-06-14,2,1,4,1,1,2,3,3,1,2,2,1,0,1,0,"Carlia, macropod scats"
LCI,KLRCR_2013,LCI 211,2013-06-16,3,3,4,1,1,3,3,3,3,2,3,1,0,1,1,"Carlia, sm macropod scats, diggings"
LCI,KLRCR_2014,LCI 211,2014-05-16,3,2,4,2,1,2,3,3,2,2,0,0,0,0,0,
LCI,KLRCR_2015,LCI 211,2015-05-20,3,3,4,2,2,3,3,3,3,2,2,1,0,2,0,carlia species / macropod scats
LCI,KLRCR_2012,LCI 212,2012-06-14,3,3,5,2,2,3,4,4,2,3,1,2,0,0,0,carlias
LCI,KLRCR_2013,LCI 212,2013-06-16,4,4,5,2,3,4,4,4,3,3,3,2,0,1,0,"carlias, sm macropod scats"
LCI,KLRCR_2014,LCI 212,2014-05-16,3,3,5,2,2,3,4,4,2,3,0,0,0,0,0,
LCI,KLRCR_2015,LCI 212,2015-05-20,3,3,5,1,3,3,3,3,2,3,2,1,0,1,0,Carlia species / macropod scats
LCI,KLRCR_2013,LCI 213,2013-06-19,4,4,0,4,4,4,4,4,3,0,0,0,0,0,0,
LCI,KLRCR_2014,LCI 213,2014-05-15,3,4,0,3,3,4,4,4,3,1,1,0,0,0,1,diggings
LCI,KLRCR_2015,LCI 213,2015-05-10,3,5,0,2,2,3,0,2,4,0,0,0,0,0,0,
LCI,KLRCR_2013,LCI 214,2013-06-21,4,3,5,2,4,4,4,4,3,3,3,2,0,1,0,"carlia, skink, sm and lg macropod scats"
LCI,KLRCR_2014,LCI 214,2014-05-14,3,2,5,1,0,3,3,3,2,3,0,0,0,0,0,very devoid of life
LCI,KLRCR_2015,LCI 214,2015-05-12,3,0,5,1,1,1,0,0,3,1,0,0,0,1,0,grass has all seeded prior to fire
LCI,PRNP_2014,LCI 301,2014-06-15,3,4,3,1,1,3,2,4,3,0,3,3,0,0,0,fruit bats feeding in grevillea
LCI,PRNP_2015,LCI 301,2015-08-26,0,0,0,0,0,1,0,0,1,0,2,0,1,3,3,
LCI,PRNP_2014,LCI 302,2014-06-16,2,1,3,1,1,1,1,1,0,1,1,0,0,1,0,a few bandicoot digs and Monjon scats on the rocks
LCI,PRNP_2015,LCI 302,2015-08-28,3,3,4,0,0,2,2,2,1,1,2,0,0,2,3,
LCI,PRNP_2014,LCI 303,2014-06-17,4,4,5,1,1,3,2,3,4,0,2,0,1,3,0,Monjon scats extensive on rock ledges and several Quoll scats
LCI,PRNP_2015,LCI 303,2015-08-27,3,3,5,0,0,2,1,3,2,1,1,0,0,3,0,
LCI,PRNP_2014,LCI 304,2014-06-15,3,4,4,2,2,4,4,4,4,1,1,0,0,1,0,Honeyeaters feeding on Xanthostenum flowers
LCI,PRNP_2015,LCI 304,2015-08-27,2,2,4,0,0,1,1,1,0,1,1,0,0,1,1,
LCI,PRNP_2014,LCI 305 R,2014-06-15,4,5,4,2,1,4,4,4,4,0,1,0,0,1,0,
LCI,PRNP_2014,LCI 306,2014-06-07,2,1,4,0,1,1,1,0,0,1,2,1,1,3,0,
LCI,PRNP_2015,LCI 306,2015-08-27,2,1,5,0,0,1,1,1,2,1,2,0,0,5,0,
LCI,PRNP_2014,LCI 307,2014-06-17,3,3,4,2,2,3,3,3,3,1,1,0,0,1,0,Triodia mostly have no inflorescences
LCI,PRNP_2015,LCI 307,2015-08-28,3,1,5,0,0,1,1,0,1,1,0,1,0,1,0,
LCI,PRNP_2014,LCI 308,2014-06-16,3,4,3,2,2,4,3,4,4,0,3,5,0,0,2,"Bandicoot diggings, many birds feeding on flowering grevillea = Brown Honeyeater, Kimberley Honeyeater, Bar-breasted Honeyeater, Silver-crowned Frairbird"
LCI,PRNP_2014,LCI 311,2014-06-09,3,3,2,2,1,2,2,3,2,0,1,1,0,1,0,"Quoll scats on some rocks, Bandicoot and V. panoptes seen"
LCI,PRNP_2015,LCI 311,2015-08-18,3,4,2,1,1,2,1,0,4,0,1,0,0,0,1,
LCI,PRNP_2014,LCI 313 R,2014-06-07,4,5,5,3,2,4,4,4,4,0,1,0,1,1,0,Quoll scats on some rocks
LCI,PRNP_2014,LCI 313 W,2014-06-07,4,5,5,3,2,4,4,4,4,0,1,0,1,1,0,Quoll scats on some rocks
LCI,PRNP_2014,LCI 314 R,2014-07-08,3,4,3,3,2,4,4,4,3,1,0,0,0,0,0,
LCI,PRNP_2014,LCI 314 W,2014-07-08,3,4,3,3,2,4,4,4,3,1,0,0,0,0,0,
LCI,PRNP_2014,LCI 315,2014-06-07,3,4,1,1,1,2,1,3,3,1,1,0,0,1,0,Quoll scats on some rocks
LCI,PRNP_2015,LCI 315,2015-08-17,2,2,1,0,1,1,0,0,1,0,0,0,0,0,0,
LCI,PRNP_2014,LCI 316,2014-06-07,2,3,2,2,2,3,3,3,3,0,0,0,0,0,0,
LCI,PRNP_2015,LCI 316,2015-08-20,2,3,3,1,0,1,2,0,1,0,1,1,0,1,1,
LCI,PRNP_2014,LCI 317 R,2014-06-08,4,4,3,2,2,4,4,3,3,0,1,0,1,1,0,Quoll and Short-eared Rock-Wallaby scats
LCI,PRNP_2014,LCI 317 W,2014-06-08,4,4,3,2,2,4,4,3,3,0,1,0,1,1,0,Quoll and Short-eared Rock-Wallaby scats
LCI,PRNP_2014,LCI 318,2014-06-08,2,3,2,2,1,2,2,2,3,0,3,0,1,1,1,Bandicoot digs.
LCI,PRNP_2015,LCI 318,2015-08-19,2,3,3,1,0,1,0,1,2,0,1,0,0,2,2,
LCI,PRNP_2014,LCI 319,2014-06-07,2,3,2,2,1,3,3,3,3,0,1,0,0,1,0,rattlepods seeding
LCI,PRNP_2015,LCI 319,2015-08-17,2,3,1,1,1,2,1,0,4,1,1,0,0,0,1,
LCI,Mt Elizabeth_2015,LCI 401,2015-10-08,1,3,0,0,1,1,1,0,0,0,0,1,0,0,0,
LCI,Mt Elizabeth_2015,LCI 403,2015-10-08,2,3,0,0,2,0,0,0,1,0,1,1,0,1,0,
LCI,Mt Elizabeth_2015,LCI 410,2015-10-09,2,2,0,1,1,2,2,0,2,2,1,1,0,2,0,
LCI,Mt Elizabeth_2015,LCI 411,2015-10-11,1,1,0,0,1,1,0,0,2,0,0,0,0,1,0,
LCI,Mt Elizabeth_2015,LCI 412,2015-10-11,1,2,0,0,0,1,0,0,2,0,1,0,0,1,1,
LCI,Mt Elizabeth_2015,LCI 413,2015-10-10,3,2,5,0,1,2,2,0,4,0,3,1,4,4,1,
LCI,Bachsten_2015,LCI 501,2015-06-20,3,1,4,2,2,2,0,3,3,0,2,0,0,3,3,"diggings seen at site, perhaps bandicoot"
LCI,Bachsten_2015,LCI 502,2015-06-20,2,0,4,2,0,1,2,0,2,0,2,0,0,3,3,diggings
LCI,Bachsten_2015,LCI 504,2015-06-21,3,3,4,2,0,2,2,2,3,0,2,0,0,3,3,"grass seeded, bandicoot diggings at base of hill"
LCI,Bachsten_2015,LCI 505,2015-06-21,3,3,4,2,1,2,1,2,3,0,1,0,0,2,2,diggings at base of hill
LCI,Bachsten_2015,LCI 506,2015-06-21,3,4,4,1,0,2,1,1,3,0,2,0,0,2,3,diggings
LCI,Bachsten_2015,LCI 507,2015-06-22,3,3,4,2,2,2,1,2,3,0,1,0,0,3,0,
LCI,Bachsten_2015,LCI 511,2015-06-22,3,5,1,2,1,1,0,0,3,0,1,0,0,1,2,diggings in sandier drier areas
LCI,Bachsten_2015,LCI 512,2015-06-20,3,5,0,1,0,2,0,2,3,0,0,0,0,0,0,
LCI,DRNP_2015,LCI 601,2015-07-25,2,1,0,3,2,2,1,0,3,3,3,1,3,3,2,"Pandanus and Petalostigm fruiting, grasses seeded, dingo sighted, some diggings but maybe not native species (apart from euros)"
LCI,DRNP_2015,LCI 602,2015-07-25,1,1,0,1,2,2,1,0,3,1,3,1,3,3,2,"fruit of Petalostigma, grasses seeded, kangaroos sighted, plus 3 cattle, some diggings seen but may have been cattle, kangaroos of dingoes"
LCI,DRNP_2015,LCI 603,2015-07-24,1,1,0,1,2,1,2,1,2,0,1,0,1,1,2,diggings and burrows maybe goannas or king browns
LCI,DRNP_2015,LCI 604,2015-07-24,2,2,3,1,2,1,0,0,3,1,1,0,2,1,0,wallaby tracks and scats seen on site. Sorghum seed husks stockpiled near ants nests indicating its use as food by ants.
LCI,DRNP_2015,LCI 605,2015-07-24,2,2,1,2,2,2,0,2,3,0,1,1,1,0,1,"floweing by E. miniata, grass seeding, birds sighted, diggings present (maybe goanna - though one bandicoot caught at this site as well)"
LCI,DRNP_2015,LCI 606,2015-07-23,2,3,2,2,2,2,1,0,3,3,1,0,0,2,0,"wallaby scats, Petalostigma fruiting, grasses seeding"
LCI,DRNP_2015,LCI 607,2015-07-23,2,3,3,1,1,2,0,2,3,0,1,0,1,2,0,"wallaby scats seen, flowering vegeation Xanthostemon, grasses seeding"
LCI,DRNP_2015,LCI 608 R,2015-07-23,4,3,4,1,3,2,0,3,3,0,1,1,0,1,1,"Mertins water monitor seen, few wallaby scats seen, both big and small"
LCI,DRNP_2015,LCI 608 W,2015-07-23,4,3,4,1,3,2,0,3,3,0,1,1,0,1,1,"Mertins water monitor seen, few wallaby scats seen, both big and small"
LCI,MP_July 2013,LCI 023 R,2013-07-07,2,3,1,1,1,1,1,1,0,0,1,0,0,2,0,
LCI,MP_July 2011,LCI 031,2011-08-01,2,1,2,3,3,2,1,2,1,2,1,0,0,0,1,goanna diggings
LCI,MP_July 2011,LCI 034,2011-08-01,3,2,3,3,3,2,2,2,2,2,1,1,0,1,0,"skinks, lg macropod scats"
LCI,MP_July 2011,LCI 035,2011-08-02,2,2,4,1,1,1,2,2,1,1,1,1,0,1,0,"skinks, lg macropod scats"
LCI,PRNP_2014,LCI 305 W,2014-06-15,4,5,4,2,1,4,4,4,4,0,1,0,0,1,0,
