{
    "name": "lci",
    "resources": [
        {
            "url": "",
            "schema": {
  "fields": [
    {
      "description": "", 
      "format": "default", 
      "type": "string", 
      "name": "Project", 
      "title": ""
    }, 
    {
      "description": "", 
      "format": "default", 
      "type": "string", 
      "name": "Visit", 
      "title": ""
    }, 
    {
      "description": "", 
      "format": "default", 
      "type": "string", 
      "name": "Site", 
      "title": ""
    }, 
    {
      "description": "", 
      "format": "default", 
      "type": "date", 
      "name": "Date", 
      "title": ""
    }, 
    {
      "description": "", 
      "format": "default", 
      "type": "integer", 
      "name": "Fauna Habitat and Shelter", 
      "title": ""
    }, 
    {
      "description": "", 
      "format": "default", 
      "type": "integer", 
      "name": "Veg Cover", 
      "title": ""
    }, 
    {
      "description": "", 
      "format": "default", 
      "type": "integer", 
      "name": "Rock Crevices", 
      "title": ""
    }, 
    {
      "description": "", 
      "format": "default", 
      "type": "integer", 
      "name": "Tree Hollows", 
      "title": ""
    }, 
    {
      "description": "", 
      "format": "default", 
      "type": "integer", 
      "name": "Logs", 
      "title": ""
    }, 
    {
      "description": "", 
      "format": "default", 
      "type": "integer", 
      "name": "Food Availability", 
      "title": ""
    }, 
    {
      "description": "", 
      "format": "default", 
      "type": "integer", 
      "name": "Fruiting", 
      "title": ""
    }, 
    {
      "description": "", 
      "format": "default", 
      "type": "integer", 
      "name": "Flowering", 
      "title": ""
    }, 
    {
      "description": "", 
      "format": "default", 
      "type": "integer", 
      "name": "Seeding", 
      "title": ""
    }, 
    {
      "description": "", 
      "format": "default", 
      "type": "integer", 
      "name": "Termite Mounds", 
      "title": ""
    }, 
    {
      "description": "", 
      "format": "default", 
      "type": "integer", 
      "name": "Tracks and Traces", 
      "title": ""
    }, 
    {
      "description": "", 
      "format": "default", 
      "type": "integer", 
      "name": "Sightings", 
      "title": ""
    }, 
    {
      "description": "", 
      "format": "default", 
      "type": "integer", 
      "name": "Tracks", 
      "title": ""
    }, 
    {
      "description": "", 
      "format": "default", 
      "type": "integer", 
      "name": "Scats", 
      "title": ""
    }, 
    {
      "description": "", 
      "format": "default", 
      "type": "integer", 
      "name": "Other Signs", 
      "title": ""
    }, 
    {
      "description": "", 
      "format": "default", 
      "type": "string", 
      "name": "Comments", 
      "title": ""

}
                ],
                "foreignKeys": [
                    {
                        "fields": [
                            "Site"
                        ],
                        "reference": {
                            "fields": [
                                "site_code"
                            ],
                            "datapackage": "https://biosys.dpaw.wa.gov.au/api/v1/",
                            "resource": "Site"
                        }
                    }
                ]
            },
            "name": "lci-biodiversity-indicators",
            "title": "Landscape Conservation Initiative - Biodiversity Indicators"
        }
    ],
    "title": "Landscape Conservation Initiative"
}
