Project,Visit,Site,Date,Evidence of recent Fire,Fire Intensity,Recently Burned Veg in %,Scorch Height m,Cattle sighted,Grazing Level,Tracks and Trampling,Cattle Dung,Veg affected within Site %,Pigs,Cats,Horses/ Donkeys,Camels,Veg consisting of Weeds in %,Comments
LCI,MP_July 2011,LCI 001,2011-07-24,3,3,100,4,0,0,0,0,0,0,0,0,0,0,
LCI,MP_July 2011,LCI 002,2011-07-29,2,0,0,0,0,0,0,0,0,0,0,0,0,0,
LCI,MP_July 2011,LCI 003,2011-07-29,2,3,0,0,0,0,1,0,0,0,0,0,0,0,
LCI,MP_July 2011,LCI 004,2011-07-27,2,0,0,0,0,0,1,0,5,0,0,0,0,0,
LCI,MP_July 2011,LCI 005,2011-07-26,3,2,90,2.5,0,0,0,0,0,0,0,0,0,0,
LCI,MP_July 2011,LCI 007,2011-07-31,2,4,0,0,1,0,1,0,0,0,0,0,0,0,
LCI,MP_July 2011,LCI 008 R,2011-07-29,3,1,30,1.5,0,1,1,2,5,0,0,0,0,0,
LCI,MP_July 2011,LCI 008 W,2011-07-29,3,1,30,1.5,0,1,1,2,5,0,0,0,0,0,
LCI,MP_July 2011,LCI 009,2011-07-30,2,4,0,0,2,0,1,1,0,0,0,0,0,0,
LCI,MP_July 2011,LCI 010,2011-07-30,1,0,0,0,1,0,1,0,0,0,0,0,0,0,
LCI,MP_August 2011,LCI 013,2011-08-16,3,2,100,2,0,0,0,0,0,0,0,0,0,0,
LCI,MP_August 2011,LCI 014,2011-08-16,3,1,65,4,0,0,1,1,0,0,0,0,0,0,
LCI,MP_August 2011,LCI 015 R,2011-08-15,2,0,0,0,0,0,1,1,2,0,0,0,0,0,
LCI,MP_August 2011,LCI 015 W,2011-08-15,2,0,0,0,0,0,1,1,2,0,0,0,0,0,
LCI,MP_August 2011,LCI 019,2011-08-14,2,3,0,0,0,0,0,0,0,0,0,0,0,0,
LCI,MP_August 2011,LCI 020,2011-08-29,2,0,0,0,0,0,0,0,0,0,0,0,0,0,Not burnt this year or last year
LCI,MP_August 2011,LCI 021,2011-08-29,3,3,40,4,0,0,0,0,0,0,0,0,0,0,"about 40% of site burnt this year (flatter habitat on sand), about 50% scree rocky slope and about 10% creek levee with unburnt spinifex and 3+ year unburnt Acacia oligoneura and A. translucens."
LCI,MP_August 2011,LCI 022,2011-08-14,2,4,0,4,0,0,1,1,0,0,0,0,0,0,
LCI,MP_August 2011,LCI 023 R,2011-08-14,2,3,0,0,1,1,2,2,50,0,0,0,0,0,
LCI,MP_August 2011,LCI 023 W,2011-08-14,2,3,0,0,1,1,2,2,50,0,0,0,0,0,
LCI,MP_August 2011,LCI 024,2011-08-15,2,3,0,0,1,0,2,1,40,0,0,0,0,0,
LCI,MP_August 2011,LCI 026,2011-08-13,3,2,100,2,1,1,0,0,0,0,0,0,0,0,
LCI,MP_August 2011,LCI 027,2011-08-12,3,1,5,2,2,0,1,1,10,0,0,0,0,0,
LCI,MP_August 2011,LCI 028,2011-08-12,2,3,0,0,2,1,2,2,20,0,0,0,0,0.1,
LCI,MP_August 2011,LCI 032,2011-08-24,2,0,0,0,0,2,2,2,100,0,0,0,0,0,1-2 years post-fire
LCI,MP_August 2011,LCI 033,2011-08-24,2,0,0,0,0,2,1,0,10,0,0,0,0,0,lower shrub layer only 1.5 m so probably burnt 2010 or 2009. Tree bases partly blackened
LCI,MP_September 2011,LCI 038,2011-09-21,1,0,0,0,0,0,0,0,0,0,0,0,0,0,fenced off from cattle last year
LCI,MP_July 2012,LCI 039 R,2012-07-06,2,0,0,0,0,1,2,2,50,0,1,0,0,0,/ cats cat sighted
LCI,MP_July 2012,LCI 039 W,2012-07-06,2,0,0,0,0,1,2,2,50,0,1,0,0,0,/ cats cat sighted
LCI,MP_July 2012,LCI 041,2012-07-10,3,4,100,12,0,0,0,0,0,0,0,0,0,0,
LCI,MP_July 2012,LCI 043,2012-07-02,3,2,95,2,0,1,1,2,10,0,0,0,0,0,
LCI,MP_July 2012,LCI 044,2012-07-02,2,0,0,0,0,0,0,0,0,0,0,0,0,0,
LCI,MP_July 2012,LCI 046,2012-07-08,3,1,80,1,0,0,1,1,0,0,0,0,0,0,
LCI,MP_September 2013,LCI 047 R,2013-09-07,3,1,95,2,3,3,2,3,100,0,0,0,0,0,
LCI,MP_September 2013,LCI 047 W,2013-09-07,3,1,95,2,3,3,2,3,100,0,0,0,0,0,
LCI,MP_August 2013,LCI 050,2013-08-10,3,2,20,2.5,0,0,1,1,10,0,0,0,0,0,
LCI,MP_July 2012,LCI 051,2012-07-09,2,2,0,0,0,0,1,0,0,0,0,0,0,0,
LCI,MP_July 2012,LCI 052,2012-07-09,2,2,0,0,1,0,1,0,0,0,0,0,0,0,
LCI,MP_July 2012,LCI 053,2012-07-12,2,0,0,0,0,0,1,0,0,0,0,0,0,0,
LCI,MP_July 2012,LCI 054,2012-07-12,2,0,0,0,0,0,0,0,0,0,0,0,0,0,
LCI,MP_July 2012,LCI 055,2012-07-12,2,0,0,0,0,0,0,0,0,0,0,0,0,0,
LCI,MP_July 2012,LCI 056,2012-07-13,2,0,0,0,1,0,1,0,0,0,0,0,0,0,
LCI,KLRCR_2011,LCI 201,2011-06-25,2,3,0,0,0,0,0,0,0,0,0,0,0,2,
LCI,KLRCR_2011,LCI 202,2011-06-25,1,4,0,0,0,0,0,0,0,1,0,0,0,0,/ pigs signs of activity near site
LCI,KLRCR_2011,LCI 203,2011-06-24,2,4,0,0,0,0,0,0,0,0,0,0,0,0,
LCI,KLRCR_2011,LCI 204,2011-06-25,2,3,0,0,0,0,1,0,1,2,0,0,0,1,"/ pigs wallows, footprints"
LCI,KLRCR_2011,LCI 205,2011-06-23,3,3,85,4,2,1,1,1,10,0,0,0,0,0,
LCI,KLRCR_2011,LCI 206,2011-06-24,1,3,0,0,0,0,0,0,0,0,0,0,0,0,
LCI,KLRCR_2011,LCI 207,2011-06-26,3,1,5,1,0,1,1,1,1,0,1,0,0,0,/ cats tracks near site
LCI,KLRCR_2011,LCI 208,2011-06-27,2,4,0,0,0,1,2,0,5,0,1,0,0,0,/ cats tracks near site
LCI,KLRCR_2011,LCI 209,2011-06-27,2,4,0,0,0,2,2,1,50,0,0,0,0,1,
LCI,KLRCR_2011,LCI 210,2011-06-29,2,3,0,0,0,0,0,0,0,0,0,0,0,0,
LCI,KLRCR_2011,LCI 211,2011-06-28,2,3,0,0,0,0,0,1,1,0,0,0,0,0,
LCI,KLRCR_2011,LCI 212,2011-06-28,2,4,0,0,0,0,0,0,0,0,0,0,0,0,
LCI,KLRCR_2012,LCI 213,2012-06-18,1,0,0,0,0,0,2,0,0,3,0,0,0,1,/ pigs near site
LCI,KLRCR_2012,LCI 214,2012-06-19,3,4,100,6,0,0,0,0,0,0,0,0,0,0,
LCI,PRNP_2012,LCI 301,2012-08-01,2,0,0,0,0,0,0,0,0,0,0,0,0,0,Previous fire was intense enough to kill Grevillea and Acacia. Standing dead Acacia and Grevillea still present
LCI,PRNP_2012,LCI 302,2012-08-02,2,0,0,0,0,0,0,0,0,0,0,0,0,0,Not burnt for several years. Few dead Acacias or Grevilleas here
LCI,PRNP_2012,LCI 303,2012-08-01,2,0,0,0,0,0,0,0,0,0,0,0,0,0,"Previous fire killed many dominant Acacia trees, reasonably intense despite rocky country. Some heath spp. remaining in patches"
LCI,PRNP_2012,LCI 304,2012-08-01,2,0,0,0,0,0,0,0,0,0,0,0,0,0,Hasn't been burnt for at least 2 years (though there was a very big wet season in 2010/11
LCI,PRNP_2012,LCI 305 R,2012-08-01,2,0,0,0,0,0,0,0,0,0,0,0,0,0,Not burnt for several years. Few dead Acacias or Grevilleas here
LCI,PRNP_2012,LCI 305 W,2012-08-01,2,0,0,0,0,0,0,0,0,0,0,0,0,0,Not burnt for several years. Few dead Acacias or Grevilleas here
LCI,PRNP_2012,LCI 306,2012-08-02,2,0,0,0,0,0,0,0,0,0,0,0,0,0,All sites probably burnt at the same time previously. Acacias at this site all in one cohort
LCI,PRNP_2012,LCI 307,2012-08-02,1,0,0,0,0,0,0,0,0,0,0,0,0,0,
LCI,PRNP_2012,LCI 308,2012-08-02,2,0,0,0,0,0,0,0,0,0,0,0,0,0,Lots of standing timber (Grevillea and Acacia) indicates a hot fire as the most recent fire. Medium to high intensity
LCI,PRNP_2012,LCI 311,2012-08-08,1,0,0,0,0,0,0,0,0,0,0,0,0,1,
LCI,PRNP_2012,LCI 313 R,2012-08-08,1,0,0,0,0,0,0,0,0,0,0,0,0,0.1,Rainforest seems to be encroaching into volcanic woodland out from the rovcks/boulders of the scree slope. Passiflora only in woodland verge outside the rainforest
LCI,PRNP_2012,LCI 313 W,2012-08-08,1,0,0,0,0,0,0,0,0,0,0,0,0,0.1,Rainforest seems to be encroaching into volcanic woodland out from the rovcks/boulders of the scree slope. Passiflora only in woodland verge outside the rainforest
LCI,PRNP_2012,LCI 314 R,2012-08-09,1,0,0,0,0,0,0,0,0,0,0,0,0,2,"Not burnt for ages - rainforest expanding outwards and around E. tectifica, C. greeniana and ironwood on margins beyond scree slope"
LCI,PRNP_2012,LCI 314 W,2012-08-09,1,0,0,0,0,0,0,0,0,0,0,0,0,2,"Not burnt for ages - rainforest expanding outwards and around E. tectifica, C. greeniana and ironwood on margins beyond scree slope"
LCI,PRNP_2012,LCI 315,2012-08-09,1,0,0,0,0,0,0,0,0,0,0,0,0,2,
LCI,PRNP_2012,LCI 316,2012-08-08,1,0,0,0,0,0,0,0,0,0,0,0,0,0.1,"No evidence for recent fire. Lots of litter, understorey undamaged. Two dead Euc tectifica, but doesn't look like fire damage. No blackened stems"
LCI,PRNP_2012,LCI 317 R,2012-08-08,1,0,0,0,0,0,0,0,0,0,0,0,0,10,
LCI,PRNP_2012,LCI 317 W,2012-08-08,1,0,0,0,0,0,0,0,0,0,0,0,0,10,
LCI,PRNP_2012,LCI 318,2012-08-10,1,0,0,0,0,0,0,0,0,0,0,0,0,0.5,
LCI,PRNP_2012,LCI 319,2012-08-09,1,0,0,0,0,0,0,0,0,0,0,0,0,0.5,Not burnt for a while. Mature shrubs and sapling trees common
LCI,Mt Elizabeth_2013,LCI 401,2013-09-28,2,2,0,0,0,2,2,1,100,0,0,0,0,2,
LCI,Mt Elizabeth_2013,LCI 403,2013-09-28,2,3,0,0,0,1,1,1,33,0,0,0,0,2,
LCI,Mt Elizabeth_2013,LCI 405,2013-09-28,2,3,0,0,0,2,2,1,60,0,0,0,0,10,/ 10 % of ground layer made up of very low Stylo layer
LCI,Mt Elizabeth_2013,LCI 406,2013-09-28,3,2,100,2,0,2,1,2,100,0,0,0,0,0,
LCI,Mt Elizabeth_2013,LCI 410,2013-09-29,3,3,100,4,0,2,1,2,100,0,0,0,0,0,
LCI,Mt Elizabeth_2013,LCI 411,2013-09-28,2,3,0,0,0,1,1,1,25,0,0,0,0,1,
LCI,Mt Elizabeth_2013,LCI 412,2013-09-28,2,3,0,0,2,3,2,2,70,0,0,0,0,5,
LCI,Mt Elizabeth_2013,LCI 413,2013-09-29,2,0,0,0,0,0,0,0,0,0,0,0,0,1,/ Hyptis on edge of site at base of hill
LCI,Bachsten_2013,LCI 501,2013-09-22,3,1,60,2,0,0,0,0,0,0,0,0,0,0,"/ Although no weeds were recorded at Bachsten Creek sites, Hyptis was quite dense in patches both on the plateau adjoing Bachsten Creek, and around the camp ground and on the road and creek bank nearby. May be a concern for the future"
LCI,Bachsten_2013,LCI 502,2013-09-22,3,3,98,5,0,0,0,0,0,0,0,0,0,0,
LCI,Bachsten_2013,LCI 504,2013-09-25,2,3,0,0,0,0,0,0,0,0,0,0,0,0,"/ Although no weeds were recorded at Bachsten Creek sites, Hyptis was quite dense in patches both on the plateau adjoing Bachsten Creek, and around the camp ground and on the road and creek bank nearby. May be a concern for the future"
LCI,Bachsten_2013,LCI 505,2013-09-24,2,2,0,0,0,0,0,0,0,0,0,0,0,0,
LCI,Bachsten_2013,LCI 506,2013-09-23,2,2,0,0,0,0,0,0,0,0,0,0,0,0,
LCI,Bachsten_2013,LCI 507,2013-09-24,2,2,0,0,0,0,0,0,0,0,0,0,0,0,
LCI,Bachsten_2013,LCI 511,2013-09-23,2,4,0,0,0,0,0,0,0,0,0,0,0,0,
LCI,Bachsten_2013,LCI 512,2013-09-23,2,4,0,0,0,0,0,0,0,0,0,0,0,1,"/ weeds mainly along road and near creek, not up the hill in tall grass"
LCI,DRNP_2013,LCI 601,2013-08-18,2,0,0,0,3,3,3,2,90,0,0,0,0,1,
LCI,DRNP_2013,LCI 602,2013-08-18,2,0,0,0,3,3,3,2,90,0,0,0,0,1,
LCI,DRNP_2013,LCI 603,2013-08-19,2,0,0,0,0,2,2,2,60,0,0,0,0,0,
LCI,DRNP_2013,LCI 604,2013-08-19,2,0,0,0,0,1,1,1,5,0,0,0,0,0,
LCI,DRNP_2013,LCI 605,2013-08-19,2,0,0,0,0,2,2,1,50,0,0,0,0,0.1,
LCI,DRNP_2013,LCI 606,2013-08-20,2,0,0,0,0,1,2,1,30,0,0,0,0,0,
LCI,DRNP_2013,LCI 607,2013-08-20,2,0,0,0,0,0,1,0,5,0,0,0,0,0,
LCI,DRNP_2013,LCI 608 R,2013-08-20,1,0,0,0,0,0,0,0,0,0,0,0,0,0,
LCI,DRNP_2013,LCI 608 W,2013-08-20,1,0,0,0,0,0,0,0,0,0,0,0,0,0,
LCI,DRNP_2015,LCI 611,2015-07-17,1,0,0,0,0,0,0,0,0,0,0,0,0,0,"This site looks trashed by intense fires, lots of dead material, lots of black on treee trunks, and Sorghum. Woodland not is very good condition. Surrounding rock shelf with Triodia dominated pavement looks better than gully. Blackened stems to 5 m"
LCI,DRNP_2015,LCI 612,2015-07-17,1,0,0,0,0,0,0,0,0,0,1,0,0,0,cat tracks in sand
LCI,DRNP_2015,LCI 614,2015-07-18,1,4,0,8,0,0,0,0,0,0,0,0,0,0,dead acacias indicate high intensity fire last time with 8 m scorch height
LCI,DRNP_2015,LCI 615,2015-07-19,0,0,0,0,0,0,0,0,0,0,0,0,0,0,no weeds
LCI,DRNP_2015,LCI 616,2015-07-19,1,0,0,0,0,0,0,0,0,0,0,0,0,0,hasn't been burnt for a while  large hummocks
LCI,DRNP_2015,LCI 617,2015-07-18,1,0,0,0,0,0,0,0,0,0,0,0,0,0,
LCI,MP_July 2012,LCI 001,2012-07-09,2,1,33,1,0,0,0,0,0,0,0,0,0,0,patchy fire
LCI,MP_July 2013,LCI 001,2013-07-05,2,1,0,0,0,0,0,0,0,0,0,0,0,0,
LCI,MP_July 2014,LCI 001,2014-07-10,2,1,5,1,0,0,0,0,0,0,0,0,0,0,
LCI,MP_July 2012,LCI 002,2012-07-11,3,2,50,4,0,0,0,0,0,0,0,0,0,0,
LCI,MP_July 2013,LCI 002,2013-07-07,2,2,0,0,0,0,0,0,0,0,0,0,0,0,
LCI,MP_July 2014,LCI 002,2014-07-10,2,0,0,0,0,0,0,0,0,0,0,0,0,0,
LCI,MP_May 2012,LCI 003,2012-05-15,2,0,0,0,0,0,0,0,0,0,0,0,0,0,
LCI,MP_July 2013,LCI 003,2013-07-05,3,2,100,3,0,0,0,0,0,0,0,0,0,0,
LCI,MP_July 2014,LCI 003,2014-07-10,2,0,0,0,0,0,0,1,0,0,0,0,0,1,
LCI,MP_July 2012,LCI 004,2012-07-02,3,2,100,0,0,2,2,1,50,0,0,0,0,0,
LCI,MP_August 2013,LCI 004,2013-08-12,2,2,0,0,0,1,2,2,5,0,0,0,0,0,
LCI,MP_July 2014,LCI 004,2014-07-10,2,0,0,0,0,1,1,1,5,0,0,0,0,0,
LCI,MP_August 2013,LCI 005,2013-08-13,2,2,0,0,0,0,1,0,0,0,0,0,0,0,
LCI,MP_May 2012,LCI 007,2012-05-22,3,3,100,8,0,0,0,0,0,0,0,0,0,0,
LCI,MP_August 2013,LCI 007,2013-08-15,2,3,0,0,0,0,0,0,0,0,0,0,0,0,
LCI,MP_July 2014,LCI 007,2014-07-17,3,3,100,4,0,0,0,0,0,0,0,0,0,0,
LCI,MP_July 2012,LCI 008 R,2012-07-05,2,0,0,0,0,1,1,2,5,0,0,0,0,0,
LCI,MP_August 2013,LCI 008 R,2013-08-14,2,1,0,0,0,0,1,1,40,0,0,0,0,0,
LCI,MP_July 2014,LCI 008 R,2014-07-16,3,3,50,4,2,1,2,2,50,0,0,0,0,0,
LCI,MP_July 2012,LCI 008 W,2012-07-05,2,1,0,0,0,0,1,1,40,0,0,0,0,0,
LCI,MP_August 2013,LCI 008 W,2013-08-14,3,3,50,4,2,1,2,2,50,0,0,0,0,0,
LCI,MP_July 2014,LCI 008 W,2014-07-16,2,0,0,0,0,1,1,2,5,0,0,0,0,0,
LCI,MP_May 2012,LCI 009,2012-05-12,3,2,100,2,0,1,0,1,10,0,0,0,0,0,
LCI,MP_August 2013,LCI 009,2013-08-14,2,2,0,0,2,0,1,0,5,0,0,0,0,0,
LCI,MP_July 2014,LCI 009,2014-07-15,2,0,0,0,0,0,0,0,0,0,0,0,0,1,
LCI,MP_May 2012,LCI 010,2012-05-23,3,2,98,4,0,0,0,1,10,0,0,0,0,0,
LCI,MP_August 2013,LCI 010,2013-08-14,2,2,0,0,0,0,2,0,5,0,0,0,0,0,
LCI,MP_July 2014,LCI 010,2014-07-11,2,0,0,0,0,0,1,0,2,0,0,0,0,0,
LCI,MP_July 2011,LCI 011,2011-08-02,2,0,0,0,0,1,1,1,1,0,0,0,0,0,
LCI,MP_May 2012,LCI 011,2012-05-12,2,0,0,0,0,0,0,0,0,0,0,0,0,0,
LCI,MP_August 2013,LCI 011,2013-08-14,2,0,0,0,0,0,1,0,5,0,0,0,0,0,
LCI,MP_July 2014,LCI 011,2014-07-15,1,0,0,0,0,0,0,1,5,0,0,0,0,0,
LCI,MP_July 2011,LCI 012,2011-08-02,3,3,80,4,0,0,0,0,0,0,0,0,0,0,
LCI,MP_May 2012,LCI 012,2012-05-23,2,3,0,0,0,0,0,0,0,0,0,0,0,0,
LCI,MP_August 2013,LCI 012,2013-08-14,2,0,0,0,0,0,0,0,0,0,0,0,0,0,
LCI,MP_July 2014,LCI 012,2014-07-15,1,0,0,0,0,0,0,0,0,0,0,0,0,0,
LCI,MP_May 2012,LCI 013,2012-05-22,2,2,0,0,0,0,0,0,0,0,0,0,0,0,
LCI,MP_August 2013,LCI 013,2013-08-15,2,0,0,0,0,0,0,0,0,0,0,0,0,0,
LCI,MP_May 2012,LCI 014,2012-05-12,2,1,0,0,0,0,0,0,0,0,0,0,0,0,
LCI,MP_August 2013,LCI 014,2013-08-15,3,1,50,1.5,0,0,0,0,0,0,0,0,0,0,
LCI,MP_July 2014,LCI 014,2014-07-14,3,1,90,2,0,0,0,0,0,0,0,0,0,0,
LCI,MP_July 2012,LCI 015 R,2012-07-06,3,4,30,6,0,0,1,0,5,0,0,0,0,0,
LCI,MP_August 2013,LCI 015 R,2013-08-15,2,4,0,0,0,0,0,0,0,0,0,0,0,0,
LCI,MP_July 2014,LCI 015 R,2014-07-16,2,0,0,0,0,0,0,0,0,0,0,0,0,0,
LCI,MP_July 2012,LCI 015 W,2012-07-06,3,4,30,6,0,0,1,0,5,0,0,0,0,0,
LCI,MP_August 2013,LCI 015 W,2013-08-15,2,4,0,0,0,0,0,0,0,0,0,0,0,0,
LCI,MP_July 2014,LCI 015 W,2014-07-16,2,0,0,0,0,0,0,0,0,0,0,0,0,0,
LCI,MP_September 2011,LCI 016,2011-09-28,3,1,95,2,3,3,2,3,100,0,0,0,0,0,Recently burnt and locally grazed by cattle
LCI,MP_September 2011,LCI 017,2011-09-28,2,0,0,0,0,0,0,0,0,0,0,0,0,0,burnt in last  2 years but not this year. A few dead trees - maybe hot fire previously.
LCI,MP_September 2011,LCI 018,2011-09-28,1,0,0,0,0,0,0,0,0,0,0,0,0,0,
LCI,MP_May 2012,LCI 019,2012-05-14,3,4,100,12,0,0,0,0,0,0,0,0,0,0,
LCI,MP_August 2013,LCI 019,2013-08-13,2,4,0,0,0,0,0,0,0,0,0,0,0,0,
LCI,MP_July 2014,LCI 019,2014-07-11,2,0,0,0,0,0,0,0,0,0,0,0,0,0,
LCI,MP_May 2012,LCI 020,2012-05-14,3,3,90,4,0,0,0,0,0,0,0,0,0,0,
LCI,MP_August 2013,LCI 020,2013-08-13,2,3,0,0,0,0,0,0,0,0,0,0,0,0,
LCI,MP_July 2014,LCI 020,2014-07-11,3,2,70,3,0,0,0,0,0,0,0,0,0,0,
LCI,MP_May 2012,LCI 021,2012-05-15,2,3,0,0,0,0,0,0,0,0,0,0,0,0,
LCI,MP_August 2013,LCI 021,2013-08-15,2,0,0,0,0,0,0,0,0,0,0,0,0,0,
LCI,MP_July 2014,LCI 021,2014-07-14,3,1,30,1,0,0,0,0,0,0,0,0,0,1,
LCI,MP_July 2012,LCI 022,2012-07-09,1,0,0,0,0,0,0,0,0,0,0,0,0,0,
LCI,MP_July 2013,LCI 022,2013-07-07,3,1,100,3,2,1,1,1,10,0,0,0,0,0,
LCI,MP_July 2014,LCI 023 R,2014-07-14,2,0,0,0,0,1,2,0,40,0,0,0,0,0.5,
LCI,MP_July 2013,LCI 023 W,2013-07-07,3,1,20,2,0,2,2,2,50,0,0,0,0,0,
LCI,MP_July 2014,LCI 023 W,2014-07-14,2,0,0,0,0,1,2,0,40,0,0,0,0,0.5,
LCI,MP_July 2012,LCI 024,2012-07-12,2,0,0,0,0,1,2,0,50,0,0,0,0,0,
LCI,MP_July 2013,LCI 024,2013-07-07,1,0,0,0,3,2,2,1,70,0,0,0,0,0,
LCI,MP_September 2011,LCI 025,2011-09-22,1,0,0,0,0,0,0,0,0,0,0,0,0,0,frequently burnt hot
LCI,MP_May 2012,LCI 025,2012-05-17,3,3,100,4,0,0,0,0,0,0,0,0,0,0,
LCI,MP_August 2013,LCI 025,2013-08-11,2,3,0,0,0,0,1,0,5,0,0,0,0,0,
LCI,MP_August 2014,LCI 025,2014-07-18,2,0,0,0,0,0,0,0,0,0,0,0,0,0,
LCI,MP_May 2012,LCI 026,2012-05-16,3,1,5,1,0,0,0,0,0,0,0,0,0,0,
LCI,MP_July 2013,LCI 026,2013-07-04,2,1,0,0,0,1,0,0,5,0,0,0,0,0,
LCI,MP_August 2014,LCI 026,2014-07-18,3,3,100,3,0,0,0,0,0,0,0,0,0,0,
LCI,MP_September_2015,LCI 026,2015-09-24,3,1,80,7,0,0,1,1,30,0,0,0,0,0,
LCI,MP_May 2012,LCI 027,2012-05-16,2,1,0,0,0,1,2,0,5,0,0,0,0,0,
LCI,MP_July 2013,LCI 027,2013-07-05,2,0,0,0,0,1,2,2,10,0,0,0,0,0,
LCI,MP_August 2014,LCI 027,2014-07-20,3,3,100,4,1,2,2,1,40,0,0,0,0,0,
LCI,MP_September_2015,LCI 027,2015-09-24,1,1,0,3,0,3,3,2,100,0,0,0,0,0,
LCI,MP_May 2012,LCI 028,2012-05-16,2,0,0,0,0,1,2,0,5,0,0,0,0,0.1,
LCI,MP_July 2013,LCI 028,2013-07-04,1,0,0,0,2,1,2,0,10,0,0,0,0,0.1,
LCI,MP_August 2014,LCI 028,2014-07-20,3,4,100,9,0,0,1,1,10,0,0,0,0,0,
LCI,MP_September_2015,LCI 028,2015-09-24,1,1,10,6,0,1,3,2,40,0,0,0,0,0,
LCI,MP_September 2011,LCI 029,2011-09-23,1,0,0,0,0,1,3,1,10,0,0,0,0,1,Not burnt this year. A few cattle but not much evidence of recent trampling.But long history of heavy cattle use. Lots of previous cattle damage to site including cattle pads and scald formation.
LCI,MP_July 2012,LCI 029,2012-07-02,1,0,0,0,0,1,1,0,15,0,0,0,0,1,
LCI,MP_July 2013,LCI 029,2013-07-04,3,3,80,3,0,2,2,2,75,0,0,0,0,1,
LCI,MP_August 2014,LCI 029,2014-07-19,3,2,60,2,3,2,2,2,60,0,0,0,0,0,
LCI,MP_September_2015,LCI 029,2015-09-25,1,1,0,5,1,1,3,2,0,0,0,0,0,0,
LCI,MP_August 2013,LCI 031,2013-08-18,2,0,0,0,1,0,1,0,10,0,0,0,0,0,
LCI,MP_July 2012,LCI 032,2012-07-03,2,0,0,0,1,1,1,0,5,0,0,0,0,0,
LCI,MP_July 2013,LCI 032,2013-07-03,1,0,0,0,2,1,1,1,10,0,0,0,0,0,
LCI,MP_August 2014,LCI 032,2014-07-19,3,3,100,2,0,1,2,2,20,0,0,0,0,0,
LCI,MP_July 2012,LCI 033,2012-07-03,2,0,0,0,0,2,0,1,20,0,0,0,0,0,
LCI,MP_July 2013,LCI 033,2013-07-03,3,3,100,4,0,1,0,1,5,0,0,0,0,0,
LCI,MP_August 2014,LCI 033,2014-07-21,2,0,0,0,0,1,1,1,5,0,0,0,0,0,
LCI,MP_July 2012,LCI 034,2012-07-03,2,2,0,0,0,0,0,0,5,0,0,0,0,0,
LCI,MP_July 2013,LCI 034,2013-07-03,3,1,90,2,0,0,1,1,0,0,0,0,0,0,
LCI,MP_August 2014,LCI 034,2014-07-21,3,1,10,1,0,0,1,0,2,0,0,0,0,0,
LCI,MP_July 2012,LCI 035,2012-07-03,2,0,0,0,1,2,2,2,5,0,0,0,0,0,
LCI,MP_July 2013,LCI 035,2013-07-05,3,2,30,2.5,1,2,2,2,30,0,0,0,0,0,
LCI,MP_August 2014,LCI 035,2014-07-18,2,0,0,0,0,0,1,1,20,0,0,0,0,0,
LCI,MP_August 2013,LCI 039 R,2013-08-15,2,0,0,0,0,0,1,1,40,0,0,0,0,0,
LCI,MP_July 2014,LCI 039 R,2014-07-16,3,3,20,3,0,1,2,2,50,0,0,0,0,0,
LCI,MP_August 2013,LCI 039 W,2013-08-15,2,0,0,0,0,0,1,1,40,0,0,0,0,0,
LCI,MP_July 2014,LCI 039 W,2014-07-16,3,3,20,3,0,1,2,2,50,0,0,0,0,0,
LCI,MP_August 2013,LCI 041,2013-08-16,2,4,0,0,0,0,0,0,0,0,0,0,0,0,
LCI,MP_August 2013,LCI 043,2013-08-19,2,2,0,0,0,0,0,0,0,0,0,0,0,0,
LCI,MP_August 2013,LCI 044,2013-08-16,3,2,100,2.5,0,1,0,1,30,0,0,0,0,0,
LCI,MP_August 2013,LCI 046,2013-08-10,2,1,0,0,0,0,1,1,5,0,0,0,0,0,
LCI,MP_July 2014,LCI 047 R,2014-07-12,2,0,0,0,0,2,2,3,85,0,0,0,0,0.5,/ passiflora in grassland
LCI,MP_July 2014,LCI 047 W,2014-07-12,2,0,0,0,0,2,2,3,85,0,0,0,0,0.5,/ passiflora in grassland
LCI,MP_August 2013,LCI 051,2013-08-10,3,1,75,1.5,0,0,1,1,2,0,0,0,0,0,
LCI,MP_August 2013,LCI 052,2013-08-10,3,2,100,2,0,0,1,0,5,0,0,0,0,0,
LCI,MP_August 2013,LCI 053,2013-08-10,3,2,100,1.5,3,2,2,1,70,0,0,0,0,0,
LCI,MP_August 2013,LCI 054,2013-08-16,3,2,85,2.5,0,0,0,0,0,0,0,0,0,0,
LCI,MP_August 2013,LCI 055,2013-08-13,3,3,100,3,0,0,0,0,0,0,0,0,0,0,
LCI,MP_August 2013,LCI 056,2013-08-11,3,2,80,1.5,0,1,3,2,50,0,0,0,0,0,
LCI,KLRCR_2012,LCI 201,2012-06-17,3,2,98,3,0,0,0,0,0,0,0,0,0,2,
LCI,KLRCR_2013,LCI 201,2013-06-20,2,2,0,0,0,0,0,0,0,0,0,0,0,3,
LCI,KLRCR_2014,LCI 201,2014-05-15,3,2,80,2,0,0,0,0,0,0,0,0,0,1,
LCI,KLRCR_2015,LCI 201,2015-05-11,3,2,100,3,0,0,0,0,0,0,0,0,0,2,low cover. Only dead stalks of Sorghum provides somme ground coover. Hyptus right along the river bank in this section of creek. Not so immediately up and down the creek. Lots of Hyptus adjacent to the camp ground and on thhe other side neear entrance.
LCI,KLRCR_2012,LCI 202,2012-06-19,3,2,10,3,0,0,1,0,0,0,0,0,0,0,
LCI,KLRCR_2013,LCI 202,2013-06-19,2,2,0,0,0,0,1,1,0,0,0,0,0,0,
LCI,KLRCR_2014,LCI 202,2014-05-14,3,3,100,4,0,0,0,0,0,0,0,0,0,0,
LCI,KLRCR_2015,LCI 202,2015-05-12,3,3,100,4,0,0,0,0,0,0,0,0,0,0,"nearby areas with unburnt patches, back out in E. tectifica. But all E. miniata area burnt with moderate intensity"
LCI,KLRCR_2012,LCI 203,2012-06-17,3,2,100,1,0,0,1,0,0,2,0,0,0,0,"/ pigs near site, trampling and digging"
LCI,KLRCR_2013,LCI 203,2013-06-19,2,2,0,0,0,0,0,0,0,0,0,0,0,0,
LCI,KLRCR_2014,LCI 203,2014-05-15,3,2,80,2,0,0,0,0,0,0,0,0,0,0,
LCI,KLRCR_2015,LCI 203,2015-05-11,3,2,99,2,0,0,0,0,0,0,0,0,0,0,"All burnt. Lots of Sorghum stalks left after fire. Not patchy here, but low intesnity"
LCI,KLRCR_2012,LCI 204,2012-06-18,2,0,0,0,0,0,0,0,0,1,2,0,0,0,/ pigs tracks from earlier in the season / cats cat on camera
LCI,KLRCR_2013,LCI 204,2013-06-20,1,0,0,0,0,0,1,0,0,1,2,0,0,0,/ pigs tracks near site
LCI,KLRCR_2014,LCI 204,2014-05-14,3,3,100,4,0,0,1,1,5,0,0,0,0,2,
LCI,KLRCR_2015,LCI 204,2015-05-10,3,2,90,3,0,1,1,0,10,0,0,0,0,0,"patchy fire, but some patches also of moderate fire intensity with up to 6 m scorch height"
LCI,KLRCR_2012,LCI 205,2012-06-12,2,3,0,0,1,0,0,1,0,1,0,0,0,0,
LCI,KLRCR_2013,LCI 205,2013-06-17,2,3,0,0,2,0,1,0,2,0,0,0,0,0,
LCI,KLRCR_2014,LCI 205,2014-05-16,3,3,100,4,0,0,0,0,0,0,0,0,0,0,
LCI,KLRCR_2015,LCI 205,2015-05-10,2,0,0,0,0,0,0,0,5,0,0,0,0,0,
LCI,KLRCR_2012,LCI 206,2012-06-13,3,3,100,4,1,0,1,0,0,0,0,0,0,0,
LCI,KLRCR_2013,LCI 206,2013-06-17,2,3,0,0,0,0,1,1,0,0,0,0,0,0,
LCI,KLRCR_2014,LCI 206,2014-05-16,3,3,100,4,0,0,0,0,0,0,0,0,0,0.5,
LCI,KLRCR_2015,LCI 206,2015-05-10,3,2,75,1.5,0,0,0,0,0,0,0,0,0,0,
LCI,KLRCR_2012,LCI 207,2012-06-14,3,1,10,2,0,0,1,0,0,0,0,0,0,0,
LCI,KLRCR_2013,LCI 207,2013-06-15,1,1,0,0,0,0,1,2,2,1,1,0,0,0,/ pigs sighted by camp manager / cats tracks near site
LCI,KLRCR_2014,LCI 207,2014-05-15,3,3,100,5,0,1,1,2,30,0,0,0,0,0,
LCI,KLRCR_2015,LCI 207,2015-05-18,2,3,0,0,1,0,0,0,0,1,1,0,0,0,cattle sighted 500m from site / pigs 400m from site / cat tracks near site
LCI,KLRCR_2012,LCI 208,2012-06-16,2,0,0,0,0,1,2,1,2,0,1,0,0,0,/ cats tracks in sandy patch
LCI,KLRCR_2013,LCI 208,2013-06-16,1,0,0,0,0,1,2,2,5,0,1,0,0,1,
LCI,KLRCR_2014,LCI 208,2014-05-15,3,3,100,4,0,1,2,0,20,0,0,0,0,0,
LCI,KLRCR_2015,LCI 208,2015-05-18,2,3,0,0,2,0,1,0,0,3,1,0,0,0,cattle sighted 300m from site / pigs fresh numereous diggings / cat tracks near site
LCI,KLRCR_2012,LCI 209,2012-06-16,2,0,0,0,0,0,2,1,0,0,0,0,0,1,
LCI,KLRCR_2013,LCI 209,2013-06-15,2,0,0,0,0,0,2,1,10,0,0,0,0,1,
LCI,KLRCR_2014,LCI 209,2014-05-16,3,4,100,6,0,2,2,2,50,0,0,0,0,0,
LCI,KLRCR_2015,LCI 209,2015-05-19,2,4,0,0,2,0,1,0,10,0,1,0,0,0,cattle sighted 500m from site / cat tracks near site
LCI,KLRCR_2012,LCI 210,2012-06-16,2,0,0,0,0,0,0,0,0,0,0,0,0,0,
LCI,KLRCR_2013,LCI 210,2013-06-14,1,0,0,0,0,0,0,0,0,0,1,0,0,0,/ cats tracks near site
LCI,KLRCR_2014,LCI 210,2014-05-16,3,3,100,5,0,0,0,0,0,0,0,0,0,0,
LCI,KLRCR_2015,LCI 210,2015-05-19,2,3,0,0,0,0,0,0,0,0,1,0,0,0,clear damage from 2014 fires / cat tracks near site
LCI,KLRCR_2012,LCI 211,2012-06-14,3,2,100,4,0,0,2,0,0,1,0,0,0,0,/ pigs tracks near site
LCI,KLRCR_2013,LCI 211,2013-06-16,2,2,0,0,0,0,1,0,0,1,1,0,0,0,
LCI,KLRCR_2014,LCI 211,2014-05-16,3,3,100,4,0,0,0,0,0,0,0,0,0,0,
LCI,KLRCR_2015,LCI 211,2015-05-20,2,3,0,0,0,0,1,0,0,3,1,0,0,0,cattle tracks near site / pig tracks and on 3 individuals on camera / cat tracks near site
LCI,KLRCR_2012,LCI 212,2012-06-14,3,2,100,3,0,0,1,0,0,1,0,0,0,0,/ pigs tracks 100m from site
LCI,KLRCR_2013,LCI 212,2013-06-16,2,2,0,0,0,0,1,0,0,1,1,0,0,0,
LCI,KLRCR_2014,LCI 212,2014-05-16,3,3,100,5,0,0,0,0,0,0,0,0,0,0,
LCI,KLRCR_2015,LCI 212,2015-05-20,2,3,0,0,0,0,0,0,0,2,0,0,0,0,pig tracks and individuals on camera near site
LCI,KLRCR_2013,LCI 213,2013-06-19,1,0,0,0,0,0,2,1,5,3,1,0,0,1,/ pigs near site
LCI,KLRCR_2014,LCI 213,2014-05-15,1,0,0,0,0,0,0,0,0,0,0,0,0,0.5,
LCI,KLRCR_2015,LCI 213,2015-05-10,1,0,0,0,0,0,0,0,0,0,0,0,0,1,Passiflora foetida also present as scattered individuals at the site
LCI,KLRCR_2013,LCI 214,2013-06-21,2,4,0,0,0,0,0,0,0,0,0,0,0,0,
LCI,KLRCR_2014,LCI 214,2014-05-14,3,3,100,5,0,0,0,0,0,0,0,0,0,0,
LCI,KLRCR_2015,LCI 214,2015-05-12,3,3,100,4,0,0,0,0,0,0,0,0,0,0,"The fire at this site was a bit too hot. Not patchy and has killed some of the Calytrix exstipulata, a fire sensitive species. Fires in sandstone hills are patchy overall at a broader scale, but not at the site scale"
LCI,PRNP_2014,LCI 301,2014-06-15,1,0,0,0,0,0,0,0,0,0,0,0,0,0,
LCI,PRNP_2015,LCI 301,2015-08-26,3,3,100,4.5,0,0,0,0,0,0,0,0,0,0,
LCI,PRNP_2014,LCI 302,2014-06-16,3,3,100,5,0,0,0,0,0,0,0,0,0,0,
LCI,PRNP_2015,LCI 302,2015-08-28,0,0,0,0,0,0,0,0,0,0,0,0,0,0,
LCI,PRNP_2014,LCI 303,2014-06-17,1,0,0,0,0,0,0,0,0,0,0,0,0,0,
LCI,PRNP_2015,LCI 303,2015-08-27,0,0,0,0,0,0,0,0,0,0,0,0,0,0,
LCI,PRNP_2014,LCI 304,2014-06-15,1,0,0,0,0,0,0,0,0,0,0,0,0,0,
LCI,PRNP_2015,LCI 304,2015-08-27,3,4,100,6,0,0,0,0,0,0,0,0,0,1,
LCI,PRNP_2014,LCI 305 R,2014-06-15,1,0,0,0,0,0,0,0,0,0,0,0,0,0,
LCI,PRNP_2014,LCI 306,2014-06-07,3,4,90,8,0,0,0,0,0,0,0,0,0,0,
LCI,PRNP_2015,LCI 306,2015-08-27,3,3,40,4,0,0,0,0,0,0,0,0,0,0,
LCI,PRNP_2014,LCI 307,2014-06-17,2,0,0,0,0,0,0,0,0,0,0,0,0,0,All burnt in same fire as last sites
LCI,PRNP_2015,LCI 307,2015-08-28,3,4,90,5,0,0,0,0,0,0,0,0,0,0,
LCI,PRNP_2014,LCI 308,2014-06-16,1,0,0,0,0,0,0,0,0,0,0,0,0,1,
LCI,PRNP_2015,LCI 308,2015-08-26,3,3,55,3,0,0,0,0,0,0,0,0,0,0,
LCI,PRNP_2014,LCI 311,2014-06-09,3,2,100,2,0,0,0,0,0,0,0,0,0,0,
LCI,PRNP_2015,LCI 311,2015-08-18,0,0,0,0,0,0,0,0,0,0,0,0,0,0,
LCI,PRNP_2014,LCI 313 R,2014-06-07,3,1,20,2,0,0,0,0,0,0,0,0,0,1,on rainforest fringe
LCI,PRNP_2014,LCI 313 W,2014-06-07,3,1,20,2,0,0,0,0,0,0,0,0,0,1,on rainforest fringe
LCI,PRNP_2014,LCI 314 R,2014-07-08,3,1,20,2,0,0,0,0,0,0,0,0,0,0.5,
LCI,PRNP_2014,LCI 314 W,2014-07-08,3,1,20,2,0,0,0,0,0,0,0,0,0,0.5,
LCI,PRNP_2014,LCI 315,2014-06-07,2,2,0,0,0,0,0,0,0,0,0,0,0,0,
LCI,PRNP_2015,LCI 315,2015-08-17,0,0,0,0,0,0,0,0,0,0,0,0,0,0.5,
LCI,PRNP_2014,LCI 316,2014-06-07,3,3,80,4,0,0,0,0,0,0,0,0,0,0,
LCI,PRNP_2015,LCI 316,2015-08-20,0,0,0,0,0,0,0,0,0,0,0,0,0,0,
LCI,PRNP_2014,LCI 317 R,2014-06-08,3,3,30,3,0,0,0,0,0,0,0,0,0,1,on rainforest fringe
LCI,PRNP_2014,LCI 317 W,2014-06-08,3,3,30,3,0,0,0,0,0,0,0,0,0,1,on rainforest fringe
LCI,PRNP_2014,LCI 318,2014-06-08,3,3,100,4,0,0,0,0,0,0,0,0,0,0,
LCI,PRNP_2015,LCI 318,2015-08-19,2,1,5,2,0,0,0,0,0,0,0,0,0,0,
LCI,PRNP_2014,LCI 319,2014-06-07,3,2,100,2,0,0,0,0,0,0,0,0,0,0.5,
LCI,PRNP_2015,LCI 319,2015-08-17,0,0,0,0,0,0,0,0,0,0,0,0,0,0,
LCI,Mt Elizabeth_2015,LCI 401,2015-10-08,0,0,0,0,0,2,3,2,50,0,0,0,0,0,
LCI,Mt Elizabeth_2015,LCI 403,2015-10-08,0,0,0,0,0,3,3,3,60,0,0,0,0,15,
LCI,Mt Elizabeth_2015,LCI 405,2015-10-08,0,0,0,0,0,1,3,0,50,0,0,0,0,30,
LCI,Mt Elizabeth_2015,LCI 410,2015-10-09,3,1,40,4,0,3,2,3,60,0,0,0,0,1,
LCI,Mt Elizabeth_2015,LCI 411,2015-10-11,0,0,0,0,0,3,3,3,60,0,0,0,0,1,
LCI,Mt Elizabeth_2015,LCI 412,2015-10-11,0,0,0,0,0,3,3,3,45,0,0,0,0,30,More herb (Stylosanthes scabra) within the quadrat compared to along transect
LCI,Mt Elizabeth_2015,LCI 413,2015-10-10,3,1,8,3,0,0,1,3,8,0,0,0,0,10,
LCI,Bachsten_2015,LCI 501,2015-06-20,3,1,80,3,0,0,0,0,0,0,0,0,0,0,Hyptis suaveolans nearby
LCI,Bachsten_2015,LCI 502,2015-06-20,3,3,99,2,0,0,0,0,0,0,0,0,0,0,
LCI,Bachsten_2015,LCI 504,2015-06-21,2,0,0,0,0,0,0,0,0,0,0,0,0,0,
LCI,Bachsten_2015,LCI 505,2015-06-21,2,0,0,0,0,0,0,0,0,0,0,0,0,0,
LCI,Bachsten_2015,LCI 506,2015-06-21,2,0,0,0,0,0,0,0,0,0,0,0,0,0,
LCI,Bachsten_2015,LCI 507,2015-06-22,2,0,0,0,0,0,0,0,0,0,0,0,0,0,
LCI,Bachsten_2015,LCI 511,2015-06-22,2,0,0,0,0,0,0,0,0,0,0,0,0,0,"probably burnt since 2013. Should have been a hot fire, but no evidence still obvious"
LCI,Bachsten_2015,LCI 512,2015-06-20,2,4,0,8,0,0,0,0,0,0,0,0,0,5,Hyptis suaveolans along roadside near creek
LCI,DRNP_2015,LCI 601,2015-07-25,1,0,0,0,2,2,3,2,100,0,0,0,0,5,"Trashed by cattle. A couple of cattle carcases present at the site. Only bones left. Heavily used. Not burnt since 2013. Very low sparse grass cover, mostly annual. Very emaciated dingo seen nearby on one day, no doubt chewing on cattle bones"
LCI,DRNP_2015,LCI 602,2015-07-25,1,0,0,0,0,1,2,2,100,0,0,0,0,1,
LCI,DRNP_2015,LCI 603,2015-07-24,1,0,0,0,0,1,1,1,25,0,0,0,0,0,Not burnt since 2013. Sparser veg (ground layer) than in 2013. Very low cover
LCI,DRNP_2015,LCI 604,2015-07-24,1,0,0,0,0,0,1,1,25,0,0,0,0,0,Hasn't been burnt since 2013. Biomass of Sorghum does not seem any less than then. There is no evidence of a decline in Sorghum or an increase in Triodia despite lack of fire. There seems to be very little on site despite Triodia being present nearby at both LCI 603 and LCI 606.
LCI,DRNP_2015,LCI 605,2015-07-24,1,0,0,0,0,1,2,2,50,0,0,0,0,0.8,"Not burnt, heaps of litter, large tree fallen in middle of plot (DBH 800 mm). But little evidence of activity of mammals, just a few minor diggings. Most evidence of cattle trampling and grazing in p[atches. Rosella seen across several areas in plot."
LCI,DRNP_2015,LCI 606,2015-07-23,1,0,0,0,0,2,2,1,33,0,0,0,0,0,evidence of grazing strongest down near ephemeral creek where grass is taller and more lush
LCI,DRNP_2015,LCI 607,2015-07-23,1,0,0,0,0,0,1,0,5,0,0,0,0,0,
LCI,DRNP_2015,LCI 608 R,2015-07-23,0,0,0,0,0,0,0,0,0,0,0,0,0,0,
LCI,DRNP_2015,LCI 608 W,2015-07-23,1,0,0,0,0,1,0,1,5,0,0,0,0,0.1,Bidens pilosa
LCI,MP_July 2013,LCI 023 R,2013-07-07,3,1,20,2,0,2,2,2,50,0,0,0,0,0,
LCI,MP_July 2011,LCI 031,2011-08-01,3,3,100,8,1,1,2,1,5,0,0,0,0,0,
LCI,MP_July 2011,LCI 034,2011-08-01,3,2,80,2.5,0,0,1,0,2,0,0,0,0,0,
LCI,MP_July 2011,LCI 035,2011-08-02,3,2,80,2,3,2,2,2,20,0,0,0,0,0,
LCI,PRNP_2014,LCI 305 W,2014-06-15,1,0,0,0,0,0,0,0,0,0,0,0,0,0,
