Project,Visit,Site,Date,Peg ID,at ... m on transect,walk ... m,to the
LCI,MP_July 2012,LCI 001,2012-07-09,A,12,4,right
LCI,MP_July 2012,LCI 001,2012-07-09,B,30,3,right
LCI,MP_July 2012,LCI 001,2012-07-09,C,54,7,left
LCI,MP_July 2014,LCI 001,2014-07-10,A,12,4,right
LCI,MP_July 2014,LCI 001,2014-07-10,B,30,3,right
LCI,MP_July 2014,LCI 001,2014-07-10,C,54,7,left
LCI,MP_July 2012,LCI 002,2012-07-11,A,-4,2,right
LCI,MP_July 2012,LCI 002,2012-07-11,B,9,5,right
LCI,MP_July 2012,LCI 002,2012-07-11,C,32,2,left
LCI,MP_July 2014,LCI 002,2014-07-10,A,-4,2,right
LCI,MP_July 2014,LCI 002,2014-07-10,B,9,5,right
LCI,MP_July 2014,LCI 002,2014-07-10,C,32,2,left
LCI,MP_May 2012,LCI 003,2012-05-15,A,9,1,left
LCI,MP_May 2012,LCI 003,2012-05-15,B,11,4,left
LCI,MP_May 2012,LCI 003,2012-05-15,C,24,1,left
LCI,MP_July 2014,LCI 003,2014-07-10,A,9,1,left
LCI,MP_July 2014,LCI 003,2014-07-10,B,11,4,left
LCI,MP_July 2014,LCI 003,2014-07-10,C,24,1,left
LCI,MP_July 2012,LCI 004,2012-07-02,A,2,1,left
LCI,MP_July 2012,LCI 004,2012-07-02,B,15,2,left
LCI,MP_July 2012,LCI 004,2012-07-02,C,47,1,left
LCI,MP_August 2013,LCI 004,2013-08-12,A,2,1,left
LCI,MP_August 2013,LCI 004,2013-08-12,B,15,2,left
LCI,MP_August 2013,LCI 004,2013-08-12,C,47,1,left
LCI,MP_July 2014,LCI 004,2014-07-10,A,2,1,left
LCI,MP_July 2014,LCI 004,2014-07-10,B,15,2,left
LCI,MP_July 2014,LCI 004,2014-07-10,C,47,1,left
LCI,MP_August 2013,LCI 005,2013-08-13,A,12,2,left
LCI,MP_August 2013,LCI 005,2013-08-13,B,19,9,left
LCI,MP_August 2013,LCI 005,2013-08-13,C,22,10,right
LCI,MP_July 2014,LCI 007,2014-07-17,A,21,2,left
LCI,MP_July 2014,LCI 007,2014-07-17,B,38,1,left
LCI,MP_July 2014,LCI 007,2014-07-17,C,49,2,right
LCI,MP_August 2013,LCI 008 R,2013-08-14,A,40,5,left
LCI,MP_August 2013,LCI 008 R,2013-08-14,B,33,3,left
LCI,MP_August 2013,LCI 008 R,2013-08-14,C,16,2,left
LCI,MP_July 2014,LCI 008 R,2014-07-16,A,40,5,left
LCI,MP_July 2014,LCI 008 R,2014-07-16,B,33,3,left
LCI,MP_July 2014,LCI 008 R,2014-07-16,C,16,2,left
LCI,MP_July 2012,LCI 008 R,2012-07-05,A,40,5,left
LCI,MP_July 2012,LCI 008 R,2012-07-05,B,33,3,left
LCI,MP_July 2012,LCI 008 R,2012-07-05,C,16,2,left
LCI,MP_August 2013,LCI 009,2013-08-14,A,6,2,left
LCI,MP_August 2013,LCI 009,2013-08-14,B,30,3,left
LCI,MP_August 2013,LCI 009,2013-08-14,C,44,3,left
LCI,MP_July 2014,LCI 009,2014-07-15,A,6,2,left
LCI,MP_July 2014,LCI 009,2014-07-15,B,30,3,left
LCI,MP_July 2014,LCI 009,2014-07-15,C,44,3,left
LCI,MP_August 2013,LCI 011,2013-08-14,A,4,2,left
LCI,MP_July 2014,LCI 011,2014-07-15,A,4,2,left
LCI,MP_July 2014,LCI 011,2014-07-15,B,14,9,left
LCI,MP_August 2013,LCI 012,2013-08-14,A,10,6,left
LCI,MP_August 2013,LCI 013,2013-08-15,A,6,7,left
LCI,MP_August 2013,LCI 013,2013-08-15,B,21,6,left
LCI,MP_August 2013,LCI 013,2013-08-15,C,51,4,left
LCI,MP_August 2013,LCI 014,2013-08-15,A,8,2,right
LCI,MP_August 2013,LCI 014,2013-08-15,B,18,2,left
LCI,MP_August 2013,LCI 014,2013-08-15,C,22,1,left
LCI,MP_July 2014,LCI 014,2014-07-14,A,8,2,right
LCI,MP_July 2014,LCI 014,2014-07-14,B,18,2,left
LCI,MP_July 2014,LCI 014,2014-07-14,C,22,1,left
LCI,MP_July 2012,LCI 015 R,2012-07-06,A,45,4,right
LCI,MP_July 2012,LCI 015 R,2012-07-06,B,28,4,right
LCI,MP_July 2012,LCI 015 R,2012-07-06,C,7,4,right
LCI,MP_August 2013,LCI 015 R,2013-08-15,A,45,4,right
LCI,MP_August 2013,LCI 015 R,2013-08-15,B,28,4,right
LCI,MP_August 2013,LCI 015 R,2013-08-15,C,7,4,right
LCI,MP_July 2014,LCI 015 R,2014-07-16,A,45,4,right
LCI,MP_July 2014,LCI 015 R,2014-07-16,B,28,4,right
LCI,MP_July 2014,LCI 015 R,2014-07-16,C,7,4,right
LCI,MP_August 2013,LCI 019,2013-08-13,A,15,4,left
LCI,MP_August 2013,LCI 019,2013-08-13,B,22,6,left
LCI,MP_August 2013,LCI 019,2013-08-13,C,33,5,left
LCI,MP_July 2014,LCI 019,2014-07-11,A,15,4,left
LCI,MP_July 2014,LCI 019,2014-07-11,B,22,6,left
LCI,MP_July 2014,LCI 019,2014-07-11,C,33,5,left
LCI,MP_July 2014,LCI 020,2014-07-11,A,8,5,left
LCI,MP_July 2014,LCI 020,2014-07-11,B,43,7,left
LCI,MP_July 2014,LCI 021,2014-07-14,A,26,1,left
LCI,MP_July 2014,LCI 021,2014-07-14,B,37,8,left
LCI,MP_July 2014,LCI 021,2014-07-14,C,50,16,left
LCI,MP_July 2012,LCI 022,2012-07-09,A,10,4,left
LCI,MP_July 2012,LCI 022,2012-07-09,B,32,5,left
LCI,MP_July 2012,LCI 022,2012-07-09,C,43,5,left
LCI,MP_July 2012,LCI 024,2012-07-12,A,-3,4,right
LCI,MP_July 2012,LCI 024,2012-07-12,B,8,4,left
LCI,MP_July 2012,LCI 024,2012-07-12,C,33,7,left
LCI,MP_August 2013,LCI 025,2013-08-11,A,11,1,left
LCI,MP_August 2013,LCI 025,2013-08-11,B,24,8,left
LCI,MP_August 2013,LCI 025,2013-08-11,C,35,2,left
LCI,MP_May 2012,LCI 026,2012-05-16,A,4,2,left
LCI,MP_May 2012,LCI 026,2012-05-16,B,21,5,left
LCI,MP_May 2012,LCI 026,2012-05-16,C,23,1,left
LCI,MP_August 2014,LCI 026,2014-07-18,A,4,2,left
LCI,MP_August 2014,LCI 026,2014-07-18,B,21,5,left
LCI,MP_August 2014,LCI 026,2014-07-18,C,23,1,left
LCI,MP_September_2015,LCI 026,2015-09-24,A,4,3,left
LCI,MP_September_2015,LCI 026,2015-09-24,B,39.8,2,left
LCI,MP_September_2015,LCI 026,2015-09-24,C,21,7,left
LCI,MP_May 2012,LCI 027,2012-05-16,A,9,4,left
LCI,MP_May 2012,LCI 027,2012-05-16,B,9,2,right
LCI,MP_August 2014,LCI 027,2014-07-20,A,9,4,left
LCI,MP_September_2015,LCI 027,2015-09-24,A,9,8,right
LCI,MP_September_2015,LCI 027,2015-09-24,B,9.3,5,left
LCI,MP_May 2012,LCI 028,2012-05-16,A,11,4,left
LCI,MP_May 2012,LCI 028,2012-05-16,B,13,3,right
LCI,MP_May 2012,LCI 028,2012-05-16,C,39,4,right
LCI,MP_August 2014,LCI 028,2014-07-20,A,11,4,left
LCI,MP_August 2014,LCI 028,2014-07-20,B,13,3,right
LCI,MP_August 2014,LCI 028,2014-07-20,C,39,4,right
LCI,MP_September_2015,LCI 028,2015-09-24,A,12.7,5,right
LCI,MP_September_2015,LCI 028,2015-09-24,B,39.8,5,right
LCI,MP_July 2012,LCI 029,2012-07-02,A,5,2,right
LCI,MP_July 2012,LCI 029,2012-07-02,B,26,3,left
LCI,MP_July 2012,LCI 029,2012-07-02,C,47,1,left
LCI,MP_August 2014,LCI 029,2014-07-19,A,5,2,right
LCI,MP_August 2014,LCI 029,2014-07-19,B,26,3,left
LCI,MP_August 2014,LCI 029,2014-07-19,C,47,1,left
LCI,MP_September_2015,LCI 029,2015-09-25,A,4.8,2,right
LCI,MP_September_2015,LCI 029,2015-09-25,B,26.8,5,right
LCI,MP_August 2013,LCI 031,2013-08-18,A,12,2,left
LCI,MP_August 2013,LCI 031,2013-08-18,B,19,2,right
LCI,MP_August 2013,LCI 031,2013-08-18,C,3,2,right
LCI,MP_July 2012,LCI 032,2012-07-03,A,11,2,left
LCI,MP_July 2012,LCI 032,2012-07-03,B,28,4,right
LCI,MP_July 2012,LCI 032,2012-07-03,C,28,12,left
LCI,MP_August 2014,LCI 032,2014-07-19,A,11,2,left
LCI,MP_August 2014,LCI 032,2014-07-19,B,28,4,right
LCI,MP_August 2014,LCI 032,2014-07-19,C,28,12,left
LCI,MP_July 2012,LCI 033,2012-07-03,A,10,6,left
LCI,MP_July 2012,LCI 033,2012-07-03,B,17,9,left
LCI,MP_July 2012,LCI 033,2012-07-03,C,22,6,left
LCI,MP_August 2014,LCI 033,2014-07-21,A,10,6,left
LCI,MP_August 2014,LCI 033,2014-07-21,B,17,9,left
LCI,MP_August 2014,LCI 033,2014-07-21,C,22,6,left
LCI,MP_July 2012,LCI 034,2012-07-03,A,7,8,right
LCI,MP_July 2012,LCI 034,2012-07-03,B,15,4,right
LCI,MP_July 2012,LCI 034,2012-07-03,C,33,5,right
LCI,MP_August 2014,LCI 034,2014-07-21,A,7,8,right
LCI,MP_August 2014,LCI 034,2014-07-21,B,15,4,right
LCI,MP_August 2014,LCI 034,2014-07-21,C,33,5,right
LCI,MP_July 2012,LCI 035,2012-07-03,A,6,1,right
LCI,MP_July 2012,LCI 035,2012-07-03,B,38,1,right
LCI,MP_July 2012,LCI 035,2012-07-03,C,65,0,
LCI,MP_August 2014,LCI 035,2014-07-18,A,6,1,right
LCI,MP_August 2014,LCI 035,2014-07-18,B,38,1,right
LCI,MP_August 2014,LCI 035,2014-07-18,C,65,0,
LCI,MP_July 2012,LCI 039 R,2012-07-06,A,25,3,left
LCI,MP_July 2012,LCI 039 R,2012-07-06,B,42,2,right
LCI,MP_July 2012,LCI 039 R,2012-07-06,C,5,4,right
LCI,MP_August 2013,LCI 039 R,2013-08-15,A,25,3,left
LCI,MP_August 2013,LCI 039 R,2013-08-15,B,42,2,right
LCI,MP_August 2013,LCI 039 R,2013-08-15,C,5,4,right
LCI,MP_July 2014,LCI 039 R,2014-07-16,A,25,5,left
LCI,MP_July 2014,LCI 039 R,2014-07-16,B,43,2,left
LCI,MP_July 2014,LCI 039 R,2014-07-16,C,6,5,right
LCI,MP_July 2014,LCI 039 W,2014-07-16,A,25,5,left
LCI,MP_July 2014,LCI 039 W,2014-07-16,B,43,2,left
LCI,MP_July 2014,LCI 039 W,2014-07-16,C,6,5,right
LCI,MP_August 2013,LCI 041,2013-08-16,A,10,3,left
LCI,MP_August 2013,LCI 041,2013-08-16,B,17,3,left
LCI,MP_August 2013,LCI 041,2013-08-16,C,38,10,right
LCI,MP_August 2013,LCI 043,2013-08-19,A,5,1,left
LCI,MP_August 2013,LCI 043,2013-08-19,B,11,5,left
LCI,MP_August 2013,LCI 043,2013-08-19,C,26,8,left
LCI,MP_August 2013,LCI 044,2013-08-16,A,3,2,right
LCI,MP_August 2013,LCI 044,2013-08-16,B,16,5,left
LCI,MP_August 2013,LCI 044,2013-08-16,C,28,3,left
LCI,MP_July 2012,LCI 046,2012-07-08,A,4,3,right
LCI,MP_July 2012,LCI 046,2012-07-08,B,26,6,left
LCI,MP_July 2012,LCI 046,2012-07-08,C,12,5,left
LCI,MP_August 2013,LCI 046,2013-08-10,A,4,3,right
LCI,MP_August 2013,LCI 046,2013-08-10,B,26,6,left
LCI,MP_August 2013,LCI 046,2013-08-10,C,12,5,left
LCI,MP_July 2014,LCI 047 R,2014-07-12,A,8,4,left
LCI,MP_July 2014,LCI 047 R,2014-07-12,B,30,1,right
LCI,MP_July 2014,LCI 047 R,2014-07-12,C,60,0,
LCI,MP_August 2013,LCI 050,2013-08-10,A,18,8,left
LCI,MP_August 2013,LCI 050,2013-08-10,B,6,4,left
LCI,MP_August 2013,LCI 050,2013-08-10,C,24,6,left
LCI,MP_July 2012,LCI 051,2012-07-09,A,34,3,left
LCI,MP_July 2012,LCI 051,2012-07-09,B,22,6,left
LCI,MP_July 2012,LCI 051,2012-07-09,C,6,5,left
LCI,MP_August 2013,LCI 051,2013-08-10,A,34,3,left
LCI,MP_August 2013,LCI 051,2013-08-10,B,22,6,left
LCI,MP_August 2013,LCI 051,2013-08-10,C,6,5,left
LCI,MP_July 2012,LCI 052,2012-07-09,A,6,2,left
LCI,MP_July 2012,LCI 052,2012-07-09,B,13,2,right
LCI,MP_July 2012,LCI 052,2012-07-09,C,23,7,right
LCI,MP_August 2013,LCI 052,2013-08-10,A,6,2,left
LCI,MP_August 2013,LCI 052,2013-08-10,B,13,2,right
LCI,MP_August 2013,LCI 052,2013-08-10,C,23,7,right
LCI,MP_July 2012,LCI 053,2012-07-12,A,26,1,right
LCI,MP_July 2012,LCI 053,2012-07-12,B,25,6,left
LCI,MP_July 2012,LCI 053,2012-07-12,C,34,4,right
LCI,MP_August 2013,LCI 053,2013-08-10,A,26,1,right
LCI,MP_August 2013,LCI 053,2013-08-10,B,25,6,left
LCI,MP_August 2013,LCI 053,2013-08-10,C,34,4,right
LCI,MP_July 2012,LCI 054,2012-07-12,A,25,4,left
LCI,MP_July 2012,LCI 054,2012-07-12,B,8,4,right
LCI,MP_July 2012,LCI 054,2012-07-12,C,30,2,right
LCI,MP_August 2013,LCI 054,2013-08-16,A,25,4,left
LCI,MP_August 2013,LCI 054,2013-08-16,B,8,4,right
LCI,MP_August 2013,LCI 054,2013-08-16,C,30,2,right
LCI,MP_July 2012,LCI 055,2012-07-12,A,24,3,right
LCI,MP_July 2012,LCI 055,2012-07-12,B,14,8,right
LCI,MP_July 2012,LCI 055,2012-07-12,C,14,4,right
LCI,MP_August 2013,LCI 055,2013-08-13,A,24,3,right
LCI,MP_August 2013,LCI 055,2013-08-13,B,14,8,right
LCI,MP_August 2013,LCI 055,2013-08-13,C,14,4,right
LCI,MP_July 2012,LCI 056,2012-07-13,A,17,4,left
LCI,MP_July 2012,LCI 056,2012-07-13,B,49,2,right
LCI,MP_July 2012,LCI 056,2012-07-13,C,24,4,right
LCI,MP_August 2013,LCI 056,2013-08-11,A,17,4,left
LCI,MP_August 2013,LCI 056,2013-08-11,B,49,2,right
LCI,MP_August 2013,LCI 056,2013-08-11,C,24,4,right
LCI,KLRCR_2012,LCI 201,2012-06-17,A,6,1,left
LCI,KLRCR_2012,LCI 201,2012-06-17,B,33,2,left
LCI,KLRCR_2012,LCI 201,2012-06-17,C,15,2,right
LCI,KLRCR_2013,LCI 201,2013-06-20,A,6,1,left
LCI,KLRCR_2013,LCI 201,2013-06-20,B,33,2,left
LCI,KLRCR_2013,LCI 201,2013-06-20,C,15,2,right
LCI,KLRCR_2014,LCI 201,2014-05-15,A,6,1,left
LCI,KLRCR_2014,LCI 201,2014-05-15,B,33,2,left
LCI,KLRCR_2014,LCI 201,2014-05-15,C,15,2,right
LCI,KLRCR_2015,LCI 201,2015-05-11,A,6,1,left
LCI,KLRCR_2015,LCI 201,2015-05-11,B,33,2,left
LCI,KLRCR_2015,LCI 201,2015-05-11,C,15,2,right
LCI,KLRCR_2012,LCI 202,2012-06-19,A,30,4,right
LCI,KLRCR_2012,LCI 202,2012-06-19,B,21,3,left
LCI,KLRCR_2012,LCI 202,2012-06-19,C,5,3,right
LCI,KLRCR_2013,LCI 202,2013-06-19,A,30,4,right
LCI,KLRCR_2013,LCI 202,2013-06-19,B,21,3,left
LCI,KLRCR_2013,LCI 202,2013-06-19,C,5,3,right
LCI,KLRCR_2014,LCI 202,2014-05-14,A,30,4,right
LCI,KLRCR_2014,LCI 202,2014-05-14,B,21,3,left
LCI,KLRCR_2014,LCI 202,2014-05-14,C,5,3,right
LCI,KLRCR_2015,LCI 202,2015-05-12,A,30,4,right
LCI,KLRCR_2015,LCI 202,2015-05-12,B,21,3,left
LCI,KLRCR_2015,LCI 202,2015-05-12,C,5,3,right
LCI,KLRCR_2012,LCI 203,2012-06-17,A,10,3,left
LCI,KLRCR_2012,LCI 203,2012-06-17,B,2,2,left
LCI,KLRCR_2012,LCI 203,2012-06-17,C,9,2,right
LCI,KLRCR_2013,LCI 203,2013-06-19,A,10,3,left
LCI,KLRCR_2013,LCI 203,2013-06-19,B,2,2,left
LCI,KLRCR_2013,LCI 203,2013-06-19,C,9,2,right
LCI,KLRCR_2014,LCI 203,2014-05-15,A,10,3,left
LCI,KLRCR_2014,LCI 203,2014-05-15,B,2,2,left
LCI,KLRCR_2014,LCI 203,2014-05-15,C,9,2,right
LCI,KLRCR_2015,LCI 203,2015-05-11,A,10,3,left
LCI,KLRCR_2015,LCI 203,2015-05-11,B,2,2,left
LCI,KLRCR_2015,LCI 203,2015-05-11,C,9,2,right
LCI,KLRCR_2012,LCI 204,2012-06-18,A,4,5,right
LCI,KLRCR_2012,LCI 204,2012-06-18,B,32,1,right
LCI,KLRCR_2012,LCI 204,2012-06-18,C,16,5,right
LCI,KLRCR_2013,LCI 204,2013-06-20,A,4,5,right
LCI,KLRCR_2013,LCI 204,2013-06-20,B,32,1,right
LCI,KLRCR_2013,LCI 204,2013-06-20,C,16,5,right
LCI,KLRCR_2014,LCI 204,2014-05-14,A,4,5,right
LCI,KLRCR_2014,LCI 204,2014-05-14,B,32,1,right
LCI,KLRCR_2014,LCI 204,2014-05-14,C,16,5,right
LCI,KLRCR_2012,LCI 205,2012-06-12,A,30,3,left
LCI,KLRCR_2012,LCI 205,2012-06-12,B,36,5,left
LCI,KLRCR_2012,LCI 205,2012-06-12,C,14,4,right
LCI,KLRCR_2013,LCI 205,2013-06-17,A,30,3,left
LCI,KLRCR_2013,LCI 205,2013-06-17,B,36,5,left
LCI,KLRCR_2013,LCI 205,2013-06-17,C,14,4,right
LCI,KLRCR_2014,LCI 205,2014-05-16,A,30,3,left
LCI,KLRCR_2014,LCI 205,2014-05-16,B,36,5,left
LCI,KLRCR_2014,LCI 205,2014-05-16,C,14,4,right
LCI,KLRCR_2015,LCI 205,2015-05-10,A,30,3,left
LCI,KLRCR_2015,LCI 205,2015-05-10,B,36,5,left
LCI,KLRCR_2015,LCI 205,2015-05-10,C,14,4,right
LCI,KLRCR_2012,LCI 206,2012-06-13,A,13,3,left
LCI,KLRCR_2012,LCI 206,2012-06-13,B,16,3,right
LCI,KLRCR_2012,LCI 206,2012-06-13,C,2,4,left
LCI,KLRCR_2013,LCI 206,2013-06-17,A,13,3,left
LCI,KLRCR_2013,LCI 206,2013-06-17,B,16,3,right
LCI,KLRCR_2013,LCI 206,2013-06-17,C,2,4,left
LCI,KLRCR_2014,LCI 206,2014-05-16,A,13,3,left
LCI,KLRCR_2014,LCI 206,2014-05-16,B,16,3,right
LCI,KLRCR_2014,LCI 206,2014-05-16,C,2,4,left
LCI,KLRCR_2015,LCI 206,2015-05-10,A,13,3,left
LCI,KLRCR_2015,LCI 206,2015-05-10,B,16,3,right
LCI,KLRCR_2015,LCI 206,2015-05-10,C,2,4,left
LCI,KLRCR_2012,LCI 207,2012-06-14,A,2,2,right
LCI,KLRCR_2012,LCI 207,2012-06-14,B,9,11,left
LCI,KLRCR_2012,LCI 207,2012-06-14,C,9,9,right
LCI,KLRCR_2013,LCI 207,2013-06-15,A,2,2,right
LCI,KLRCR_2013,LCI 207,2013-06-15,B,9,11,left
LCI,KLRCR_2013,LCI 207,2013-06-15,C,9,9,right
LCI,KLRCR_2014,LCI 207,2014-05-15,A,2,2,right
LCI,KLRCR_2014,LCI 207,2014-05-15,B,9,11,left
LCI,KLRCR_2014,LCI 207,2014-05-15,C,9,9,right
LCI,KLRCR_2015,LCI 207,2015-05-18,A,2,2,right
LCI,KLRCR_2015,LCI 207,2015-05-18,B,9,11,left
LCI,KLRCR_2015,LCI 207,2015-05-18,C,9,9,right
LCI,KLRCR_2012,LCI 208,2012-06-16,A,12,3,right
LCI,KLRCR_2012,LCI 208,2012-06-16,B,16,5,left
LCI,KLRCR_2012,LCI 208,2012-06-16,C,19,1,right
LCI,KLRCR_2013,LCI 208,2013-06-16,A,12,3,right
LCI,KLRCR_2013,LCI 208,2013-06-16,B,16,5,left
LCI,KLRCR_2013,LCI 208,2013-06-16,C,19,1,right
LCI,KLRCR_2014,LCI 208,2014-05-15,A,12,3,right
LCI,KLRCR_2014,LCI 208,2014-05-15,B,16,5,left
LCI,KLRCR_2014,LCI 208,2014-05-15,C,19,1,right
LCI,KLRCR_2015,LCI 208,2015-05-18,A,12,3,right
LCI,KLRCR_2015,LCI 208,2015-05-18,B,16,5,left
LCI,KLRCR_2015,LCI 208,2015-05-18,C,19,1,right
LCI,KLRCR_2012,LCI 209,2012-06-16,A,11,3,right
LCI,KLRCR_2012,LCI 209,2012-06-16,B,33,12,right
LCI,KLRCR_2012,LCI 209,2012-06-16,C,38,15,right
LCI,KLRCR_2013,LCI 209,2013-06-15,A,11,3,right
LCI,KLRCR_2013,LCI 209,2013-06-15,B,33,12,right
LCI,KLRCR_2013,LCI 209,2013-06-15,C,38,15,right
LCI,KLRCR_2014,LCI 209,2014-05-16,A,11,3,right
LCI,KLRCR_2014,LCI 209,2014-05-16,B,33,12,right
LCI,KLRCR_2014,LCI 209,2014-05-16,C,38,15,right
LCI,KLRCR_2015,LCI 209,2015-05-19,A,11,3,right
LCI,KLRCR_2015,LCI 209,2015-05-19,B,33,12,right
LCI,KLRCR_2015,LCI 209,2015-05-19,C,38,15,right
LCI,KLRCR_2012,LCI 210,2012-06-16,A,6,2,right
LCI,KLRCR_2012,LCI 210,2012-06-16,B,20,4,right
LCI,KLRCR_2012,LCI 210,2012-06-16,C,10,15,right
LCI,KLRCR_2013,LCI 210,2013-06-14,A,6,2,right
LCI,KLRCR_2013,LCI 210,2013-06-14,B,20,4,right
LCI,KLRCR_2013,LCI 210,2013-06-14,C,10,15,right
LCI,KLRCR_2014,LCI 210,2014-05-16,A,6,2,right
LCI,KLRCR_2014,LCI 210,2014-05-16,B,20,4,right
LCI,KLRCR_2014,LCI 210,2014-05-16,C,10,15,right
LCI,KLRCR_2015,LCI 210,2015-05-19,A,6,2,right
LCI,KLRCR_2015,LCI 210,2015-05-19,B,20,4,right
LCI,KLRCR_2015,LCI 210,2015-05-19,C,10,15,right
LCI,KLRCR_2012,LCI 211,2012-06-14,A,5,10,left
LCI,KLRCR_2012,LCI 211,2012-06-14,B,30,2,right
LCI,KLRCR_2012,LCI 211,2012-06-14,C,9,4,right
LCI,KLRCR_2013,LCI 211,2013-06-16,A,5,10,left
LCI,KLRCR_2013,LCI 211,2013-06-16,B,30,2,right
LCI,KLRCR_2013,LCI 211,2013-06-16,C,9,4,right
LCI,KLRCR_2014,LCI 211,2014-05-16,A,5,10,left
LCI,KLRCR_2014,LCI 211,2014-05-16,B,30,2,right
LCI,KLRCR_2014,LCI 211,2014-05-16,C,9,4,right
LCI,KLRCR_2015,LCI 211,2015-05-20,A,5,10,left
LCI,KLRCR_2015,LCI 211,2015-05-20,B,30,2,right
LCI,KLRCR_2015,LCI 211,2015-05-20,C,9,4,right
LCI,KLRCR_2012,LCI 212,2012-06-14,A,5,4,left
LCI,KLRCR_2012,LCI 212,2012-06-14,B,17,7,right
LCI,KLRCR_2012,LCI 212,2012-06-14,C,6,3,right
LCI,KLRCR_2013,LCI 212,2013-06-16,A,5,4,left
LCI,KLRCR_2013,LCI 212,2013-06-16,B,17,7,right
LCI,KLRCR_2013,LCI 212,2013-06-16,C,6,3,right
LCI,KLRCR_2014,LCI 212,2014-05-16,A,5,4,left
LCI,KLRCR_2014,LCI 212,2014-05-16,B,17,7,right
LCI,KLRCR_2014,LCI 212,2014-05-16,C,6,3,right
LCI,KLRCR_2015,LCI 212,2015-05-20,A,5,4,left
LCI,KLRCR_2015,LCI 212,2015-05-20,B,17,7,right
LCI,KLRCR_2015,LCI 212,2015-05-20,C,6,3,right
LCI,KLRCR_2012,LCI 213,2012-06-18,A,2,1,left
LCI,KLRCR_2012,LCI 213,2012-06-18,B,17,2,right
LCI,KLRCR_2012,LCI 213,2012-06-18,C,10,2,right
LCI,KLRCR_2013,LCI 213,2013-06-19,A,2,1,left
LCI,KLRCR_2013,LCI 213,2013-06-19,B,17,2,right
LCI,KLRCR_2013,LCI 213,2013-06-19,C,10,2,right
LCI,KLRCR_2014,LCI 213,2014-05-15,A,2,1,left
LCI,KLRCR_2014,LCI 213,2014-05-15,B,17,2,right
LCI,KLRCR_2014,LCI 213,2014-05-15,C,10,2,right
LCI,KLRCR_2012,LCI 214,2012-06-19,A,29,1,right
LCI,KLRCR_2012,LCI 214,2012-06-19,B,46,2,right
LCI,KLRCR_2012,LCI 214,2012-06-19,C,35,2,right
LCI,KLRCR_2013,LCI 214,2013-06-21,A,29,1,right
LCI,KLRCR_2013,LCI 214,2013-06-21,B,46,2,right
LCI,KLRCR_2013,LCI 214,2013-06-21,C,35,2,right
LCI,KLRCR_2014,LCI 214,2014-05-14,A,29,1,right
LCI,KLRCR_2014,LCI 214,2014-05-14,B,46,2,right
LCI,KLRCR_2014,LCI 214,2014-05-14,C,35,2,right
LCI,KLRCR_2015,LCI 214,2015-05-12,A,29,1,right
LCI,KLRCR_2015,LCI 214,2015-05-12,B,46,2,right
LCI,KLRCR_2015,LCI 214,2015-05-12,C,35,2,right
LCI,PRNP_2012,LCI 301,2012-08-01,A,2,2,left
LCI,PRNP_2012,LCI 301,2012-08-01,B,21,1,left
LCI,PRNP_2012,LCI 301,2012-08-01,C,33,6,left
LCI,PRNP_2014,LCI 301,2014-06-15,A,0,2,right
LCI,PRNP_2014,LCI 301,2014-06-15,B,21,1,left
LCI,PRNP_2014,LCI 301,2014-06-15,C,33,6,left
LCI,PRNP_2015,LCI 301,2015-08-26,A,2,1,left
LCI,PRNP_2015,LCI 301,2015-08-26,B,21.3,3,left
LCI,PRNP_2015,LCI 301,2015-08-26,C,32.7,7,left
LCI,PRNP_2012,LCI 302,2012-08-02,C,38,0,
LCI,PRNP_2014,LCI 302,2014-06-16,C,38,0,
LCI,PRNP_2012,LCI 303,2012-08-01,A,-5,0,
LCI,PRNP_2012,LCI 303,2012-08-01,B,16,1,left
LCI,PRNP_2012,LCI 303,2012-08-01,C,23,3,left
LCI,PRNP_2014,LCI 303,2014-06-17,A,-5,0,
LCI,PRNP_2014,LCI 303,2014-06-17,B,16,1,left
LCI,PRNP_2014,LCI 303,2014-06-17,C,23,3,left
LCI,PRNP_2015,LCI 303,2015-08-27,A,14,15,left
LCI,PRNP_2015,LCI 303,2015-08-27,B,24.4,5,left
LCI,PRNP_2012,LCI 304,2012-08-01,A,0,0,
LCI,PRNP_2012,LCI 304,2012-08-01,B,15,0,
LCI,PRNP_2014,LCI 304,2014-06-15,A,0,0,
LCI,PRNP_2014,LCI 304,2014-06-15,B,15,0,
LCI,PRNP_2014,LCI 304,2014-06-15,C,38,0,
LCI,PRNP_2015,LCI 304,2015-08-27,A,1.5,5,right
LCI,PRNP_2015,LCI 304,2015-08-27,B,15,1,left
LCI,PRNP_2015,LCI 304,2015-08-27,C,38.3,1,left
LCI,PRNP_2012,LCI 305 R,2012-08-01,A,0,0,
LCI,PRNP_2012,LCI 305 R,2012-08-01,B,20,0,
LCI,PRNP_2012,LCI 305 R,2012-08-01,C,24,0,
LCI,PRNP_2014,LCI 305 R,2014-06-15,A,0,1,right
LCI,PRNP_2014,LCI 305 R,2014-06-15,B,20,0,
LCI,PRNP_2014,LCI 305 R,2014-06-15,C,24,3,right
LCI,PRNP_2015,LCI 305 R,2015-08-29,A,0,2,right
LCI,PRNP_2015,LCI 305 R,2015-08-29,B,20,1,left
LCI,PRNP_2015,LCI 305 R,2015-08-29,C,30,3,right
LCI,PRNP_2015,LCI 305 W,2015-08-29,A,0,2,right
LCI,PRNP_2015,LCI 305 W,2015-08-29,B,20,1,left
LCI,PRNP_2015,LCI 305 W,2015-08-29,C,30,3,right
LCI,PRNP_2012,LCI 306,2012-08-02,A,47,9,left
LCI,PRNP_2012,LCI 306,2012-08-02,B,33,2,right
LCI,PRNP_2012,LCI 306,2012-08-02,C,15,0,
LCI,PRNP_2012,LCI 307,2012-08-02,A,12,2,right
LCI,PRNP_2012,LCI 307,2012-08-02,B,24,0,
LCI,PRNP_2012,LCI 307,2012-08-02,C,28,0,
LCI,PRNP_2012,LCI 308,2012-08-02,A,16,0,
LCI,PRNP_2012,LCI 308,2012-08-02,B,22,0,
LCI,PRNP_2012,LCI 308,2012-08-02,C,35.6,0,
LCI,PRNP_2012,LCI 311,2012-08-08,A,15,0,
LCI,PRNP_2012,LCI 311,2012-08-08,B,21,0,
LCI,PRNP_2012,LCI 311,2012-08-08,C,33,0,
LCI,PRNP_2014,LCI 311,2014-06-09,A,20,1,left
LCI,PRNP_2014,LCI 311,2014-06-09,B,17,1,left
LCI,PRNP_2014,LCI 311,2014-06-09,C,33,1,left
LCI,PRNP_2014,LCI 313 R,2014-06-07,A,23,1,left
LCI,PRNP_2014,LCI 313 R,2014-06-07,B,11,1,right
LCI,PRNP_2014,LCI 313 R,2014-06-07,C,30,1,right
LCI,PRNP_2015,LCI 313 R,2015-08-19,A,10.5,1,right
LCI,PRNP_2015,LCI 313 R,2015-08-19,B,23.5,3,left
LCI,PRNP_2015,LCI 313 R,2015-08-19,C,29.5,1,right
LCI,PRNP_2014,LCI 313 W,2014-06-07,A,23,1,left
LCI,PRNP_2014,LCI 313 W,2014-06-07,B,11,1,right
LCI,PRNP_2014,LCI 313 W,2014-06-07,C,30,1,right
LCI,PRNP_2015,LCI 313 W,2015-08-19,A,10.5,1,right
LCI,PRNP_2015,LCI 313 W,2015-08-19,B,23.5,3,left
LCI,PRNP_2015,LCI 313 W,2015-08-19,C,29.5,1,right
LCI,PRNP_2012,LCI 314 R,2012-08-09,A,18,0,
LCI,PRNP_2012,LCI 314 R,2012-08-09,B,30,0,
LCI,PRNP_2012,LCI 314 R,2012-08-09,C,33,0,
LCI,PRNP_2014,LCI 314 R,2014-07-08,A,9,2,right
LCI,PRNP_2014,LCI 314 R,2014-07-08,B,21,1,right
LCI,PRNP_2014,LCI 314 R,2014-07-08,C,33,1,right
LCI,PRNP_2012,LCI 315,2012-08-09,A,15,0,
LCI,PRNP_2012,LCI 315,2012-08-09,B,31,0,
LCI,PRNP_2012,LCI 315,2012-08-09,C,46,0,
LCI,PRNP_2014,LCI 316,2014-06-07,A,27,1,right
LCI,PRNP_2014,LCI 316,2014-06-07,B,37,2,right
LCI,PRNP_2014,LCI 316,2014-06-07,C,15,1,left
LCI,PRNP_2015,LCI 316,2015-08-20,A,10.2,1,left
LCI,PRNP_2015,LCI 316,2015-08-20,B,27,1,right
LCI,PRNP_2012,LCI 317 R,2012-08-08,A,11,2,right
LCI,PRNP_2012,LCI 317 R,2012-08-08,B,21,3,right
LCI,PRNP_2012,LCI 317 R,2012-08-08,C,40,2,left
LCI,PRNP_2014,LCI 317 R,2014-06-08,A,11,2,right
LCI,PRNP_2014,LCI 317 R,2014-06-08,B,21,3,right
LCI,PRNP_2014,LCI 317 R,2014-06-08,C,40,2,left
LCI,PRNP_2015,LCI 317 R,2015-08-20,A,11,2,right
LCI,PRNP_2015,LCI 317 R,2015-08-20,B,21,3,right
LCI,PRNP_2015,LCI 317 R,2015-08-20,C,40,2,left
LCI,PRNP_2012,LCI 317 W,2012-08-08,A,11,2,right
LCI,PRNP_2012,LCI 317 W,2012-08-08,B,21,3,right
LCI,PRNP_2012,LCI 317 W,2012-08-08,C,40,2,left
LCI,PRNP_2014,LCI 317 W,2014-06-08,A,11,2,right
LCI,PRNP_2014,LCI 317 W,2014-06-08,B,21,3,right
LCI,PRNP_2014,LCI 317 W,2014-06-08,C,40,2,left
LCI,PRNP_2015,LCI 317 W,2015-08-20,A,11,2,right
LCI,PRNP_2015,LCI 317 W,2015-08-20,B,21,3,right
LCI,PRNP_2015,LCI 317 W,2015-08-20,C,40,2,left
LCI,PRNP_2012,LCI 318,2012-08-10,A,9,1,left
LCI,PRNP_2012,LCI 318,2012-08-10,B,34,1,right
LCI,PRNP_2012,LCI 318,2012-08-10,C,46,1,right
LCI,PRNP_2014,LCI 318,2014-06-08,A,15,1,left
LCI,PRNP_2014,LCI 318,2014-06-08,B,26,1,right
LCI,PRNP_2014,LCI 318,2014-06-08,C,35,1,right
LCI,PRNP_2012,LCI 319,2012-08-09,A,45,0,
LCI,PRNP_2012,LCI 319,2012-08-09,B,38,0,
LCI,PRNP_2012,LCI 319,2012-08-09,C,20,0,
LCI,PRNP_2014,LCI 319,2014-06-07,C,20,0,
LCI,Mt Elizabeth_2013,LCI 401,2013-09-28,A,10,0,
LCI,Mt Elizabeth_2013,LCI 401,2013-09-28,B,20,0,
LCI,Mt Elizabeth_2013,LCI 401,2013-09-28,C,40,0,
LCI,Mt Elizabeth_2013,LCI 403,2013-09-28,A,5,0,
LCI,Mt Elizabeth_2013,LCI 403,2013-09-28,B,11,0,
LCI,Mt Elizabeth_2013,LCI 403,2013-09-28,C,46,0,
LCI,Mt Elizabeth_2013,LCI 405,2013-09-28,A,1,0,
LCI,Mt Elizabeth_2013,LCI 405,2013-09-28,B,10,0,
LCI,Mt Elizabeth_2013,LCI 405,2013-09-28,C,43,0,
LCI,Mt Elizabeth_2013,LCI 406,2013-09-28,A,2,0,
LCI,Mt Elizabeth_2013,LCI 406,2013-09-28,B,10,0,
LCI,Mt Elizabeth_2013,LCI 406,2013-09-28,C,30,0,
LCI,Mt Elizabeth_2013,LCI 410,2013-09-29,A,10,0,
LCI,Mt Elizabeth_2013,LCI 410,2013-09-29,B,20,0,
LCI,Mt Elizabeth_2013,LCI 410,2013-09-29,C,30,0,
LCI,Mt Elizabeth_2013,LCI 411,2013-09-28,A,15,0,
LCI,Mt Elizabeth_2013,LCI 411,2013-09-28,B,37,0,
LCI,Mt Elizabeth_2013,LCI 411,2013-09-28,C,43,0,
LCI,Mt Elizabeth_2013,LCI 412,2013-09-28,A,10,0,
LCI,Mt Elizabeth_2013,LCI 412,2013-09-28,B,37,0,
LCI,Mt Elizabeth_2013,LCI 412,2013-09-28,C,49,0,
LCI,Mt Elizabeth_2013,LCI 413,2013-09-29,A,44.5,0,
LCI,Mt Elizabeth_2013,LCI 413,2013-09-29,B,35.7,0,
LCI,Mt Elizabeth_2013,LCI 413,2013-09-29,C,28,0,
LCI,Bachsten_2013,LCI 501,2013-09-22,A,10,0,
LCI,Bachsten_2013,LCI 501,2013-09-22,B,23,0,
LCI,Bachsten_2013,LCI 501,2013-09-22,C,26.8,0,
LCI,Bachsten_2015,LCI 501,2015-06-20,A,5,0,
LCI,Bachsten_2015,LCI 501,2015-06-20,B,30,0,
LCI,Bachsten_2015,LCI 501,2015-06-20,C,40,0,
LCI,Bachsten_2013,LCI 502,2013-09-22,A,9,0,
LCI,Bachsten_2013,LCI 502,2013-09-22,B,15,0,
LCI,Bachsten_2013,LCI 502,2013-09-22,C,28,0,
LCI,Bachsten_2015,LCI 502,2015-06-20,A,5,0,
LCI,Bachsten_2015,LCI 502,2015-06-20,B,32,0,
LCI,Bachsten_2015,LCI 502,2015-06-20,C,37,0,
LCI,Bachsten_2013,LCI 504,2013-09-25,A,10,0,
LCI,Bachsten_2013,LCI 504,2013-09-25,B,41,0,
LCI,Bachsten_2013,LCI 504,2013-09-25,C,60,0,
LCI,Bachsten_2015,LCI 504,2015-06-21,A,37,0,
LCI,Bachsten_2015,LCI 504,2015-06-21,B,29,0,
LCI,Bachsten_2015,LCI 504,2015-06-21,C,0,0,
LCI,Bachsten_2013,LCI 505,2013-09-24,A,5,0,
LCI,Bachsten_2013,LCI 505,2013-09-24,B,24,0,
LCI,Bachsten_2013,LCI 505,2013-09-24,C,49,0,
LCI,Bachsten_2015,LCI 505,2015-06-21,A,10,0,
LCI,Bachsten_2015,LCI 505,2015-06-21,B,39,0,
LCI,Bachsten_2015,LCI 505,2015-06-21,C,50,0,
LCI,Bachsten_2013,LCI 506,2013-09-23,A,5,0,
LCI,Bachsten_2013,LCI 506,2013-09-23,B,22.9,0,
LCI,Bachsten_2013,LCI 506,2013-09-23,C,39,0,
LCI,Bachsten_2015,LCI 506,2015-06-21,A,40,0,
LCI,Bachsten_2013,LCI 507,2013-09-24,A,21.4,0,
LCI,Bachsten_2013,LCI 507,2013-09-24,B,38,2,right
LCI,Bachsten_2013,LCI 507,2013-09-24,C,35,0,
LCI,Bachsten_2015,LCI 507,2015-06-22,A,46,0,
LCI,Bachsten_2015,LCI 507,2015-06-22,B,11,0,
LCI,Bachsten_2015,LCI 507,2015-06-22,C,5,0,
LCI,Bachsten_2013,LCI 511,2013-09-23,A,0,0,
LCI,Bachsten_2013,LCI 511,2013-09-23,B,10,0,
LCI,Bachsten_2013,LCI 511,2013-09-23,C,50,0,
LCI,Bachsten_2015,LCI 511,2015-06-22,A,3,0,
LCI,Bachsten_2015,LCI 511,2015-06-22,B,35,0,
LCI,Bachsten_2015,LCI 511,2015-06-22,C,44,0,
LCI,Bachsten_2013,LCI 512,2013-09-23,A,10,0,
LCI,Bachsten_2013,LCI 512,2013-09-23,B,28,0,
LCI,Bachsten_2013,LCI 512,2013-09-23,C,43,0,
LCI,Bachsten_2015,LCI 512,2015-06-20,A,24,0,
LCI,Bachsten_2015,LCI 512,2015-06-20,B,20,0,
LCI,Bachsten_2015,LCI 512,2015-06-20,C,12,0,
LCI,DRNP_2013,LCI 601,2013-08-18,A,0,0,
LCI,DRNP_2013,LCI 601,2013-08-18,B,10,0,
LCI,DRNP_2013,LCI 601,2013-08-18,C,47,0,
LCI,DRNP_2015,LCI 601,2015-07-25,A,12,0,
LCI,DRNP_2015,LCI 601,2015-07-25,B,20,0,
LCI,DRNP_2015,LCI 601,2015-07-25,C,27,0,
LCI,DRNP_2013,LCI 602,2013-08-18,A,11,1,right
LCI,DRNP_2013,LCI 602,2013-08-18,B,21,1,right
LCI,DRNP_2013,LCI 602,2013-08-18,C,35,0,
LCI,DRNP_2015,LCI 602,2015-07-25,A,11,0,
LCI,DRNP_2015,LCI 602,2015-07-25,B,21,0,
LCI,DRNP_2013,LCI 603,2013-08-19,A,3,0.5,left
LCI,DRNP_2013,LCI 603,2013-08-19,B,7,0,
LCI,DRNP_2013,LCI 603,2013-08-19,C,24.7,1,right
LCI,DRNP_2015,LCI 603,2015-07-24,A,3,0,
LCI,DRNP_2015,LCI 603,2015-07-24,B,7,0,
LCI,DRNP_2015,LCI 603,2015-07-24,C,25,0,
LCI,DRNP_2013,LCI 604,2013-08-19,A,2,0,
LCI,DRNP_2013,LCI 604,2013-08-19,B,10,0,
LCI,DRNP_2013,LCI 604,2013-08-19,C,23,0,
LCI,DRNP_2015,LCI 604,2015-07-24,A,9.5,0,
LCI,DRNP_2015,LCI 604,2015-07-24,B,15,0,
LCI,DRNP_2015,LCI 604,2015-07-24,C,25,0,
LCI,DRNP_2013,LCI 605,2013-08-19,A,10,0,
LCI,DRNP_2013,LCI 605,2013-08-19,B,37,0,
LCI,DRNP_2013,LCI 605,2013-08-19,C,44,0,
LCI,DRNP_2015,LCI 605,2015-07-24,A,6,0,
LCI,DRNP_2015,LCI 605,2015-07-24,B,24,0,
LCI,DRNP_2015,LCI 605,2015-07-24,C,45,0,
LCI,DRNP_2013,LCI 606,2013-08-20,C,42,0,
LCI,DRNP_2015,LCI 606,2015-07-23,A,28,0,
LCI,DRNP_2015,LCI 606,2015-07-23,B,31,0,
LCI,DRNP_2015,LCI 606,2015-07-23,C,45,0,
LCI,DRNP_2013,LCI 607,2013-08-20,A,5,1,left
LCI,DRNP_2013,LCI 607,2013-08-20,B,10,2,right
LCI,DRNP_2013,LCI 607,2013-08-20,C,15,3,right
LCI,DRNP_2015,LCI 607,2015-07-23,A,5,0,
LCI,DRNP_2015,LCI 607,2015-07-23,B,10,0,
LCI,DRNP_2015,LCI 607,2015-07-23,C,15,0,
LCI,DRNP_2013,LCI 608 R,2013-08-20,A,4,2,left
LCI,DRNP_2013,LCI 608 R,2013-08-20,B,19,5,left
LCI,DRNP_2013,LCI 608 R,2013-08-20,C,36,0,
LCI,DRNP_2015,LCI 608 R,2015-07-23,A,7,0,
LCI,DRNP_2015,LCI 608 R,2015-07-23,B,29,0,
LCI,DRNP_2015,LCI 608 R,2015-07-23,C,32,0,
LCI,DRNP_2015,LCI 608 W,2015-07-23,A,7,0,
LCI,DRNP_2015,LCI 608 W,2015-07-23,B,29,0,
LCI,DRNP_2015,LCI 608 W,2015-07-23,C,32,0,
LCI,DRNP_2015,LCI 611,2015-07-17,A,8,0,
LCI,DRNP_2015,LCI 611,2015-07-17,B,17,0,
LCI,DRNP_2015,LCI 611,2015-07-17,C,33,0,
LCI,DRNP_2015,LCI 612,2015-07-17,A,2,0,
LCI,DRNP_2015,LCI 612,2015-07-17,B,8,0,
LCI,DRNP_2015,LCI 612,2015-07-17,C,30,0,
LCI,DRNP_2015,LCI 614,2015-07-18,A,4,0,
LCI,DRNP_2015,LCI 614,2015-07-18,B,25,0,
LCI,DRNP_2015,LCI 615,2015-07-19,A,31.5,0,
LCI,DRNP_2015,LCI 615,2015-07-19,B,41,0,
LCI,DRNP_2015,LCI 615,2015-07-19,C,48,0,
LCI,DRNP_2015,LCI 616,2015-07-19,A,12,0,
LCI,DRNP_2015,LCI 616,2015-07-19,B,36,0,
LCI,DRNP_2015,LCI 616,2015-07-19,C,34,0,
LCI,DRNP_2015,LCI 617,2015-07-18,B,18,0,
LCI,DRNP_2015,LCI 617,2015-07-18,C,37,0,
