"Project","Visit","Site","Data file","Vegetation collector","Visit Date"
"NC","MNP_2013","MNP 001","null","Karin Carnes","2013-05-01"
"NC","MNP_2013","MNP 010","null","Karin Carnes","2013-05-06"
"NC","PLNR_2015","PLNR 001","null","Karin Carnes","2015-04-16"
"NC","MNP_2013","MNP 006","null","Karin Carnes","2013-05-10"
"NC","MNP_2011","MNP 009","null","Karin Carnes","2011-05-26"
"NC","MNP_2015","MNP 001","null","Karin Carnes","2015-03-25"
"NC","MNP_2015","MNP 009","null","Karin Carnes","2015-03-24"
"NC","PLNR_2011","PLNR 001","null","Karin Carnes","2011-06-01"
"NC","MNP_2015","MNP 006","null","Karin Carnes","2015-03-24"
"NC","PLNR_2015","PLNR 004","null","Karin Carnes","2015-04-15"
"NC","PLNR_2013","PLNR 005","null","Karin Carnes","2013-05-07"
"NC","MNP_2015","MNP 010","null","Karin Carnes","2015-03-26"
"NC","PLNR_2015","PLNR 006","null","Karin Carnes","2015-04-23"
"NC","PLNR_2015","PLNR 007","null","Karin Carnes","2015-04-23"
"NC","MNP_2012","MNP 004","null","Karin Carnes","2012-05-30"
"NC","MNP_2011","MNP 007","null","Karin Carnes","2011-05-26"
"NC","MNP_2012","MNP 009","null","Karin Carnes","2012-05-09"
"NC","PNP_2015","PNP 001","null","Karin Carnes","2015-05-01"
"NC","MNP_2013","MNP 004","null","Karin Carnes","2013-05-06"
"NC","PLNR_2013","PLNR 002","null","Karin Carnes","2013-05-09"
"NC","MNP_2012","MNP 007","null","Karin Carnes","2012-04-13"
"NC","MNP_2011","MNP 010","null","Karin Carnes","2011-05-25"
"NC","MNP_2011","MNP 001","null","Karin Carnes","2011-04-21"
"NC","PLNR_2012","PLNR 001","null","Karin Carnes","2012-04-19"
"NC","MNP_2015","MNP 004","null","Karin Carnes","2015-03-26"
"NC","PLNR_2011","PLNR 002","null","Karin Carnes","2011-06-01"
"NC","MNP_2012","MNP 001","null","Karin Carnes","2012-05-29"
"NC","MNP_2013","MNP 007","null","Karin Carnes","2013-05-10"
"NC","PLNR_2011","PLNR 003","null","Karin Carnes","2011-06-10"
"NC","PLNR_2013","PLNR 007","null","Karin Carnes","2013-05-31"
"NC","MNP_2012","MNP 006","null","Karin Carnes","2012-05-08"
"NC","MNP_2013","MNP 009","null","Karin Carnes","2013-04-29"
"NC","MNP_2012","MNP 010","null","Karin Carnes","2012-04-23"
"NC","MNP_2015","MNP 007","null","Karin Carnes","2015-03-24"
"NC","PLNR_2015","PLNR 005","null","Karin Carnes","2015-04-15"
"NC","MNP_2011","MNP 011","null","Karin Carnes","2011-06-03"
"NC","PLNR_2013","PLNR 001","null","Karin Carnes","2013-04-30"
"NC","PLNR_2012","PLNR 003","null","Karin Carnes","2012-04-20"
"NC","PLNR_2013","PLNR 003","null","Karin Carnes","2013-04-30"
"NC","PLNR_2015","PLNR 003","null","Karin Carnes","2015-04-15"
"NC","PLNR_2012","PLNR 002","null","Karin Carnes","2012-04-19"
"NC","PLNR_2015","PLNR 002","null","Karin Carnes","2015-04-16"
"NC","PLNR_2013","PLNR 006","null","Karin Carnes","2013-05-07"
"NC","PLNR_2013","PLNR 004","null","Karin Carnes","2013-05-09"
"NC","PNP_2012","PNP 003","null","Karin Carnes","2012-05-18"
"NC","PLNR_2012","PLNR 007","null","Karin Carnes","2012-04-20"
"NC","PLNR_2012","PLNR 006","null","Karin Carnes","2012-04-24"
"NC","PNP_2012","PNP 001","null","Karin Carnes","2012-05-20"
"NC","PNP_2012","PNP 002","null","Karin Carnes","2012-05-17"
"NC","PLNR_2015","PLNR 008","null","Karin Carnes","2015-04-24"
"NC","PNP_2013","PNP 001","null","Karin Carnes","2013-05-20"
"NC","PLNR_2013","PLNR 008","null","Karin Carnes","2013-05-31"
"NC","PNP_2013","PNP 002","null","Karin Carnes","2013-05-16"
"NC","PNP_2015","PNP 002","null","Karin Carnes","2015-05-01"
"NC","PNP_2013","PNP 003","null","Karin Carnes","2013-05-18"
"NC","PNP_2015","PNP 003","null","Karin Carnes","2015-05-01"
"NC","PNP_2012","PNP 004","null","Karin Carnes","2012-05-18"
"NC","PNP_2013","PNP 004","null","Karin Carnes","2013-05-18"
"NC","PNP_2015","PNP 004","null","Karin Carnes","2015-05-02"
"NC","PNP_2012","PNP 005","null","Karin Carnes","2012-05-19"
"NC","PNP_2013","PNP 005","null","Karin Carnes","2013-05-18"
"NC","PNP_2015","PNP 005","null","Karin Carnes","2015-05-02"
"NC","PNP_2012","PNP 006","null","Karin Carnes","2012-05-19"
"NC","PNP_2013","PNP 006","null","Karin Carnes","2013-05-17"
"NC","PNP_2015","PNP 006","null","Karin Carnes","2015-05-02"
"NC","PNP_2012","PNP 007","null","Karin Carnes","2012-05-19"
"NC","PNP_2013","PNP 007","null","Karin Carnes","2013-05-17"
"NC","PNP_2015","PNP 007","null","Karin Carnes","2015-05-03"
"NC","PNP_2012","PNP 008","null","Karin Carnes","2012-05-18"
"NC","PNP_2013","PNP 008","null","Karin Carnes","2013-05-16"
"NC","PNP_2015","PNP 008","null","Karin Carnes","2015-05-03"
"NC","PNP_2012","PNP 009","null","Karin Carnes","2012-05-17"
"NC","PNP_2013","PNP 009","null","Karin Carnes","2013-05-17"
"NC","PNP_2015","PNP 009","null","Karin Carnes","2015-05-03"
"NC","PNP_2012","PNP 010","null","Karin Carnes","2012-05-20"
"NC","PNP_2013","PNP 010","null","Karin Carnes","2013-05-16"
"NC","PNP_2015","PNP 010","null","Karin Carnes","2015-05-04"
"NC","PNP_2012","PNP 011","null","Karin Carnes","2012-05-20"
"NC","PNP_2013","PNP 011","null","Karin Carnes","2013-05-19"
"NC","PNP_2015","PNP 011","null","Karin Carnes","2015-05-04"
"NC","PNP_2012","PNP 012","null","Karin Carnes","2012-05-21"
"NC","PNP_2013","PNP 012","null","Karin Carnes","2013-05-19"
"NC","PNP_2015","PNP 012","null","Karin Carnes","2015-05-04"