"Project","Visit","Site","Data file","Collector","Observation Date","Trap No","Trap Type","Capture Type","Species","Species validation status","Species uncertainty","Sex","Microchip number","Sample number","DNA sample type","Fate","Gross weight (g)","Bag weight (g)","Net weight (g)","Age","Head length (mm)","Pes length (mm)","Reproductive condition","Pouch","Testes length","Testes width","Head-Body","Tail length","Tail condition","Comments"
"NC","PNP_2013","PNP 001","null","Richard Fairman","2013-07-30","18","Large Elliott","N","Pseudomys desertor","do not validate","","Male","","","DNA and hair","released","42","25","17","Adult","26","20","","","","","","","",""
"NC","PNP_2013","PNP 001","null","Richard Fairman","2013-07-31","3","Medium Elliott","N","Pseudomys desertor","do not validate","","Male","","","","released","73","52","21","Adult","28","21","","","","","","","",""
"NC","PNP_2013","PNP 001","null","Richard Fairman","2013-08-02","17","Medium Elliott","N","Pseudomys desertor","do not validate","","Female","","","","released","52","28","24","Adult","31","20","","","","","","","",""
"NC","PNP_2013","PNP 003","null","Richard Fairman","2013-07-30","7","Medium Elliott","N","Pseudomys sp","do not validate","","Female","","","DNA and hair","released","56","35.5","20.5","Subadult","27","20","","","","","","","",""
"NC","PNP_2013","PNP 003","null","Annie Loggans","2013-07-31","5","Medium Elliott","N","Pseudomys johnsoni","do not validate","","Male","","","DNA and hair","released","25","16","9","Adult","20","16","","","","","60","80","",""
"NC","PNP_2013","PNP 003","null","Annie Loggans","2013-08-02","11","Medium Elliott","N","Pseudomys johnsoni","do not validate","","Female","","","","released","25","16","9","Adult","20","16","","","","","60","70","",""
"NC","PNP_2013","PNP 003","null","Annie Loggans","2013-08-02","7","Medium Elliott","Rc","Pseudomys desertor","do not validate","","Unknown","","","","released","37","17","20","Adult","","20","","","","","","","",""
"NC","PNP_2013","PNP 004","null","Annie Loggans","2013-08-01","17","Medium Elliott","N","Pseudomys desertor","do not validate","","Female","","","DNA and hair","released","38","16","22","Adult","29","19","","","","","","","",""
"NC","PNP_2013","PNP 004","null","Annie Loggans","2013-08-02","17","Medium Elliott","N","Pseudomys desertor","do not validate","","Female","","","","released","36","15","21","Adult","28","20","","","","","","","",""
"NC","PNP_2013","PNP 004","null","Richard Fairman","2013-08-03","5","Medium Elliott","N","Pseudomys desertor","do not validate","","Female","","","","released","45","26","19","Adult","29","20","","","","","","","",""
"NC","PNP_2013","PNP 005","null","Annie Loggans","2013-07-31","11","Medium Elliott","N","Zyzomys argurus","do not validate","","Female","","","","released","48","23","25","Juvenile","30","22","","","","","100","110","",""
"NC","PNP_2013","PNP 005","null","Annie Loggans","2013-07-31","13","Medium Elliott","N","Zyzomys argurus","do not validate","","Female","","","DNA and hair","released","54","16","38","Subadult","32","23","","","","","100","115","",""
"NC","PNP_2013","PNP 005","null","Annie Loggans","2013-08-01","17","Medium Elliott","N","Pseudomys desertor","do not validate","","Male","","","DNA and hair","released","37","17","20","Adult","29","22","","","","","","","",""
"NC","PNP_2013","PNP 005","null","Annie Loggans","2013-08-01","13","Medium Elliott","N","Zyzomys argurus","do not validate","","Female","","","","released","47","19","28","Juvenile","31","21","","","","","","","",""
"NC","PNP_2013","PNP 005","null","Annie Loggans","2013-08-02","11","Medium Elliott","Rc","Zyzomys argurus","do not validate","","Unknown","","","","released","","","","null","","","","","","","","","",""
"NC","PNP_2013","PNP 005","null","Richard Fairman","2013-08-03","20","Large Elliott","Rc","Pseudomys desertor","do not validate","","Male","","","","released","55","34","21","Adult","","","","","","","","","",""
"NC","PNP_2013","PNP 005","null","Richard Fairman","2013-08-03","1","Medium Elliott","N","Pseudomys desertor","do not validate","","Male","","","","released","48","21","27","Adult","30","21","","","","","","","","Only confirmed adult P. desertor caught by AL"
"NC","PNP_2013","PNP 005","null","Richard Fairman","2013-08-03","13","Medium Elliott","N","Zyzomys argurus","do not validate","","Female","","","","released","53","23","30","Juvenile","26","22","","","","","","","",""
"NC","PNP_2013","PNP 006","null","Richard Fairman","2013-07-29","17","Medium Elliott","N","Pseudomys sp","do not validate","","Male","","","","released","59","34","25","Subadult","29","20","","","","","","","",""
"NC","PNP_2013","PNP 006","null","Annie Loggans","2013-07-30","17","Medium Elliott","N","Pseudomys sp","do not validate","","Female","","","DNA and hair","released","55","35","20","Subadult","29","20","","","","","90","85","",""
"NC","PNP_2013","PNP 006","null","Annie Loggans","2013-08-01","18","Large Elliott","N","Pseudomys desertor","do not validate","","Female","","","","accidental death","35","17","18","Adult","30","19","","","","","","","","Found dead  hanging from top of trap door with tail caught inside; weight might be off due to dehydration after death"
"NC","PNP_2013","PNP 006","null","Ian Radford","2013-07-30","cam 38","Camera","null","Canis lupus dingo","do not validate","","Unknown","","","","","","","","null","","","","","","","","","","19:41-19:48; Recorded 5x"
"NC","PNP_2013","PNP 006","null","Annie Loggans","2013-08-01","15","Medium Elliott","N","Pseudomys desertor","do not validate","","Female","","","","released","43","16","27","Adult","29","21","","","","","","","",""
"NC","PNP_2013","PNP 008","null","Ian Radford","2013-07-29","cam 35","Camera","null","Macropus sp","do not validate","","Unknown","","","","","","","","null","","","","","","","","","","0.152777777778"
"NC","PNP_2013","PNP 011","null","Richard Fairman","2013-07-31","7","Medium Elliott","N","Pseudomys desertor","do not validate","","Male","","","DNA","released","55","34","21","Adult","26","21","","","","","","","",""
"NC","PNP_2013","PNP 011","null","Richard Fairman","2013-08-01","17","Medium Elliott","N","Pseudomys delicatulus","do not validate","","Male","","","DNA","released","37","30","7","Adult","24","16","","","","","","","",""
"NC","PNP_2013","PNP 011","null","Richard Fairman","2013-08-01","7","Medium Elliott","Rc","Pseudomys desertor","do not validate","","Unknown","","","","released","55","","","null","","","","","","","","","",""
"NC","PNP_2013","PNP 012","null","Richard Fairman","2013-07-31","19","Medium Elliott","N","Pseudomys desertor","do not validate","","Female","","","DNA","released","50","31","19","Adult","27","19","","","","","","","",""
"NC","PNP_2013","PNP 012","null","Richard Fairman","2013-08-01","15","Medium Elliott","N","Pseudomys desertor","do not validate","","Female","","","","released","58","39","19","Adult","27","20","","","","","","","",""
"NC","PNP_2013","PNP 012","null","Richard Fairman","2013-08-02","3","Medium Elliott","N","Pseudomys johnsoni","do not validate","","Female","","","DNA and hair","released","46","33","13","Adult","25","15","","","","","","","",""
"NC","PNP_2013","PNP 006","null","Ian Radford","2013-07-31","cam 38","Camera","null","Felis catus","do not validate","","Unknown","","","","","","","","null","","","","","","","","","",""