"Project","Visit","Site","Data file","Date","Species","Species validation status","Species uncertainty","Introduced","Extent of Infestation","Density","Invasiveness"
"NC","MNP_2013","MNP 010","null","2013-05-06","Azadirachta indica","do not validate","","true","individuals","scattered","yes"
"NC","MNP_2011","MNP 009","null","2011-05-26","Azadirachta indica","do not validate","","true","individuals","scattered","uncertain"
"NC","MNP_2015","MNP 009","null","2015-03-24","Azadirachta indica","do not validate","","true","individuals","scattered","uncertain"
"NC","MNP_2015","MNP 010","null","2015-03-26","Calotropis procera","do not validate","","true","individuals","scattered","yes"
"NC","MNP_2015","MNP 010","null","2015-03-26","Azadirachta indica","do not validate","","true","individuals","scattered","yes"
"NC","MNP_2012","MNP 009","null","2012-05-09","Azadirachta indica","do not validate","","true","individuals","scattered","uncertain"
"NC","PLNR_2013","PLNR 002","null","2013-05-09","Passiflora foetida","do not validate","","true","individuals","scattered","uncertain"
"NC","MNP_2011","MNP 010","null","2011-05-25","Azadirachta indica","do not validate","","true","individuals","scattered","uncertain"
"NC","PLNR_2011","PLNR 002","null","2011-06-01","Passiflora foetida","do not validate","","true","5 m2","scattered","yes"
"NC","MNP_2013","MNP 009","null","2013-04-29","Azadirachta indica","do not validate","","true","individuals","scattered","uncertain"
"NC","MNP_2012","MNP 010","null","2012-04-23","Azadirachta indica","do not validate","","true","individuals","scattered","yes"
"NC","PLNR_2012","PLNR 002","null","2012-04-19","Passiflora foetida","do not validate","","true","individuals","scattered","uncertain"
"NC","PLNR_2015","PLNR 002","null","2015-04-16","Passiflora foetida","do not validate","","true","individuals","scattered","uncertain"
"NC","PNP_2012","PNP 003","null","2012-05-18","Passiflora foetida","do not validate","","true","individuals","scattered","yes"
"NC","PLNR_2015","PLNR 008","null","2015-04-24","Passiflora foetida","do not validate","","true","individuals","scattered","uncertain"
"NC","PLNR_2013","PLNR 008","null","2013-05-31","Passiflora foetida","do not validate","","true","individuals","scattered","uncertain"
"NC","PNP_2013","PNP 003","null","2013-05-18","Passiflora foetida","do not validate","","true","individuals","scattered","uncertain"
"NC","PNP_2012","PNP 007","null","2012-05-19","Calotropis procera","do not validate","","true","individuals","scattered","no"
"NC","PNP_2012","PNP 009","null","2012-05-17","Calotropis procera","do not validate","","true","individuals","scattered","no"
"NC","PNP_2013","PNP 009","null","2013-05-17","Calotropis procera","do not validate","","true","individuals","scattered","no"