"Project","Visit","Site","Data file","Date","Point of Change (m.cm)","Change from","Change to"
"NC","MNP_2012","MNP 006","null","2012-05-08","0","annual Sorghum","no annual Sorghum"
"NC","MNP_2013","MNP 006","null","2013-05-10","1.4","annual Sorghum","no annual Sorghum"
"NC","PLNR_2011","PLNR 003","null","2011-06-10","11.1","unburned","burned"
"NC","PLNR_2012","PLNR 003","null","2012-04-20","11.1","litter cover","bare ground with some minor litter"
"NC","PNP_2013","PNP 004","null","2013-05-18","23.2","burned","unburned"
"NC","PNP_2013","PNP 004","null","2013-05-18","32.8","unburned","burned"
"NC","PNP_2015","PNP 004","null","2015-05-02","47.5","burned","unburned"
"NC","PNP_2015","PNP 004","null","2015-05-02","52","unburned","burned"
"NC","PNP_2013","PNP 006","null","2013-05-17","48.5","burned","unburned"
"NC","PNP_2012","PNP 012","null","2012-05-21","35.5","more recently burned","longer unburned patch"
"NC","PNP_2013","PNP 012","null","2013-05-19","35.5","more recently burned","longer unburned patch"