"Project","Visit","Site","Data file","Date","Stratum","Growth Form","% Cover (Crown Cover)","Average Height (m)","Maximum Height (m)"
"NC","MNP_2011","MNP 001","null","2011-04-21","Upper","tree","10","14","16"
"NC","MNP_2011","MNP 001","null","2011-04-21","Mid 1","shrub","20","2","3"
"NC","MNP_2011","MNP 001","null","2011-04-21","Ground","hummock / herb","71","0.6","0.7"
"NC","MNP_2012","MNP 001","null","2012-05-29","Upper","tree","11","14","16"
"NC","MNP_2012","MNP 001","null","2012-05-29","Mid 1","shrub","21","2","3"
"NC","MNP_2012","MNP 001","null","2012-05-29","Ground","hummock / herb","65","0.6","0.7"
"NC","MNP_2013","MNP 001","null","2013-05-01","Upper","tree","10","14","16"
"NC","MNP_2013","MNP 001","null","2013-05-01","Mid 1","shrub","2","1","1.5"
"NC","MNP_2013","MNP 001","null","2013-05-01","Ground","hummock / herb / annual","45","0.3","0.4"
"NC","MNP_2012","MNP 004","null","2012-05-30","Upper","tree","6","6","8"
"NC","MNP_2012","MNP 004","null","2012-05-30","Mid 1","shrub","30","1.5","2"
"NC","MNP_2012","MNP 004","null","2012-05-30","Mid 2","shrub","1","0.4","0.6"
"NC","MNP_2012","MNP 004","null","2012-05-30","Ground","hummock / herb / annual","45","0.5","0.6"
"NC","MNP_2013","MNP 004","null","2013-05-06","Upper","tree","6","6","8"
"NC","MNP_2013","MNP 004","null","2013-05-06","Mid 1","shrub","1","1","1.2"
"NC","MNP_2013","MNP 004","null","2013-05-06","Mid 2","shrub","4","0.4","0.5"
"NC","MNP_2013","MNP 004","null","2013-05-06","Ground","hummock / annual / herb","27","0.3","0.5"
"NC","MNP_2012","MNP 006","null","2012-05-08","Upper","tree","13","12","15"
"NC","MNP_2012","MNP 006","null","2012-05-08","Mid 1","shrub / juv tree","8","2","3"
"NC","MNP_2012","MNP 006","null","2012-05-08","Ground","hummock / herb / annual","28","0.3","0.4"
"NC","MNP_2013","MNP 006","null","2013-05-10","Upper","tree","13","12","16"
"NC","MNP_2013","MNP 006","null","2013-05-10","Mid 1","shrub / juv tree","11","2.5","3.5"
"NC","MNP_2013","MNP 006","null","2013-05-10","Ground","hummock / annual / herb","28","0.4","0.5"
"NC","MNP_2011","MNP 007","null","2011-05-26","Upper","tree","3","8","10"
"NC","MNP_2011","MNP 007","null","2011-05-26","Mid 1","shrub","15","3","4"
"NC","MNP_2011","MNP 007","null","2011-05-26","Ground","hummock","50","0.5","0.5"
"NC","MNP_2012","MNP 007","null","2012-04-13","Upper","tree","3","8","10"
"NC","MNP_2012","MNP 007","null","2012-04-13","Mid 1","shrub","4","3","5"
"NC","MNP_2012","MNP 007","null","2012-04-13","Ground","hummock / herb","28","0.4","0.5"
"NC","MNP_2013","MNP 007","null","2013-05-10","Upper","tree","3","8","10"
"NC","MNP_2013","MNP 007","null","2013-05-10","Mid 1","shrub","3","2","3"
"NC","MNP_2013","MNP 007","null","2013-05-10","Ground","hummock / annual / herb","29","0.4","0.5"
"NC","MNP_2011","MNP 009","null","2011-05-26","Upper","tree / tall shrub","19","9","17"
"NC","MNP_2011","MNP 009","null","2011-05-26","Mid 1","shrub","8","5","6"
"NC","MNP_2011","MNP 009","null","2011-05-26","Mid 2","subshrub","1","0.8","1"
"NC","MNP_2011","MNP 009","null","2011-05-26","Ground","hummock","40","0.5","2"
"NC","MNP_2012","MNP 009","null","2012-05-09","Upper","tree / tall shrub","20","9","17"
"NC","MNP_2012","MNP 009","null","2012-05-09","Mid 1","shrub","5","5","6"
"NC","MNP_2012","MNP 009","null","2012-05-09","Mid 2","subshrub","1","0.8","1"
"NC","MNP_2012","MNP 009","null","2012-05-09","Ground","hummock / annual / herb","30","0.4","2"
"NC","MNP_2013","MNP 009","null","2013-04-29","Upper","tree / tall shrub","20","9","17"
"NC","MNP_2013","MNP 009","null","2013-04-29","Mid 1","shrub","3","2","4"
"NC","MNP_2013","MNP 009","null","2013-04-29","Mid 2","subshrub","4","0.8","1"
"NC","MNP_2013","MNP 009","null","2013-04-29","Ground","hummock / annual / herb","30","0.4","2"
"NC","MNP_2011","MNP 010","null","2011-05-25","Upper","tree","24","20","25"
"NC","MNP_2011","MNP 010","null","2011-05-25","Mid 1","shrub","9","5","7"
"NC","MNP_2011","MNP 010","null","2011-05-25","Ground","tussock / annual / herb","30","0.2","2"
"NC","MNP_2012","MNP 010","null","2012-04-23","Upper","tree / tall shrub","28","20","25"
"NC","MNP_2012","MNP 010","null","2012-04-23","Mid 1","shrub","10","5","7"
"NC","MNP_2012","MNP 010","null","2012-04-23","Ground","tussock / annual / herb","24","0.4","2"
"NC","MNP_2013","MNP 010","null","2013-05-06","Upper","tree / tall shrub","21","18","20"
"NC","MNP_2013","MNP 010","null","2013-05-06","Mid 1","shrub","4","4","5"
"NC","MNP_2013","MNP 010","null","2013-05-06","Ground","annual / herb / tussock","41","0.2","0.3"
"NC","MNP_2011","MNP 011","null","2011-06-03","Upper","tree","17","20","25"
"NC","MNP_2011","MNP 011","null","2011-06-03","Mid 1","shrub","17","5","6"
"NC","MNP_2011","MNP 011","null","2011-06-03","Mid 2","shrub","3","0.8","0.8"
"NC","MNP_2011","MNP 011","null","2011-06-03","Ground","annual / hummock","24","0.3","2"
"NC","PLNR_2011","PLNR 001","null","2011-06-01","Upper","tree","1","5","5"
"NC","PLNR_2011","PLNR 001","null","2011-06-01","Mid 1","shrub","21","3.5","4.5"
"NC","PLNR_2011","PLNR 001","null","2011-06-01","Mid 2","shrub / juv tree","3","0.6","1.5"
"NC","PLNR_2011","PLNR 001","null","2011-06-01","Ground","hummock","48","0.4","0.5"
"NC","PLNR_2012","PLNR 001","null","2012-04-19","Upper","tree","1","5","5"
"NC","PLNR_2012","PLNR 001","null","2012-04-19","Mid 1","shrub","24","3.5","4.5"
"NC","PLNR_2012","PLNR 001","null","2012-04-19","Mid 2","shrub / juv tree","4","0.6","1.5"
"NC","PLNR_2012","PLNR 001","null","2012-04-19","Ground","hummock / herb","51","0.4","0.5"
"NC","PLNR_2013","PLNR 001","null","2013-04-30","Upper","tree","1","5","5"
"NC","PLNR_2013","PLNR 001","null","2013-04-30","Mid 1","shrub","5","1","2"
"NC","PLNR_2013","PLNR 001","null","2013-04-30","Mid 2","shrub / juv tree","5","0.4","0.5"
"NC","PLNR_2013","PLNR 001","null","2013-04-30","Ground","hummock / herb / annual","27","0.2","0.2"
"NC","PLNR_2011","PLNR 002","null","2011-06-01","Upper","tree","8","8","10"
"NC","PLNR_2011","PLNR 002","null","2011-06-01","Mid 1","shrub","2","2","2"
"NC","PLNR_2011","PLNR 002","null","2011-06-01","Ground","tussock / herb / annual","57","0.5","2"
"NC","PLNR_2012","PLNR 002","null","2012-04-19","Upper","tree","10","8","10"
"NC","PLNR_2012","PLNR 002","null","2012-04-19","Mid 1","shrub","2","2","2"
"NC","PLNR_2012","PLNR 002","null","2012-04-19","Ground","tussock / herb / annual","68","0.6","2"
"NC","PLNR_2013","PLNR 002","null","2013-05-09","Upper","tree","8","5","6"
"NC","PLNR_2013","PLNR 002","null","2013-05-09","Mid 1","shrub","1","2","3"
"NC","PLNR_2013","PLNR 002","null","2013-05-09","Ground","tussock / annual / herb","41","0.6","1.5"
"NC","PLNR_2011","PLNR 003","null","2011-06-10","Ground","tussock / sedge","25","0.5","0.5"
"NC","PLNR_2012","PLNR 003","null","2012-04-20","Ground","tussock / sedge","48","0.5","0.6"
"NC","PLNR_2013","PLNR 003","null","2013-04-30","Ground","tussock / sedge","46","0.5","0.8"
"NC","PLNR_2013","PLNR 004","null","2013-05-09","Ground","tussock","90","0.8","0.8"
"NC","PLNR_2013","PLNR 005","null","2013-05-07","Upper","tree","8","5","8"
"NC","PLNR_2013","PLNR 005","null","2013-05-07","Mid 1","shrub","2","1.5","3.5"
"NC","PLNR_2013","PLNR 005","null","2013-05-07","Ground","tussock / herb","52","0.7","1.5"
"NC","PLNR_2012","PLNR 006","null","2012-04-24","Upper","tree","18","14","18"
"NC","PLNR_2012","PLNR 006","null","2012-04-24","Mid 1","shrub","13","2","3"
"NC","PLNR_2012","PLNR 006","null","2012-04-24","Mid 2","shrub","10","1","1.5"
"NC","PLNR_2012","PLNR 006","null","2012-04-24","Ground","tussock / herb","70","0.6","0.8"
"NC","PLNR_2013","PLNR 006","null","2013-05-07","Upper","tree","10","14","18"
"NC","PLNR_2013","PLNR 006","null","2013-05-07","Mid 1","shrub","9","2","3"
"NC","PLNR_2013","PLNR 006","null","2013-05-07","Mid 2","shrub","3","0.8","1"
"NC","PLNR_2013","PLNR 006","null","2013-05-07","Ground","tussock / herb","43","0.6","0.8"
"NC","PLNR_2012","PLNR 007","null","2012-04-20","Upper","tree","17","4","6"
"NC","PLNR_2012","PLNR 007","null","2012-04-20","Mid 1","shrub","3","3","3.5"
"NC","PLNR_2012","PLNR 007","null","2012-04-20","Mid 2","shrub","1","0.6","0.6"
"NC","PLNR_2012","PLNR 007","null","2012-04-20","Ground","annual / hummock / herb","29","0.2","0.4"
"NC","PLNR_2013","PLNR 007","null","2013-05-31","Upper","tree","13","5","6"
"NC","PLNR_2013","PLNR 007","null","2013-05-31","Mid 1","shrub","2","2.5","3"
"NC","PLNR_2013","PLNR 007","null","2013-05-31","Mid 2","shrub","3","0.4","0.8"
"NC","PLNR_2013","PLNR 007","null","2013-05-31","Ground","annual / hummock / herb","25","0.3","0.4"
"NC","PLNR_2013","PLNR 008","null","2013-05-31","Upper","tree","18","12","14"
"NC","PLNR_2013","PLNR 008","null","2013-05-31","Mid 1","juv tree","4","1","1.2"
"NC","PLNR_2013","PLNR 008","null","2013-05-31","Ground","tussock / annual / herb","31","0.5","2"
"NC","PNP_2012","PNP 001","null","2012-05-20","Upper","tree","16","5","7"
"NC","PNP_2012","PNP 001","null","2012-05-20","Ground","hummock / herb","30","0.3","0.4"
"NC","PNP_2013","PNP 001","null","2013-05-20","Upper","tree","16","5","7"
"NC","PNP_2013","PNP 001","null","2013-05-20","Ground","hummock / herb","37","0.4","0.5"
"NC","PNP_2012","PNP 002","null","2012-05-17","Upper","tree","16","5","7"
"NC","PNP_2012","PNP 002","null","2012-05-17","Mid 1","shrub / juv tree","2","1","1.4"
"NC","PNP_2012","PNP 002","null","2012-05-17","Ground","tussock / herb","86","0.5","0.7"
"NC","PNP_2013","PNP 002","null","2013-05-16","Upper","tree","15","4","5"
"NC","PNP_2013","PNP 002","null","2013-05-16","Mid 1","shrub / juv tree","0","0.2","0.4"
"NC","PNP_2013","PNP 002","null","2013-05-16","Ground","tussock","8","0.1","0.2"
"NC","PNP_2012","PNP 003","null","2012-05-18","Upper","tree","11","7","10"
"NC","PNP_2012","PNP 003","null","2012-05-18","Mid 1","shrub","10","2","3"
"NC","PNP_2012","PNP 003","null","2012-05-18","Ground","hummock / herb","44","0.5","0.6"
"NC","PNP_2013","PNP 003","null","2013-05-18","Upper","tree","10","7","10"
"NC","PNP_2013","PNP 003","null","2013-05-18","Mid 1","shrub","2","0.4","0.5"
"NC","PNP_2013","PNP 003","null","2013-05-18","Ground","hummock / annual","31","0.4","0.8"
"NC","PNP_2012","PNP 004","null","2012-05-18","Upper","tree","1","4","7"
"NC","PNP_2012","PNP 004","null","2012-05-18","Mid 1","shrub","24","2.5","3"
"NC","PNP_2012","PNP 004","null","2012-05-18","Mid 2","subshrub","3","0.6","0.7"
"NC","PNP_2012","PNP 004","null","2012-05-18","Ground","hummock","44","0.4","0.5"
"NC","PNP_2013","PNP 004","null","2013-05-18","Upper","tree","1","4","7"
"NC","PNP_2013","PNP 004","null","2013-05-18","Mid 1","shrub","11","2","3"
"NC","PNP_2013","PNP 004","null","2013-05-18","Mid 2","subshrub","1","0.7","1"
"NC","PNP_2013","PNP 004","null","2013-05-18","Ground","hummock","33","0.2","0.5"
"NC","PNP_2012","PNP 005","null","2012-05-19","Upper","tree","1","7","8"
"NC","PNP_2012","PNP 005","null","2012-05-19","Mid 1","shrub","2","1","2.5"
"NC","PNP_2012","PNP 005","null","2012-05-19","Mid 2","juv shrub","1","0.3","0.5"
"NC","PNP_2012","PNP 005","null","2012-05-19","Ground","hummock / herb","39","0.3","0.4"
"NC","PNP_2013","PNP 005","null","2013-05-18","Upper","tree","1","7","9"
"NC","PNP_2013","PNP 005","null","2013-05-18","Mid 1","shrub","3","1.2","2.5"
"NC","PNP_2013","PNP 005","null","2013-05-18","Mid 2","juv shrub","1","0.5","0.6"
"NC","PNP_2013","PNP 005","null","2013-05-18","Ground","hummock","51","0.4","0.5"
"NC","PNP_2012","PNP 006","null","2012-05-19","Upper","tree","4","5","6"
"NC","PNP_2012","PNP 006","null","2012-05-19","Mid 1","shrub","8","1.5","2"
"NC","PNP_2012","PNP 006","null","2012-05-19","Ground","hummock / herb","38","0.3","0.4"
"NC","PNP_2013","PNP 006","null","2013-05-17","Upper","tree","4","6","7"
"NC","PNP_2013","PNP 006","null","2013-05-17","Mid 1","shrub","4","1.5","2"
"NC","PNP_2013","PNP 006","null","2013-05-17","Ground","hummock / herb","24","0.1","0.4"
"NC","PNP_2012","PNP 007","null","2012-05-19","Mid 1","shrub","3","4","5"
"NC","PNP_2012","PNP 007","null","2012-05-19","Mid 2","shrub","1","0.7","1"
"NC","PNP_2012","PNP 007","null","2012-05-19","Ground","hummock / herb","26","0.2","0.4"
"NC","PNP_2013","PNP 007","null","2013-05-17","Mid 1","shrub","4","4","5"
"NC","PNP_2013","PNP 007","null","2013-05-17","Mid 2","shrub","1","0.8","1"
"NC","PNP_2013","PNP 007","null","2013-05-17","Ground","hummock","29","0.4","0.5"
"NC","PNP_2012","PNP 008","null","2012-05-18","Upper","tree","3","7","8"
"NC","PNP_2012","PNP 008","null","2012-05-18","Mid 1","shrub / juv tree","1","1.5","2"
"NC","PNP_2012","PNP 008","null","2012-05-18","Ground","hummock / annual / herb","31","0.4","0.6"
"NC","PNP_2013","PNP 008","null","2013-05-16","Upper","tree","3","5","6"
"NC","PNP_2013","PNP 008","null","2013-05-16","Mid 1","shrub / juv tree","1","2","3"
"NC","PNP_2013","PNP 008","null","2013-05-16","Ground","hummock / herb / annual","21","0.2","0.2"
"NC","PNP_2012","PNP 009","null","2012-05-17","Mid 1","shrub","8","1","1.4"
"NC","PNP_2012","PNP 009","null","2012-05-17","Ground","hummock / annual / herb","33","0.3","0.4"
"NC","PNP_2013","PNP 009","null","2013-05-17","Mid 1","shrub","3","1","1.5"
"NC","PNP_2013","PNP 009","null","2013-05-17","Ground","hummock / annual","39","0.4","0.5"
"NC","PNP_2012","PNP 010","null","2012-05-20","Upper","tree","7","6","7"
"NC","PNP_2012","PNP 010","null","2012-05-20","Mid 1","shrub / juv tree","12","1","1.5"
"NC","PNP_2012","PNP 010","null","2012-05-20","Ground","tussock / herb","76","0.5","0.6"
"NC","PNP_2013","PNP 010","null","2013-05-16","Upper","tree","3","6","8"
"NC","PNP_2013","PNP 010","null","2013-05-16","Mid 1","shrub / juv tree","0","0.3","0.7"
"NC","PNP_2013","PNP 010","null","2013-05-16","Ground","tussock / herb","12","0.1","0.2"
"NC","PNP_2012","PNP 011","null","2012-05-20","Upper","tree","4","5","7"
"NC","PNP_2012","PNP 011","null","2012-05-20","Mid 1","shrub / juv tree","11","1.5","2"
"NC","PNP_2012","PNP 011","null","2012-05-20","Mid 2","shrub","2","0.3","0.4"
"NC","PNP_2012","PNP 011","null","2012-05-20","Ground","hummock","20","0.1","0.3"
"NC","PNP_2013","PNP 011","null","2013-05-19","Upper","tree","5","5","6"
"NC","PNP_2013","PNP 011","null","2013-05-19","Mid 1","shrub / juv tree","8","1.5","2.5"
"NC","PNP_2013","PNP 011","null","2013-05-19","Mid 2","shrub","3","0.4","0.5"
"NC","PNP_2013","PNP 011","null","2013-05-19","Ground","hummock","27","0.3","0.4"
"NC","PNP_2012","PNP 012","null","2012-05-21","Upper","tree","6","5","6"
"NC","PNP_2012","PNP 012","null","2012-05-21","Mid 1","shrub","7","1.5","2"
"NC","PNP_2012","PNP 012","null","2012-05-21","Ground","hummock / herb","48","0.3","0.6"
"NC","PNP_2013","PNP 012","null","2013-05-19","Upper","tree","6","5","6"
"NC","PNP_2013","PNP 012","null","2013-05-19","Mid 1","shrub","7","1.8","2.5"
"NC","PNP_2013","PNP 012","null","2013-05-19","Ground","hummock","52","0.4","0.6"
"NC","PNP_2015","PNP 001","null","2015-05-01","Upper","tree","16","5","7"
"NC","PNP_2015","PNP 001","null","2015-05-01","Ground","hummock / herb","42","0.5","0.6"
"NC","PNP_2015","PNP 002","null","2015-05-01","Upper","tree","12","4","5"
"NC","PNP_2015","PNP 002","null","2015-05-01","Mid 1","shrub / juv tree","4","1","1.5"
"NC","PNP_2015","PNP 002","null","2015-05-01","Ground","tussock / herb","83","0.5","0.7"
"NC","PNP_2015","PNP 003","null","2015-05-01","Upper","tree","10","7","10"
"NC","PNP_2015","PNP 003","null","2015-05-01","Mid 1","shrub","4","0.5","0.8"
"NC","PNP_2015","PNP 003","null","2015-05-01","Ground","hummock / annual / herb","29","0.3","0.8"
"NC","PNP_2015","PNP 004","null","2015-05-02","Upper","tree","1","4","7"
"NC","PNP_2015","PNP 004","null","2015-05-02","Mid 1","shrub","4","0","0.2"
"NC","PNP_2015","PNP 004","null","2015-05-02","Mid 2","subshrub","3","0.6","0.8"
"NC","PNP_2015","PNP 004","null","2015-05-02","Ground","hummock","12","0.2","0.3"
"NC","PNP_2015","PNP 005","null","2015-05-02","Upper","tree","1","7","9"
"NC","PNP_2015","PNP 005","null","2015-05-02","Mid 1","shrub","2","1.5","2"
"NC","PNP_2015","PNP 005","null","2015-05-02","Mid 2","juv shrub","3","0.5","0.7"
"NC","PNP_2015","PNP 005","null","2015-05-02","Ground","hummock / herb","65","0.5","0.6"
"NC","PNP_2015","PNP 006","null","2015-05-02","Upper","tree","4","7","8"
"NC","PNP_2015","PNP 006","null","2015-05-02","Mid 1","shrub","4","1.5","2"
"NC","PNP_2015","PNP 006","null","2015-05-02","Ground","hummock / herb","42","0.5","0.7"
"NC","PNP_2015","PNP 007","null","2015-05-03","Mid 1","shrub","1","4","5"
"NC","PNP_2015","PNP 007","null","2015-05-03","Mid 2","shrub","1","0.9","1"
"NC","PNP_2015","PNP 007","null","2015-05-03","Ground","hummock","33","0.4","0.5"
"NC","PNP_2015","PNP 008","null","2015-05-03","Upper","tree","3","6","7"
"NC","PNP_2015","PNP 008","null","2015-05-03","Mid 1","shrub / juv tree","2","1","1.5"
"NC","PNP_2015","PNP 008","null","2015-05-03","Ground","hummock / annual / herb","26","0.4","0.4"
"NC","PNP_2015","PNP 009","null","2015-05-03","Mid 1","shrub","3","1.5","1.8"
"NC","PNP_2015","PNP 009","null","2015-05-03","Ground","hummock / annual","40","0.4","0.5"
"NC","PNP_2015","PNP 010","null","2015-05-04","Upper","tree","7","7","8"
"NC","PNP_2015","PNP 010","null","2015-05-04","Mid 1","shrub / juv tree","4","0.8","1"
"NC","PNP_2015","PNP 010","null","2015-05-04","Ground","tussock / herb","52","0.5","0.8"
"NC","PNP_2015","PNP 011","null","2015-05-04","Upper","tree","3","5","6"
"NC","PNP_2015","PNP 011","null","2015-05-04","Mid 1","shrub / juv tree","3","0","2.5"
"NC","PNP_2015","PNP 011","null","2015-05-04","Mid 2","shrub","0","0","0"
"NC","PNP_2015","PNP 011","null","2015-05-04","Ground","hummock","6","0.1","0.2"
"NC","PNP_2015","PNP 012","null","2015-05-04","Upper","tree","6","5","6"
"NC","PNP_2015","PNP 012","null","2015-05-04","Mid 1","shrub","8","2","2.5"
"NC","PNP_2015","PNP 012","null","2015-05-04","Ground","hummock","65","0.6","0.7"
"NC","MNP_2015","MNP 001","null","2015-03-25","Upper","tree","12","12","16"
"NC","MNP_2015","MNP 001","null","2015-03-25","Mid 1","shrub","13","2","2.5"
"NC","MNP_2015","MNP 001","null","2015-03-25","Mid 2","shrub","2","1","1"
"NC","MNP_2015","MNP 001","null","2015-03-25","Ground","hummock / herb","55","0.6","0.7"
"NC","MNP_2015","MNP 004","null","2015-03-26","Upper","tree","8","7","10"
"NC","MNP_2015","MNP 004","null","2015-03-26","Mid 1","shrub","9","1","1.5"
"NC","MNP_2015","MNP 004","null","2015-03-26","Mid 2","shrub","2","0.4","0.5"
"NC","MNP_2015","MNP 004","null","2015-03-26","Ground","hummock / herb","33","0.5","0.6"
"NC","MNP_2015","MNP 006","null","2015-03-24","Upper","tree","11","13","16"
"NC","MNP_2015","MNP 006","null","2015-03-24","Mid 1","shrub / juv tree","9","3","4"
"NC","MNP_2015","MNP 006","null","2015-03-24","Mid 2","juv tree","3","0.5","1"
"NC","MNP_2015","MNP 006","null","2015-03-24","Ground","hummock / annual / herb","26","0.3","1"
"NC","MNP_2015","MNP 007","null","2015-03-24","Upper","tree","1","12","14"
"NC","MNP_2015","MNP 007","null","2015-03-24","Mid 1","shrub","5","2","3"
"NC","MNP_2015","MNP 007","null","2015-03-24","Mid 2","juv tree","4","1","1"
"NC","MNP_2015","MNP 007","null","2015-03-24","Ground","hummock / annual","23","0.3","0.4"
"NC","MNP_2015","MNP 009","null","2015-03-24","Upper","tree / tall shrub","20","8","14"
"NC","MNP_2015","MNP 009","null","2015-03-24","Mid 1","shrub","6","2","4"
"NC","MNP_2015","MNP 009","null","2015-03-24","Mid 2","subshrub","2","0.6","0.7"
"NC","MNP_2015","MNP 009","null","2015-03-24","Ground","hummock / annual / herb","34","0.6","1"
"NC","MNP_2015","MNP 010","null","2015-03-26","Upper","tree / tall shrub","26","18","20"
"NC","MNP_2015","MNP 010","null","2015-03-26","Mid 1","shrub","3","3","4"
"NC","MNP_2015","MNP 010","null","2015-03-26","Mid","juv shrub","3","1","1"
"NC","MNP_2015","MNP 010","null","2015-03-26","Ground","herb / annual / hummock / tussock","28","0.2","1"
"NC","PLNR_2015","PLNR 001","null","2015-04-16","Upper","tree","3","5","5"
"NC","PLNR_2015","PLNR 001","null","2015-04-16","Mid 1","shrub","22","2","2.5"
"NC","PLNR_2015","PLNR 001","null","2015-04-16","Mid 2","shrub / juv tree","14","0.8","1"
"NC","PLNR_2015","PLNR 001","null","2015-04-16","Ground","hummock / herb","33","0.4","0.5"
"NC","PLNR_2015","PLNR 002","null","2015-04-16","Upper","tree","8","5","6"
"NC","PLNR_2015","PLNR 002","null","2015-04-16","Mid 1","shrub","1","1.5","2.5"
"NC","PLNR_2015","PLNR 002","null","2015-04-16","Ground","tussock / annual / herb","40","0.8","2"
"NC","PLNR_2015","PLNR 003","null","2015-04-15","Ground","tussock / sedge","60","0.5","0.6"
"NC","PLNR_2015","PLNR 004","null","2015-04-15","Ground","tussock","84","0.7","0.8"
"NC","PLNR_2015","PLNR 005","null","2015-04-15","Upper","tree","7","6","10"
"NC","PLNR_2015","PLNR 005","null","2015-04-15","Mid 1","shrub","4","1.5","2.5"
"NC","PLNR_2015","PLNR 005","null","2015-04-15","Ground","tussock / annual / herb","54","0.6","1.5"
"NC","PLNR_2015","PLNR 006","null","2015-04-23","Upper","tree","8","14","18"
"NC","PLNR_2015","PLNR 006","null","2015-04-23","Mid 1","shrub","7","2","2.5"
"NC","PLNR_2015","PLNR 006","null","2015-04-23","Mid 2","shrub","1","0.5","0.6"
"NC","PLNR_2015","PLNR 006","null","2015-04-23","Ground","tussock / annual / herb","28","0.8","1"
"NC","PLNR_2015","PLNR 007","null","2015-04-23","Upper","tree","12","5","6"
"NC","PLNR_2015","PLNR 007","null","2015-04-23","Mid 1","shrub","1","2","2.5"
"NC","PLNR_2015","PLNR 007","null","2015-04-23","Mid 2","shrub","4","0.3","0.7"
"NC","PLNR_2015","PLNR 007","null","2015-04-23","Ground","annual / hummock / herb","26","0.3","0.4"
"NC","PLNR_2015","PLNR 008","null","2015-04-24","Upper","tree","18","12","14"
"NC","PLNR_2015","PLNR 008","null","2015-04-24","Mid 1","juv tree","6","0.5","2"
"NC","PLNR_2015","PLNR 008","null","2015-04-24","Ground","tussock / annual / herb","35","0.6","2"