"Project","Visit","Site","Data file","Underlaying geology","Distance to closest water (m)","Type of closest water","Landform pattern (300m radius)","Landform element (20m radius)","Soil surface texture","Soil colour","Comments"
"NC","MNP_2011","MNP 001","null","Kellys Knob Sandstone Member - Quartz Sandstone","100","Riverine Seasonal","Escarpment","Scarp/Gully","Clayey Sand","dark pink grey",""
"NC","MNP_2012","MNP 004","null","Kellys Knob Sandstone Member - Quartz Sandstone","500","Spring","Low Hills (30-90M)","Valley Flat","Loamy Sand","",""
"NC","MNP_2012","MNP 006","null","Abney Sandstone Member - Quartz Sandstone","700","Riverine Seasonal","Rises (9-30M)","Footslope","Clayey Sand","red brown",""
"NC","MNP_2011","MNP 007","null","Cecil Sandstone Member - Quartz Sandstone","2000","Riverine Permanent","Low Hills (30-90M)","Terrace Flat","Clayey Sand","pink grey orange",""
"NC","MNP_2011","MNP 009","null","Sand, Soil Cover, Alluvium, Travertine","50","Riverine Seasonal","Sandplain","Riseslope","Clayey Sand","pale grey orange",""
"NC","MNP_2011","MNP 010","null","Kellys Knob Sandstone Member - Quartz Sandstone","300","Riverine Seasonal","Sandplain","Riseslope","Loamy Sand","dark red brown",""
"NC","MNP_2011","MNP 011","null","Sand, Soil Cover, Alluvium, Travertine","2000","Riverine Permanent","Sandplain","Plain","Sandy Loam","dark red brown",""
"NC","PLNR_2011","PLNR 001","null","Pentecost Sandstone - Middle: Blocky Fine To Medium Grained Quartz Sandstone","150","Riverine Seasonal","Low Hills (30-90M)","Hillslope","Clayey Sand","red grey brown",""
"NC","PLNR_2011","PLNR 002","null","Sand, Soil Cover, Alluvium, Travertine","1500","Pond, Marsh, Swamp","Sandplain","Plain","Sandy Loam","dark red brown",""
"NC","PLNR_2011","PLNR 003","null","Black Soil","250","Pond, Marsh, Swamp","Floodplain","Plain","Light Clay","dark brown",""
"NC","PLNR_2013","PLNR 004","null","Black Soil","50","Pond, Marsh, Swamp","Floodplain","Plain","Light Clay","dark brown",""
"NC","PLNR_2013","PLNR 005","null","Antrim Plateau Volcanics - Basalt","1000","Lake, Pool Permanent","Rises (9-30M)","Footslope","Loam","red brown",""
"NC","PLNR_2012","PLNR 006","null","Antrim Plateau Volcanics - Basalt","500","Lake, Pool Permanent","Low Hills (30-90M)","Hillslope","Clay Loam Sandy","orange brown",""
"NC","PLNR_2012","PLNR 007","null","Mendena Formation - Quartz Sandstone With Siltstone","150","Riverine Seasonal","Rises (9-30M)","Riseslope","Loamy Sand","dark brown","loamy sand near chreek"
"NC","PLNR_2013","PLNR 008","null","Sand, Soil Cover, Alluvium, Travertine","250","Riverine Seasonal","Sandplain","Plain","Sandy Loam","grey brown",""
"NC","PNP_2012","PNP 001","null","Olympio Formation, Sandstone","20","Riverine Seasonal","Low Hills (30-90M)","Hillslope/Gully","Loam","",""
"NC","PNP_2012","PNP 002","null","Colluvium And Rubble - Sand, Gravel, Conglomerate And Sedimentary Breccia","450","Riverine Seasonal","Alluvial Plain","Plain","Sandy Clay Loam","",""
"NC","PNP_2012","PNP 003","null","Unconsolidated And Partly Consolidated Sandplain Deposits","1500","Riverine Seasonal","Sandplain","Plain","Clayey Sand","",""
"NC","PNP_2012","PNP 004","null","Unconsolidated And Partly Consolidated Sandplain Deposits","500","Riverine Seasonal","Rises (9-30M)","Riseslope","Clayey Sand","",""
"NC","PNP_2012","PNP 005","null","Antrim Plateau Volcanics","580","Riverine Seasonal","Rises (9-30M)","Footslope","Silty Clay Loam","",""
"NC","PNP_2012","PNP 006","null","Colluvium And Rubble - Sand, Gravel, Conglomerate And Sedimentary Breccia","380","Riverine Seasonal","Rises (9-30M)","Riseslope","Silty Clay Loam","",""
"NC","PNP_2012","PNP 007","null","Headleys Limestone","100","Lake, Pool Permanent","Rises (9-30M)","Footslope","Clayey Sand","",""
"NC","PNP_2012","PNP 008","null","Antrim Plateau Volcanics","800","Riverine Seasonal","Low Hills (30-90M)","Footslope","Silty Clay Loam","",""
"NC","PNP_2012","PNP 009","null","Headleys Limestone","150","Riverine Seasonal","Rises (9-30M)","Footslope","Loam","",""
"NC","PNP_2012","PNP 010","null","Unconsolidated And Partly Consolidated Sandplain Deposits","200","Riverine Seasonal","Rises (9-30M)","Riseslope","Sandy Loam","",""
"NC","PNP_2012","PNP 011","null","Ranford Formation, Sandstone","500","Riverine Seasonal","Rises (9-30M)","Riseslope","Clayey Sand","",""
"NC","PNP_2012","PNP 012","null","Colluvium And Rubble - Sand, Gravel, Conglomerate And Sedimentary Breccia","380","Riverine Seasonal","Rises (9-30M)","Riseslope","Loam","",""