Project,Visit,Site,Date,Species,Species validation status,Species uncertainty,Introduced,Extent of Infestation,Density,Invasiveness
LCI,MP_July 2014,LCI 003,2014-07-10,Passiflora foetida,do not validate,,true,individuals,scattered,yes
LCI,MP_July 2014,LCI 009,2014-07-15,Passiflora foetida,do not validate,,true,individuals,scattered,no
LCI,MP_July 2014,LCI 021,2014-07-14,Passiflora foetida,do not validate,,true,individuals,scattered,
LCI,MP_July 2014,LCI 023 R,2014-07-14,Passiflora foetida,do not validate,,true,individuals,scattered,no
LCI,MP_July 2014,LCI 023 W,2014-07-14,Passiflora foetida,do not validate,,true,individuals,scattered,no
LCI,MP_August 2011,LCI 028,2011-08-12,Stylosanthes scabra,do not validate,,true,individuals,scattered,no
LCI,MP_May 2012,LCI 028,2012-05-16,Stylosanthes scabra,do not validate,,true,individuals,scattered,no
LCI,MP_July 2013,LCI 028,2013-07-04,Stylosanthes scabra,do not validate,,true,individuals,scattered,no
LCI,MP_September 2011,LCI 029,2011-09-23,Stylosanthes scabra,do not validate,,true,100 m2,scattered,no
LCI,MP_July 2012,LCI 029,2012-07-02,Stylosanthes scabra,do not validate,,true,100 m2,scattered,no
LCI,MP_July 2013,LCI 029,2013-07-04,Stylosanthes scabra,do not validate,,true,100 m2,scattered,no
LCI,MP_July 2014,LCI 047 R,2014-07-12,Passiflora foetida,do not validate,,true,individuals,scattered,
LCI,MP_July 2014,LCI 047 W,2014-07-12,Passiflora foetida,do not validate,,true,individuals,scattered,
LCI,KLRCR_2011,LCI 201,2011-06-25,Hyptis suaveolens,do not validate,,true,patches of 50 m sq,dense in patches,yes
LCI,KLRCR_2012,LCI 201,2012-06-17,Hyptis suaveolens,do not validate,,true,patches of 50 m sq,dense in patches,yes
LCI,KLRCR_2013,LCI 201,2013-06-20,Hyptis suaveolens,do not validate,,true,patches of 100 m sq,dense in patches,yes
LCI,KLRCR_2014,LCI 201,2014-05-15,Hyptis suaveolens,do not validate,,true,individuals,scattered,uncertain
LCI,KLRCR_2014,LCI 201,2014-05-15,Passiflora foetida,do not validate,,true,individuals,scattered,uncertain
LCI,KLRCR_2011,LCI 204,2011-06-25,Hyptis suaveolens,do not validate,,true,individuals,scattered,uncertain
LCI,KLRCR_2014,LCI 204,2014-05-14,Hyptis suaveolens,do not validate,,true,3 m2,scattered,uncertain
LCI,KLRCR_2014,LCI 204,2014-05-14,Themeda quadrivalvis,do not validate,,true,10 m2,scattered,uncertain
LCI,KLRCR_2014,LCI 204,2014-05-14,Passiflora foetida,do not validate,,true,individuals,scattered,uncertain
LCI,KLRCR_2014,LCI 204,2014-05-14,Stylosanthes sp,do not validate,,true,individuals,scattered,uncertain
LCI,KLRCR_2014,LCI 206,2014-05-16,Passiflora foetida,do not validate,,true,individuals,scattered,uncertain
LCI,KLRCR_2013,LCI 208,2013-06-16,Hyptis suaveolens,do not validate,,true,individuals,scattered,uncertain
LCI,KLRCR_2011,LCI 209,2011-06-27,Hyptis suaveolens,do not validate,,true,individuals,scattered,uncertain
LCI,KLRCR_2012,LCI 209,2012-06-16,Hyptis suaveolens,do not validate,,true,individuals,scattered,uncertain
LCI,KLRCR_2013,LCI 209,2013-06-15,Hyptis suaveolens,do not validate,,true,individuals,scattered,uncertain
LCI,KLRCR_2012,LCI 213,2012-06-18,Hyptis suaveolens,do not validate,,true,5 m2,scattered,yes
LCI,KLRCR_2013,LCI 213,2013-06-19,Hyptis suaveolens,do not validate,,true,20 m2,scattered,yes
LCI,KLRCR_2014,LCI 213,2014-05-15,Passiflora foetida,do not validate,,true,individuals,scattered,uncertain
LCI,KLRCR_2014,LCI 213,2014-05-15,Hyptis suaveolens,do not validate,,true,individuals,scattered,uncertain
LCI,PRNP_2014,LCI 308,2014-06-16,Passiflora foetida,do not validate,,true,individuals,scattered,no
LCI,PRNP_2012,LCI 311,2012-08-08,Passiflora foetida,do not validate,,true,20 m2,scattered,yes
LCI,PRNP_2012,LCI 313 R,2012-08-08,Passiflora foetida,do not validate,,true,individuals,scattered,no
LCI,PRNP_2014,LCI 313 R,2014-06-07,Passiflora foetida,do not validate,,true,individuals,scattered,no
LCI,PRNP_2012,LCI 313 W,2012-08-08,Passiflora foetida,do not validate,,true,individuals,scattered,no
LCI,PRNP_2014,LCI 313 W,2014-06-07,Passiflora foetida,do not validate,,true,individuals,scattered,no
LCI,PRNP_2012,LCI 314 R,2012-08-09,Passiflora foetida,do not validate,,true,patches of 100 m sq,common,yes
LCI,PRNP_2014,LCI 314 R,2014-07-08,Passiflora foetida,do not validate,,true,individuals,scattered,
LCI,PRNP_2012,LCI 314 W,2012-08-09,Passiflora foetida,do not validate,,true,patches of 100 m sq,common,yes
LCI,PRNP_2014,LCI 314 W,2014-07-08,Passiflora foetida,do not validate,,true,individuals,scattered,
LCI,PRNP_2012,LCI 315,2012-08-09,Passiflora foetida,do not validate,,true,individuals,scattered,no
LCI,PRNP_2012,LCI 316,2012-08-08,Passiflora foetida,do not validate,,true,individuals,scattered,no
LCI,PRNP_2012,LCI 317 R,2012-08-08,Passiflora foetida,do not validate,,true,100 m2,common,uncertain
LCI,PRNP_2014,LCI 317 R,2014-06-08,Passiflora foetida,do not validate,,true,individuals,scattered,no
LCI,PRNP_2012,LCI 317 W,2012-08-08,Passiflora foetida,do not validate,,true,100 m2,common,uncertain
LCI,PRNP_2014,LCI 317 W,2014-06-08,Passiflora foetida,do not validate,,true,individuals,scattered,no
LCI,PRNP_2012,LCI 318,2012-08-10,Passiflora foetida,do not validate,,true,individuals,scattered,no
LCI,PRNP_2012,LCI 319,2012-08-09,Passiflora foetida,do not validate,,true,individuals,scattered,no
LCI,PRNP_2014,LCI 319,2014-06-07,Passiflora foetida,do not validate,,true,2 m2,scattered,uncertain
LCI,Mt Elizabeth_2013,LCI 401,2013-09-28,Stylosanthes scabra,do not validate,,true,widespread,common,no
LCI,Mt Elizabeth_2013,LCI 403,2013-09-28,Stylosanthes scabra,do not validate,,true,10 m2,scattered,no
LCI,Mt Elizabeth_2013,LCI 405,2013-09-28,Stylosanthes scabra,do not validate,,true,100 m2,common,no
LCI,Mt Elizabeth_2013,LCI 411,2013-09-28,Stylosanthes scabra,do not validate,,true,individuals,scattered,no
LCI,Mt Elizabeth_2013,LCI 412,2013-09-28,Stylosanthes scabra,do not validate,,true,1 m2,common,no
LCI,Mt Elizabeth_2013,LCI 413,2013-09-29,Hyptis suaveolens,do not validate,,true,10 m2,scattered,no
LCI,Bachsten_2013,LCI 512,2013-09-23,Hyptis suaveolens,do not validate,,true,20 m2,scattered,yes
LCI,DRNP_2013,LCI 601,2013-08-18,Hibiscus sabdariffa,do not validate,,true,1 m2,scattered,no
LCI,DRNP_2013,LCI 602,2013-08-18,Hibiscus sabdariffa,do not validate,,true,10 m2,scattered,no
LCI,DRNP_2013,LCI 605,2013-08-19,Hibiscus sabdariffa,do not validate,,true,individuals,scattered,no
LCI,KLRCR_2015,LCI 201,2015-05-11,Hyptis suaveolens,do not validate,,true,100 m2,common,yes
LCI,KLRCR_2015,LCI 204,2015-05-10,Themeda quadrivalvis,do not validate,,true,all burnt,all burnt,no
LCI,KLRCR_2015,LCI 213,2015-05-10,Hyptis suaveolens,do not validate,,true,15 m2,scattered,no
LCI,DRNP_2015,LCI 608 W,2015-07-23,Bidens pilosa,do not validate,,true,individuals,scattered,no
LCI,PRNP_2015,LCI 315,2015-08-17,Passiflora foetida,do not validate,,true,3 m2,scattered,no
LCI,PRNP_2015,LCI 311,2015-08-18,Passiflora foetida,do not validate,,true,4 m2,scattered,no
LCI,PRNP_2015,LCI 319,2015-08-17,Passiflora foetida,do not validate,,true,8 m2,scattered,no
LCI,PRNP_2015,LCI 316,2015-08-20,Passiflora foetida,do not validate,,true,individuals,scattered,no
LCI,Mt Elizabeth_2015,LCI 401,2015-10-08,Stylosanthes scabra,do not validate,,true,100 m2,scattered,no
LCI,Mt Elizabeth_2015,LCI 403,2015-10-08,Stylosanthes scabra,do not validate,,true,375 m2,common,yes
LCI,Mt Elizabeth_2015,LCI 405,2015-10-08,Stylosanthes scabra,do not validate,,true,800 m2,common,yes
LCI,Mt Elizabeth_2015,LCI 410,2015-10-09,Stylosanthes scabra,do not validate,,true,individuals,scattered,no
LCI,Mt Elizabeth_2015,LCI 411,2015-10-11,Stylosanthes scabra,do not validate,,true,individuals,scattered,no
LCI,Mt Elizabeth_2015,LCI 412,2015-10-11,Stylosanthes scabra,do not validate,,true,700 m2,common,yes
LCI,Mt Elizabeth_2015,LCI 413,2015-10-10,Hyptis suaveolens,do not validate,,true,300 m2,dense in patches,yes
LCI,DRNP_2015,LCI 605,2015-07-24,Hibiscus sabdariffa,do not validate,,true,individuals,common,uncertain
LCI,DRNP_2015,LCI 602,2015-07-25,Hyptis suaveolens,do not validate,,true,individuals,scattered,no
LCI,DRNP_2015,LCI 602,2015-07-25,Hibiscus sabdariffa,do not validate,,true,10 m2,common,no
LCI,DRNP_2015,LCI 602,2015-07-25,Sida caudifolia,do not validate,,true,individuals,scattered,no
LCI,DRNP_2015,LCI 601,2015-07-25,Hibiscus sabdariffa,do not validate,,true,individuals,common,yes
LCI,DRNP_2015,LCI 601,2015-07-25,Hyptis suaveolens,do not validate,,true,20 m2,common,yes
LCI,Bachsten_2015,LCI 501,2015-06-20,Hyptis suaveolens,do not validate,,true,20 m2,scattered,no
LCI,Bachsten_2015,LCI 512,2015-06-20,Hyptis suaveolens,do not validate,,true,20 m2,dense in patches,yes
