{
    "name": "lci",
    "resources": [
        {
            "url": "",
            "schema": {
  "fields": [
    {
      "description": "", 
      "format": "default", 
      "type": "string", 
      "name": "Project", 
      "title": ""
    }, 
    {
      "description": "", 
      "format": "default", 
      "type": "string", 
      "name": "Visit", 
      "title": ""
    }, 
    {
      "description": "", 
      "format": "default", 
      "type": "string", 
      "name": "Site", 
      "title": ""
    }, 
    {
      "description": "", 
      "format": "default", 
      "type": "date", 
      "name": "Date", 
      "title": ""
    }, 
    {
      "description": "", 
      "format": "default", 
      "type": "string", 
      "name": "Species", 
      "title": ""
    }, 
    {
      "description": "", 
      "format": "default", 
      "type": "string", 
      "name": "Species validation status", 
      "title": ""
    }, 
    {
      "description": "", 
      "format": "default", 
      "type": "string", 
      "name": "Species uncertainty", 
      "title": ""
    }, 
    {
      "description": "", 
      "format": "default", 
      "type": "boolean", 
      "name": "Introduced", 
      "title": ""
    }, 
    {
      "description": "", 
      "format": "default", 
      "type": "string", 
      "name": "Extent of Infestation", 
      "title": ""
    }, 
    {
      "description": "", 
      "format": "default", 
      "type": "string", 
      "name": "Density", 
      "title": ""
    }, 
    {
      "description": "", 
      "format": "default", 
      "type": "string", 
      "name": "Invasiveness", 
      "title": ""

}
                ],
                "foreignKeys": [
                    {
                        "fields": [
                            "Site"
                        ],
                        "reference": {
                            "fields": [
                                "site_code"
                            ],
                            "datapackage": "https://biosys.dpaw.wa.gov.au/api/v1/",
                            "resource": "Site"
                        }
                    }
                ]
            },
            "name": "lci-plant-observations",
            "title": "Landscape Conservation Initiative - Plant Observations"
        }
    ],
    "title": "Landscape Conservation Initiative"
}
