{
    "name": "lci",
    "resources": [
        {
            "url": "",
            "schema": {
  "fields": [
    {
      "description": "", 
      "format": "default", 
      "type": "string", 
      "name": "Project", 
      "title": ""
    }, 
    {
      "description": "", 
      "format": "default", 
      "type": "string", 
      "name": "Site code", 
      "title": ""
    }, 
    {
      "description": "", 
      "format": "default", 
      "type": "string", 
      "name": "Visit name", 
      "title": ""
    }, 
    {
      "description": "", 
      "format": "default", 
      "type": "date", 
      "name": "Visit start", 
      "title": ""
    }, 
    {
      "description": "", 
      "format": "default", 
      "type": "date", 
      "name": "Visit end", 
      "title": ""
    }, 
    {
      "description": "", 
      "format": "default", 
      "type": "integer", 
      "name": "Site visit ID", 
      "title": ""

}
                ],
                "foreignKeys": [
                    {
                        "fields": [
                            "Site code"
                        ],
                        "reference": {
                            "fields": [
                                "site_code"
                            ],
                            "datapackage": "https://biosys.dpaw.wa.gov.au/api/v1/",
                            "resource": "Site"
                        }
                    }
                ]
            },
            "name": "lci-site_visits",
            "title": "Landscape Conservation Initiative - Site Visits"
        }
    ],
    "title": "Landscape Conservation Initiative"
}
