Project,Visit,Site,Underlaying geology,Distance to closest water (m),Type of closest water,Landform pattern (300m radius),Landform element (20m radius),Soil surface texture,Soil colour,Comments
LCI,MP_July 2011,LCI 001,King Leopold Sandstone,1300,Riverine Permanent,Plateau,Levee,Sandy Loam,pale yellow grey,
LCI,MP_July 2011,LCI 002,King Leopold Sandstone,800,Riverine Permanent,Low Hills (30-90 M),Hillslope,Clayey Sand,pale yellow grey,
LCI,MP_July 2011,LCI 003,Carson Volcanics,0,Riverine Permanent,Alluvial Plain,Plain,Medium Clay,dark orange brown,
LCI,MP_July 2011,LCI 004,Carson Volcanics,500,Riverine Seasonal,Plain,Footslope,Clay Loam Sandy,pale yellow brown,
LCI,MP_July 2011,LCI 005,"Bauxite, Aluminious Laterite",500,Riverine Seasonal,Hills,"Levee, Hillslope",Loam,dark red brown,
LCI,MP_July 2011,LCI 007,"Bauxite, Aluminious Laterite",400,Riverine Seasonal,Plateau,Break Away,Sandy Loam,orange brown,
LCI,MP_July 2011,LCI 008 R,"Bauxite, Aluminious Laterite",300,Riverine Permanent,Plateau,Break Away,Clay Loam,red,
LCI,MP_July 2011,LCI 008 W,"Bauxite, Aluminious Laterite",300,Riverine Permanent,Plateau,Break Away,Clay Loam,red,
LCI,MP_July 2011,LCI 009,Carson Volcanics,1100,Riverine Permanent,Low Hills (30-90M),Footslope,Loam,dark  brown,
LCI,MP_July 2011,LCI 010,Carson Volcanics,0,Riverine Permanent,Alluvial Plain,Plain,Medium Clay,dark  brown,
LCI,MP_August 2011,LCI 011,King Leopold Sandstone,200,Riverine Permanent,Plain,Terrace Flat,Loamy Sand,red brown grey,
LCI,MP_August 2011,LCI 012,King Leopold Sandstone,200,Riverine Permanent,Plateau,Levee,Loamy Sand,dark grey brown,
LCI,MP_August 2011,LCI 013,Carson Volcanics,700,Riverine Seasonal,Rises (9-30M),Riseslope,Light Clay,orange brown,lots of gravel and rock
LCI,MP_August 2011,LCI 014,"Bauxite, Aluminious Laterite",500,Riverine Seasonal,Plateau,Summit Surface,Loam,red orange brown,
LCI,MP_August 2011,LCI 015 R,"Bauxite, Aluminious Laterite",700,Riverine Seasonal,Plateau,Break Away,Loam,dark  brown,
LCI,MP_August 2011,LCI 015 W,"Bauxite, Aluminious Laterite",700,Riverine Seasonal,Plateau,Break Away,Loam,dark  brown,
LCI,MP_August 2011,LCI 016,Carson Volcanics,0,Riverine Permanent,Alluvial Plain,Valley Flat,Sandy Clay Loam,dark red brown,
LCI,MP_August 2011,LCI 017,King Leopold Sandstone,100,Riverine Permanent,Rises (9-30M),Residual Rise,Clayey Sand,pale brown grey,
LCI,MP_August 2011,LCI 018,King Leopold Sandstone,50,Riverine Permanent,Escarpment,Scree,Loamy Sand,pale yellow grey,
LCI,MP_August 2011,LCI 019,"Bauxite, Aluminious Laterite",800,Riverine Permanent,Plateau,Hillcrest,Loam,dark red brown,
LCI,MP_August 2011,LCI 020,King Leopold Sandstone,500,Riverine Permanent,Low Hills (30-90M),Hillslope,Sandy Loam,dark brown grey,
LCI,MP_August 2011,LCI 021,King Leopold Sandstone,50,Riverine Permanent,Low Hills (30-90M),Hillslope,Loamy Sand,pale yellow grey,
LCI,MP_August 2011,LCI 022,Carson Volcanics,700,Riverine Permanent,Rises (9-30M),Riseslope,Clay Loam,pale brown grey,
LCI,MP_August 2011,LCI 023 R,"Bauxite, Aluminious Laterite",1300,Riverine Permanent,Plateau,Break Away,Loam,dark red brown,
LCI,MP_August 2011,LCI 023 W,"Bauxite, Aluminious Laterite",1300,Riverine Permanent,Plateau,Break Away,Loam,dark red brown,
LCI,MP_August 2011,LCI 024,Carson Volcanics,0,Riverine Permanent,Alluvial Plain,Plain,Light Clay,red brown,
LCI,MP_August 2011,LCI 025,"Bauxite, Aluminious Laterite",1300,Riverine Seasonal,Plateau,Plain,Sandy Loam,pale yellow grey,
LCI,MP_August 2011,LCI 026,"Bauxite, Aluminious Laterite",800,Riverine Seasonal,Plateau,Riseslope,Loam,yellow brown,very gravelly
LCI,MP_August 2011,LCI 027,Carson Volcanics,150,Riverine Permanent,Alluvial Plain,Plain,Medium Clay,brown grey,
LCI,MP_August 2011,LCI 028,Carson Volcanics,0,Riverine Permanent,Alluvial Plain,Plain,Medium Clay,dark brown,
LCI,MP_August 2011,LCI 029,Colluvium And Alluvium - Partly Consolidated,0,Riverine Permanent,Alluvial Plain,Plain,Sandy Clay Loam,grey yellow brown,
LCI,MP_August 2011,LCI 031,Carson Volcanics,0,Riverine Permanent,Plateau,Riseslope,Loam,orange brown,lots of gravel
LCI,MP_August 2011,LCI 032,Carson Volcanics,500,Riverine Seasonal,Rises (9-30M),Riseslope,Sandy Clay Loam,pale orange brown,
LCI,MP_August 2011,LCI 033,"Bauxite, Aluminious Laterite",1000,Riverine Seasonal,Plateau,Plain,Sandy Loam,pale yellow grey,
LCI,MP_August 2011,LCI 034,King Leopold Sandstone,700,Riverine Seasonal,Rises (9-30M),Riseslope,Sandy Loam,pale orange brown,
LCI,MP_August 2011,LCI 035,King Leopold Sandstone,400,Riverine Permanent,Rises (9-30M),Scree,Loamy Sand,dark red brown,
LCI,MP_September 2011,LCI 038,"Bauxite, Aluminious Laterite",0,Wetland,Plain,Swamp,Clay Loam,dark grey brown,
LCI,MP_July 2012,LCI 039 R,"Bauxite, Aluminious Laterite",50,Riverine Seasonal,Plateau,Break Away,Loam,dark red brown,
LCI,MP_July 2012,LCI 039 W,"Bauxite, Aluminious Laterite",50,Riverine Seasonal,Plateau,Break Away,Loam,dark red brown,
LCI,MP_July 2012,LCI 041,"Bauxite, Aluminious Laterite",,null,Plateau,Summit Surface,Loam,dark red orange,
LCI,MP_July 2012,LCI 043,"Bauxite, Aluminious Laterite",,null,Plateau,Summit Surface,Loam,dark red orange,
LCI,MP_July 2012,LCI 044,"Bauxite, Aluminious Laterite",,null,Plateau,Summit Surface,Loam,dark red,
LCI,MP_July 2012,LCI 046,Carson Volcanics,150,Riverine Seasonal,Rises (9-30M),Riseslope,Silty Loam,grey brown,
LCI,MP_September 2013,LCI 047 R,"Bauxite, Aluminious Laterite",500,Riverine Permanent,Plateau,Break Away,Loam,pink orange brown,
LCI,MP_September 2013,LCI 047 W,"Bauxite, Aluminious Laterite",500,Riverine Permanent,Plateau,Break Away,Loam,pink orange brown,
LCI,MP_August 2013,LCI 050,King Leopold Sandstone,50,Riverine Seasonal,Gorge,Scree,Sandy Loam,pale grey brown,
LCI,MP_July 2012,LCI 051,King Leopold Sandstone,100,Riverine Seasonal,Rises (9-30M),Riseslope,Sandy Loam,pale orange brown,
LCI,MP_July 2012,LCI 052,"Bauxite, Aluminious Laterite",700,Riverine Seasonal,Plateau,Plain,Sandy Loam,red brown,
LCI,MP_July 2012,LCI 053,Carson Volcanics,,null,Rises (9-30M),Footslope,Silty Loam,grey brown,
LCI,MP_July 2012,LCI 054,King Leopold Sandstone,,null,Low Hills (30-90M),Hillslope,Sandy Loam,orange grey,
LCI,MP_July 2012,LCI 055,King Leopold Sandstone,,null,Low Hills (30-90M),Footslope,Clayey Sand,orange brown,
LCI,MP_July 2012,LCI 056,Carson Volcanics,0,Riverine Permanent,Alluvial Plain,Plain,Clay,dark brown,
LCI,KLRCR_2011,LCI 201,King Leopold Sandstone -,10,Riverine Permanent,Low Hills (30-90M),Valley Flat,Loamy Sand,grey brown,
LCI,KLRCR_2011,LCI 202,King Leopold Sandstone / Colluvium And Alluvium,1400,Riverine Permanent,Low Hills (30-90M),Footslope,Loamy Sand,yellow brown grey,
LCI,KLRCR_2011,LCI 203,King Leopold Sandstone -,50,Riverine Seasonal,Low Hills (30-90M),Hillslope,Clayey Sand,brown,
LCI,KLRCR_2011,LCI 204,Colluvium And Alluvium - Partly Consolidated,20,Riverine Permanent,Alluvial Plain,Plain,Light Medium Clay,dark brown,
LCI,KLRCR_2011,LCI 205,Hart Dolerite - Dark Grey Dolerite / Colluvium And Alluvium,1300,Riverine Seasonal,Low Hills (30-90M),Riseslope,Clayey Sand,orange grey,
LCI,KLRCR_2011,LCI 206,Hart Dolerite - Dark Grey Dolerite,600,Riverine Seasonal,Hills (90-300M),Hillslope,Clay Loam,dark orange grey,
LCI,KLRCR_2011,LCI 207,Hart Dolerite - Dark Grey Dolerite / Colluvium And Alluvium,100,Riverine Seasonal,Low Hills (30-90M),Riseslope,Light Clay,red brown,
LCI,KLRCR_2011,LCI 208,"Undifferentiated Quartz Sandstone, Feldspathic Sandstone",0,Riverine Seasonal,Low Hills (30-90M),Valley Flat,Sandy Loam,dark red brown,
LCI,KLRCR_2011,LCI 209,Hart Dolerite - Dark Grey Dolerite / Colluvium And Alluvium,0,Riverine Permanent,Alluvial Plain,Valley Flat,Clayey Sand,orange grey,
LCI,KLRCR_2011,LCI 210,Hart Dolerite - Dark Grey Dolerite,200,Riverine Permanent,Low Hills (30-90M),Hillslope,Loam,dark brown,
LCI,KLRCR_2011,LCI 211,"Undifferentiated Quartz Sandstone, Feldspathic Sandstone",400,Riverine Permanent,Low Hills (30-90M),Riseslope,Clayey Sand,pink grey,
LCI,KLRCR_2011,LCI 212,"Undifferentiated Quartz Sandstone, Feldspathic Sandstone",400,Riverine Permanent,Low Hills (30-90M),Hillslope,Clayey Sand,pink grey,
LCI,KLRCR_2012,LCI 213,Colluvium And Alluvium - Partly Consolidated,0,Riverine Permanent,Alluvial Plain,Plain,Light Clay,,
LCI,KLRCR_2012,LCI 214,King Leopold Sandstone -,1500,Riverine Permanent,Low Hills (30-90M),Hillslope,Sandy Loam,,
LCI,PRNP_2012,LCI 301,King Leopold Sandstone,0,Riverine Seasonal,Hills (90-300M),Valley Flat,Clayey Sand,grey,
LCI,PRNP_2012,LCI 302,King Leopold Sandstone,150,Riverine Seasonal,Hills (90-300M),Hillslope (Hsl),Sandy Loam,orange grey,
LCI,PRNP_2012,LCI 303,King Leopold Sandstone,100,Riverine Seasonal,Escarpment,Summit Surface,Loamy Sand,grey,
LCI,PRNP_2012,LCI 304,King Leopold Sandstone,150,Riverine Seasonal,Hills (90-300M),Hillslope (Hsl),Sandy Loam,grey,
LCI,PRNP_2012,LCI 305 R,King Leopold Sandstone,150,Riverine Seasonal,Hills (90-300M),Hillslope (Hsl),Sandy Loam,brown grey,
LCI,PRNP_2012,LCI 305 W,King Leopold Sandstone,150,Riverine Seasonal,Hills (90-300M),Hillslope (Hsl),Sandy Loam,brown grey,
LCI,PRNP_2012,LCI 306,King Leopold Sandstone,200,Riverine Seasonal,Hills (90-300M),Scarp,Loamy Sand,yellow grey,
LCI,PRNP_2012,LCI 307,King Leopold Sandstone,80,Riverine Seasonal,Hills (90-300M),Hillslope (Hsl),Loamy Sand,grey,
LCI,PRNP_2012,LCI 308,King Leopold Sandstone,0,Riverine Seasonal,Hills (90-300M),Valley Flat,Sandy Loam,grey,
LCI,PRNP_2012,LCI 311,Carson Volcanics,250,"Lake, Pool Seasonal",Hills (90-300M),Hillslope (Hsl),Loam,red brown,
LCI,PRNP_2012,LCI 313 R,Carson Volcanics,150,"Lake, Pool Seasonal",Hills (90-300M),Hillslope (Hsl),Loam,brown,
LCI,PRNP_2012,LCI 313 W,Carson Volcanics,150,"Lake, Pool Seasonal",Hills (90-300M),Hillslope (Hsl),Loam,brown,
LCI,PRNP_2012,LCI 314 R,Carson Volcanics,350,"Lake, Pool Seasonal",Hills (90-300M),Hillslope (Hsl),Loam,red brown,
LCI,PRNP_2012,LCI 314 W,Carson Volcanics,350,"Lake, Pool Seasonal",Hills (90-300M),Hillslope (Hsl),Loam,red brown,
LCI,PRNP_2012,LCI 315,Carson Volcanics,,"Lake, Pool Seasonal",Hills (90-300M),Footslope,Loam,red brown,
LCI,PRNP_2012,LCI 316,Carson Volcanics,100,"Lake, Pool Seasonal",Hills (90-300M),Hillslope (Hsl),Loam,red brown,
LCI,PRNP_2012,LCI 317 R,Carson Volcanics,50,"Lake, Pool Seasonal",Hills (90-300M),Hillslope (Hsl),Loam,brown,
LCI,PRNP_2012,LCI 317 W,Carson Volcanics,50,"Lake, Pool Seasonal",Hills (90-300M),Hillslope (Hsl),Loam,brown,
LCI,PRNP_2012,LCI 318,Carson Volcanics,300,"Lake, Pool Seasonal",Hills (90-300M),Hillslope (Hsl),Loam,red grey brown,
LCI,PRNP_2012,LCI 319,Carson Volcanics,600,"Lake, Pool Seasonal",Hills (90-300M),Hillslope (Hsl),Loam,red brown,
LCI,Mt Elizabeth_2013,LCI 401,Sandstone,300,Riverine Seasonal,Hills,Summit Surface,Sandy Loam,pale pink,Callitris patch on apparently deep sand
LCI,Mt Elizabeth_2013,LCI 403,Carson Volcanics,500,Riverine Seasonal,Alluvial Plain,Valley Flat,Sand,dark red,Callitris in E. tectifica woodland on loam - quite different from sand of LCI 401
LCI,Mt Elizabeth_2013,LCI 405,Carson Volcanics,500,Riverine Seasonal,Plain,Plain,Sandy Loam,dark red,Callitris stand in Eucalyptus tectifica woodland matrix
LCI,Mt Elizabeth_2013,LCI 406,Sandstone,3000,Riverine Seasonal,Plain,Plain,Sandy Loam,pale yellow,Eucalyptus /E. terodonta woodland with Grevillea pteridifolia understorey suggesting seepage
LCI,Mt Elizabeth_2013,LCI 410,Sandstone,,Riverine Seasonal,Plain,Plain,Loamy Sand,pale yellow,Eucalyptus miniata with E. tetrodonta and Corymbia nesophylla in places. Just like Mitchell Plateau woodland/forest. Looks old growth form due to low impact fire regime. May be good area to look for arboreal tree hollow using species
LCI,Mt Elizabeth_2013,LCI 411,Carson Volcanics,,Riverine Seasonal,Plain,Plain,Loamy Sand,dark red,Typical ironbark woodland
LCI,Mt Elizabeth_2013,LCI 412,Carson Volcanics,,Riverine Seasonal,Plain,Plain,Light Medium Clay,dark red,Confluence between Eucalyptus tectifica and E. jensenii (ironbark) woodland. Site reasonably heavily grazed with low grass layer (<0.3 m).
LCI,Mt Elizabeth_2013,LCI 413,Sandstone,50,Riverine Seasonal,Plain,Plain,Loam,dark grey,"Rocky, bouldery sandstone adjacent to permanent poll on river. Perfect habitat for quolls, rock rats, etc."
LCI,Bachsten_2013,LCI 501,Sandstone,100,Riverine Permanent,Low Hills,Footslope,Loamy Sand,pale orange grey,"Footslope under low rocky ""escarpment"". Eucalyptus miniata woodland below, with Sorghum and perennial grass understroey and reasonable shrub layer, with open Triodia hummock grass immediately above escarpment. Pandanus spirilis might indicate seapage. Extensive savanna open woodland on plateau past hummock grassland"
LCI,Bachsten_2013,LCI 502,Sandstone,100,Riverine Permanent,Low Hills,Footslope,Clayey Sand,pale orange grey,slope from E. miniata and Melaleuca flat up into rocky hillside. Recently burnt
LCI,Bachsten_2013,LCI 504,Sandstone,150,Riverine Permanent,Low Hills,Hillslope,Clayey Sand,pale yellow grey,slope from E. tetrodonta woodland at base of slope up into rocky scree with shrubs. This site adjacent to riparian rver flat site LCI 512
LCI,Bachsten_2013,LCI 505,Sandstone,200,Riverine Permanent,Low Hills,Riseslope,Loamy Sand,pale orange brown,Open woodland at the base and on the side of low rocky hills
LCI,Bachsten_2013,LCI 506,Sandstone,100,Seasonal Marsh,Low Hills,Riseslope,Loamy Sand,pale brown grey,Valley flat and a series of low rocky terraces with varying degrees of woodland
LCI,Bachsten_2013,LCI 507,Sandstone,250,Seasonal Marsh,Low Hills,Footslope,Clayey Sand,pale orange grey,Typical scree sandstone with minimal eucalypt canopy
LCI,Bachsten_2013,LCI 511,Sandstone,50,Seasonal Marsh,Low Hills,Hillslope,Clayey Sand,dark grey,"Very tall riparian grass under sparse tree canopy, seasonally flooded, no obvious creekline"
LCI,Bachsten_2013,LCI 512,Sandstone,75,Riverine Permanent,Floodplain,Valley Flat,Loamy Sand,dark grey,Tall grass with sparse but high basal area canopy of large eucalypts and Melaleuca by permanent pools of creek
LCI,DRNP_2013,LCI 601,Carson Volcanics,80,Riverine Seasonal,Plain,Valley Flat,Loam,pale orange grey,"creek flat, large area adjoining Carson River alluvial p[lain. Open, flat veg, very sparse tree cover. Shrubs almost non-existant."
LCI,DRNP_2013,LCI 602,Carson Volcanics,60,Riverine Seasonal,Alluvial Plain,Valley Flat,Sandy Loam,pale orange brown,"Riparian Flat on volcanic landscape. Sandy soil surface due to Carson escarpment runnoff/erosion, but vegetation is typical CarsonVolcanics."
LCI,DRNP_2013,LCI 603,Carson Volcanics,130,Riverine Seasonal,Alluvial Plain,Valley Flat,Loamy Sand,pale yellow grey,carson volcanic landscape with thin layer of sandy soil on surface allowing spinifex and Sorghum to dominate grass layer
LCI,DRNP_2013,LCI 604,Warton Sandstone,350,Riverine Seasonal,Rises,Footslope,Sandy Loam,dark grey,"Sandstone hillside, base of scree slope under Carson Escarpment. Rock boulders but not as at Mitchell. Grass layer made up of Sorghum instead of Triodia"
LCI,DRNP_2013,LCI 605,Sand Substrate Over Carson Volcanics,50,Riverine Seasonal,Rises,Hillslope,Loamy Sand,grey,sandy floodout adjoining sandstone woodland dominated by Eucalyptus miniata
LCI,DRNP_2013,LCI 606,Carson Volcanics,550,Riverine Seasonal,Alluvial Plain,Terrace Flat,Clayey Sand,pale orange grey,"volcanic vegetation but with some sandy topsoil, spinifex, Callitris and sandstone rocks from escarpmenmt. Dom. Overstorey veg is CV"
LCI,DRNP_2013,LCI 607,Warton Sandstone,250,Riverine Seasonal,Rises,Riseslope,Sandy Loam,dark grey,"sandy soil overlying Carson Volcanics. Boulders but not like the Mitchell. Some crevices, but not huge numbers. Vegetation more akin to volcanics, with annual Sorghum being the onlyspecies more related to sandy soils. Steep slope abour 30 degrees"
LCI,DRNP_2013,LCI 608 R,Warton Sandstone,50,Riverine Seasonal,Escarpment,Hillslope,Clayey Sand,dark grey,"vine thicket and rainforest on scree slope adjacent to Orchid Creek in Glider Gorge. Sandstone substrate, large boulders. Protected from fire by rockiness of gorge"
LCI,DRNP_2013,LCI 608 W,Warton Sandstone,50,Riverine Seasonal,Escarpment,Hillslope,Clayey Sand,dark grey,"vine thicket and rainforest on scree slope adjacent to Orchid Creek in Glider Gorge. Sandstone substrate, large boulders. Protected from fire by rockiness of gorge"
LCI,DRNP_2015,LCI 611,Warton Sandstone,300,Pool Permanent,Plateau,Scarp/Gully,Sand,grey,
LCI,DRNP_2015,LCI 612,Warton Sandstone,250,Pool Permanent,Plateau,Footslope,Sand,grey,
LCI,DRNP_2015,LCI 614,Warton Sandstone,80,Pool Permanent,Plateau,Scarp,Sand,red,
LCI,DRNP_2015,LCI 615,Warton Sandstone,30,Pool Permanent,Escarpment,Levee/Hillslope,Sand,pale yellow grey,
LCI,DRNP_2015,LCI 616,Warton Sandstone,200,Pool Permanent,Escarpment,Hillslope,Sand,"light yellow, dark grey, dark brown",
LCI,DRNP_2015,LCI 617,Warton Sandstone,400,Pool Permanent,Plateau,Levee,Sand,red,
