Project,Visit,Site,Date,Stratum,Growth Form,% Cover (Crown Cover),Average Height (m),Maximum Height (m)
LCI,MP_July 2011,LCI 001,2011-07-24,Upper,tree,20,12,14
LCI,MP_July 2011,LCI 001,2011-07-24,Mid 1,shrub,5,0.4,3
LCI,MP_July 2011,LCI 001,2011-07-24,Ground,hummock,5,0.2,0.2
LCI,MP_July 2012,LCI 001,2012-07-09,Upper,tree,24,9,11
LCI,MP_July 2012,LCI 001,2012-07-09,Mid 1,shrub,5,2,3
LCI,MP_July 2012,LCI 001,2012-07-09,Ground,hummock / annual,2,0.2,0.4
LCI,MP_July 2013,LCI 001,2013-07-05,Upper,tree,27,12,11
LCI,MP_July 2013,LCI 001,2013-07-05,Mid 1,shrub,14,1.5,3
LCI,MP_July 2013,LCI 001,2013-07-05,Ground,hummock / annual,60,0.5,0.7
LCI,MP_July 2014,LCI 001,2014-07-10,Upper,tree,20,12,14
LCI,MP_July 2014,LCI 001,2014-07-10,Mid 1,shrub,8,4,6
LCI,MP_July 2014,LCI 001,2014-07-10,Ground,hummock / annual,56,0.5,1
LCI,MP_July 2011,LCI 002,2011-07-29,Upper,tree,7,6,8
LCI,MP_July 2011,LCI 002,2011-07-29,Mid 1,shrub,5,2,4
LCI,MP_July 2011,LCI 002,2011-07-29,Mid 2,subshrub,0,1,3
LCI,MP_July 2011,LCI 002,2011-07-29,Ground,hummock / herb,7,0.7,1
LCI,MP_July 2013,LCI 002,2013-07-07,Upper,tree,8,6,8
LCI,MP_July 2013,LCI 002,2013-07-07,Mid 1,shrub,3,2,4
LCI,MP_July 2013,LCI 002,2013-07-07,Mid 2,subshrub,1,1,2
LCI,MP_July 2013,LCI 002,2013-07-07,Ground,hummock,15,0.6,1
LCI,MP_July 2014,LCI 002,2014-07-10,Upper,tree,11,8,10
LCI,MP_July 2014,LCI 002,2014-07-10,Mid 1,shrub,5,1.5,3
LCI,MP_July 2014,LCI 002,2014-07-10,Mid 2,subshrub,3,1,1
LCI,MP_July 2014,LCI 002,2014-07-10,Ground,hummock,10,1,1.5
LCI,MP_July 2011,LCI 003,2011-07-29,Upper,tree,18,10,18
LCI,MP_July 2011,LCI 003,2011-07-29,Mid 1,shrub,7,2,4
LCI,MP_July 2011,LCI 003,2011-07-29,Mid 2,shrub,2,0.5,0.5
LCI,MP_July 2011,LCI 003,2011-07-29,Ground,tussock,80,1.5,2
LCI,MP_July 2012,LCI 003,2012-05-15,Upper,tree,18,11,12
LCI,MP_July 2012,LCI 003,2012-05-15,Mid 1,shrub,9,2,7
LCI,MP_July 2012,LCI 003,2012-05-15,Mid 2,shrub,2,1,2
LCI,MP_July 2012,LCI 003,2012-05-15,Ground,tussock,89,1,1.2
LCI,MP_July 2013,LCI 003,2013-07-05,Upper,tree,24,10,12
LCI,MP_July 2013,LCI 003,2013-07-05,Mid 1,shrub,7,3,4
LCI,MP_July 2013,LCI 003,2013-07-05,Mid 2,shrub,0,0,0
LCI,MP_July 2013,LCI 003,2013-07-05,Ground,tussock,15.4,0.3,0.5
LCI,MP_July 2014,LCI 003,2014-07-10,Upper,tree,16,10,15
LCI,MP_July 2014,LCI 003,2014-07-10,Mid 1,shrub,7,5,8
LCI,MP_July 2014,LCI 003,2014-07-10,Mid 2,shrub,1,1,2
LCI,MP_July 2014,LCI 003,2014-07-10,Ground,tussock,48,1,1.5
LCI,MP_July 2011,LCI 004,2011-07-27,Upper,tree,19,14,16
LCI,MP_July 2011,LCI 004,2011-07-27,Mid 1,palm / juv tree,2,1.5,3
LCI,MP_July 2011,LCI 004,2011-07-27,Ground,tussock,84,0.9,1.5
LCI,MP_July 2012,LCI 004,2012-07-02,Upper,tree,18,12,13
LCI,MP_July 2012,LCI 004,2012-07-02,Mid 1,palm / juv tree,3,1.5,4
LCI,MP_July 2012,LCI 004,2012-07-02,Ground,tussock / herb,18,0.1,0.2
LCI,MP_August 2013,LCI 004,2013-08-12,Upper,tree,19,12,16
LCI,MP_August 2013,LCI 004,2013-08-12,Mid 1,palm / juv tree,2,1,1.4
LCI,MP_August 2013,LCI 004,2013-08-12,Ground,tussock / herb,74,1,1.5
LCI,MP_July 2014,LCI 004,2014-07-10,Upper,tree,19,16,18
LCI,MP_July 2014,LCI 004,2014-07-10,Mid 1,palm / juv tree,4,1.5,4
LCI,MP_July 2014,LCI 004,2014-07-10,Ground,tussock / herb,57,1,1
LCI,MP_July 2011,LCI 005,2011-07-26,Upper,tree / palm,40,16,18
LCI,MP_July 2011,LCI 005,2011-07-26,Mid 1,palm / juv tree,6,1.2,2.5
LCI,MP_July 2011,LCI 005,2011-07-26,Mid 2,juv palm / juv tree,5,0.8,1
LCI,MP_July 2011,LCI 005,2011-07-26,Ground,tussock / herb,7,0.1,0.2
LCI,MP_August 2013,LCI 005,2013-08-13,Upper,tree / palm,41,15,18
LCI,MP_August 2013,LCI 005,2013-08-13,Mid 1,juv palm / juv tree,7,2.5,3
LCI,MP_August 2013,LCI 005,2013-08-13,Mid 2,juv palm / juv tree,11,0.8,1
LCI,MP_August 2013,LCI 005,2013-08-13,Ground,tussock / herb,34,0.4,0.6
LCI,MP_July 2011,LCI 007,2011-07-31,Upper,tree,29,18,22
LCI,MP_July 2011,LCI 007,2011-07-31,Mid 1,palm / juv tree,11,8,10
LCI,MP_July 2011,LCI 007,2011-07-31,Mid 2,shrub / juv tree,9,1,1
LCI,MP_July 2011,LCI 007,2011-07-31,Ground,tussock / annual,40,0.7,1
LCI,MP_July 2012,LCI 007,2012-05-22,Upper,tree,27,12,18
LCI,MP_July 2012,LCI 007,2012-05-22,Mid 1,palm / juv tree,6,8,8
LCI,MP_July 2012,LCI 007,2012-05-22,Mid 2,shrub / juv tree,0,0,0
LCI,MP_July 2012,LCI 007,2012-05-22,Ground,tussock,1,0.1,0.1
LCI,MP_August 2013,LCI 007,2013-08-15,Upper,tree,29,16,20
LCI,MP_August 2013,LCI 007,2013-08-15,Mid 1,palm / juv tree,11,8,10
LCI,MP_August 2013,LCI 007,2013-08-15,Mid 2,shrub / juv tree,9,1,1.5
LCI,MP_August 2013,LCI 007,2013-08-15,Ground,tussock / annual,38,0.7,1
LCI,MP_July 2014,LCI 007,2014-07-17,Upper,tree,32,16,18
LCI,MP_July 2014,LCI 007,2014-07-17,Mid 1,palm / juv tree,6,6,10
LCI,MP_July 2014,LCI 007,2014-07-17,Mid 2,shrub / juv tree,4,1,1
LCI,MP_July 2014,LCI 007,2014-07-17,Ground,tussock / annual,3,0.2,1
LCI,MP_July 2011,LCI 008 R,2011-07-29,Upper,rainforest tree,75,12,14
LCI,MP_July 2011,LCI 008 R,2011-07-29,Mid 1,rainforest shrub,50,2,3
LCI,MP_July 2011,LCI 008 R,2011-07-29,Mid 2,rainforest subshrub,10,0.5,0.6
LCI,MP_July 2012,LCI 008 R,2012-07-05,Upper,rainforest tree,70,12,14
LCI,MP_July 2012,LCI 008 R,2012-07-05,Mid 1,rainforest shrub,50,2,3
LCI,MP_July 2012,LCI 008 R,2012-07-05,Mid 2,rainforest subshrub,13,0.5,0.6
LCI,MP_August 2013,LCI 008 R,2013-08-14,Upper,rainforest tree,70,12,14
LCI,MP_August 2013,LCI 008 R,2013-08-14,Mid 1,rainforest shrub,50,2,3
LCI,MP_August 2013,LCI 008 R,2013-08-14,Mid 2,rainforest subshrub,11,0.5,0.6
LCI,MP_July 2014,LCI 008 R,2014-07-16,Upper,rainforest tree,65,15,16
LCI,MP_July 2014,LCI 008 R,2014-07-16,Mid 1,rainforest shrub,55,6,8
LCI,MP_July 2014,LCI 008 R,2014-07-16,Mid 2,rainforest subshrub,7,0.5,0.8
LCI,MP_July 2011,LCI 008 W,2011-07-29,Upper,tree,16,8,10
LCI,MP_July 2011,LCI 008 W,2011-07-29,Mid 1,shrub,6,1.5,2
LCI,MP_July 2011,LCI 008 W,2011-07-29,Ground,tussock,61,0.5,0.5
LCI,MP_July 2012,LCI 008 W,2012-07-05,Upper,tree,21,8,10
LCI,MP_July 2012,LCI 008 W,2012-07-05,Mid 1,shrub,6,1.5,2
LCI,MP_July 2012,LCI 008 W,2012-07-05,Ground,tussock,72,0.5,0.5
LCI,MP_August 2013,LCI 008 W,2013-08-14,Upper,tree,19,8,10
LCI,MP_August 2013,LCI 008 W,2013-08-14,Mid 1,shrub,1,1.5,2
LCI,MP_August 2013,LCI 008 W,2013-08-14,Ground,tussock / annual,6,0.5,0.5
LCI,MP_July 2014,LCI 008 W,2014-07-16,Upper,tree,18,15,18
LCI,MP_July 2014,LCI 008 W,2014-07-16,Mid 1,shrub,10,7,8
LCI,MP_July 2014,LCI 008 W,2014-07-16,Ground,tussock / annual,33,1,1.5
LCI,MP_July 2011,LCI 009,2011-07-30,Upper,tree,17,8,10
LCI,MP_July 2011,LCI 009,2011-07-30,Mid 1,shrub / low tree,6,4,5
LCI,MP_July 2011,LCI 009,2011-07-30,Mid 2,juv tree,6,1,1.4
LCI,MP_July 2011,LCI 009,2011-07-30,Ground,tussock,96,0.6,0.8
LCI,MP_May 2012,LCI 009,2012-05-12,Upper,tree,16,7,8
LCI,MP_May 2012,LCI 009,2012-05-12,Mid 1,shrub / low tree,1,5,6
LCI,MP_May 2012,LCI 009,2012-05-12,Mid 2,juv tree,8,1,4
LCI,MP_May 2012,LCI 009,2012-05-12,Ground,tussock / herb,5,0.2,0.3
LCI,MP_August 2013,LCI 009,2013-08-14,Upper,tree,17,8,10
LCI,MP_August 2013,LCI 009,2013-08-14,Mid 1,shrub / low tree,8,2.5,3
LCI,MP_August 2013,LCI 009,2013-08-14,Mid 2,juv tree,6,1,1.5
LCI,MP_August 2013,LCI 009,2013-08-14,Ground,tussock,46,0.8,1
LCI,MP_July 2014,LCI 009,2014-07-15,Upper,tree,17,10,14
LCI,MP_July 2014,LCI 009,2014-07-15,Mid 1,shrub / low tree,15,5,7
LCI,MP_July 2014,LCI 009,2014-07-15,Mid 2,juv tree,11,1,2
LCI,MP_July 2014,LCI 009,2014-07-15,Ground,tussock / herb,58,0.5,1
LCI,MP_July 2011,LCI 010,2011-07-30,Upper,tree,17,14,16
LCI,MP_July 2011,LCI 010,2011-07-30,Mid 1,shrub / palm,13,4,5
LCI,MP_July 2011,LCI 010,2011-07-30,Ground,tussock,85,1,1.5
LCI,MP_May 2012,LCI 010,2012-05-23,Upper,tree,17,14,16
LCI,MP_May 2012,LCI 010,2012-05-23,Mid 1,shrub / palm,15,5,6
LCI,MP_May 2012,LCI 010,2012-05-23,Ground,tussock,8,0.2,0.3
LCI,MP_August 2013,LCI 010,2013-08-14,Upper,tree,16,14,16
LCI,MP_August 2013,LCI 010,2013-08-14,Mid 1,shrub / palm,16,4,5
LCI,MP_August 2013,LCI 010,2013-08-14,Ground,tussock / herb,81,1,1.5
LCI,MP_July 2014,LCI 010,2014-07-11,Upper,tree,18,14,16
LCI,MP_July 2014,LCI 010,2014-07-11,Mid 1,shrub / palm,24,5,6
LCI,MP_July 2014,LCI 010,2014-07-11,Ground,tussock,67,1,1.5
LCI,MP_August 2011,LCI 011,2011-08-02,Upper,tree,16,8,10
LCI,MP_August 2011,LCI 011,2011-08-02,Mid 1,shrub,2,1.5,3
LCI,MP_August 2011,LCI 011,2011-08-02,Ground,tussock / hummock / herb,65,0.5,1
LCI,MP_May 2012,LCI 011,2012-05-12,Upper,tree,18,10,10
LCI,MP_May 2012,LCI 011,2012-05-12,Mid 1,shrub,2,4,6
LCI,MP_May 2012,LCI 011,2012-05-12,Mid 2,shrub,1,1,1.5
LCI,MP_May 2012,LCI 011,2012-05-12,Ground,annual / tussock / hummock / herb,25,0.8,1.5
LCI,MP_August 2013,LCI 011,2013-08-14,Upper,tree,15,10,12
LCI,MP_August 2013,LCI 011,2013-08-14,Mid 1,shrub,8,4,6
LCI,MP_August 2013,LCI 011,2013-08-14,Mid 2,shrub,4,1,1.5
LCI,MP_August 2013,LCI 011,2013-08-14,Ground,annual / tussock / hummock,25,0.5,1
LCI,MP_July 2014,LCI 011,2014-07-15,Upper,tree,13,13,14
LCI,MP_July 2014,LCI 011,2014-07-15,Mid 1,shrub / juv tree,11,6,8
LCI,MP_July 2014,LCI 011,2014-07-15,Mid 2,shrub / juv tree,1,0.5,1
LCI,MP_July 2014,LCI 011,2014-07-15,Ground,tussock / hummock / herb,31,0.5,1
LCI,MP_August 2011,LCI 012,2011-08-02,Upper,tree,15,8,10
LCI,MP_August 2011,LCI 012,2011-08-02,Mid 1,shrub,6,3,4
LCI,MP_August 2011,LCI 012,2011-08-02,Ground,hummock,9,0.8,1
LCI,MP_May 2012,LCI 012,2012-05-23,Upper,tree,13,8,10
LCI,MP_May 2012,LCI 012,2012-05-23,Mid 1,shrub,11,3,4
LCI,MP_May 2012,LCI 012,2012-05-23,Ground,hummock / annual / herb,13,0.4,0.7
LCI,MP_August 2013,LCI 012,2013-08-14,Upper,tree,14,8,10
LCI,MP_August 2013,LCI 012,2013-08-14,Mid 1,shrub,10,3,4
LCI,MP_August 2013,LCI 012,2013-08-14,Ground,hummock / herb,29,0.4,0.7
LCI,MP_July 2014,LCI 012,2014-07-15,Upper,tree,14,8,10
LCI,MP_July 2014,LCI 012,2014-07-15,Mid 1,shrub,14,3,5
LCI,MP_July 2014,LCI 012,2014-07-15,Ground,hummock,25,0.7,1
LCI,MP_August 2011,LCI 013,2011-08-16,Upper,tree,45,14,16
LCI,MP_August 2011,LCI 013,2011-08-16,Mid 1,juv tree,5,2,3
LCI,MP_August 2011,LCI 013,2011-08-16,Mid 2,juv tree,6,1,1.5
LCI,MP_August 2011,LCI 013,2011-08-16,Ground,tussock,10,0.1,0.1
LCI,MP_May 2012,LCI 013,2012-05-22,Upper,tree,42,12,14
LCI,MP_May 2012,LCI 013,2012-05-22,Mid 1,juv tree,6,1,4
LCI,MP_May 2012,LCI 013,2012-05-22,Mid 2,juv tree,4,1,1.5
LCI,MP_May 2012,LCI 013,2012-05-22,Ground,tussock / herb,51,0.8,0.8
LCI,MP_August 2013,LCI 013,2013-08-15,Upper,tree,47,14,18
LCI,MP_August 2013,LCI 013,2013-08-15,Mid 1,juv tree,6,3,4
LCI,MP_August 2013,LCI 013,2013-08-15,Mid 2,juv tree,12,1,1.5
LCI,MP_August 2013,LCI 013,2013-08-15,Ground,tussock / herb,59,0.8,1
LCI,MP_August 2011,LCI 014,2011-08-16,Upper,tree,38,16,18
LCI,MP_August 2011,LCI 014,2011-08-16,Mid 1,shrub / palm,2,2,3
LCI,MP_August 2011,LCI 014,2011-08-16,Mid 2,juv tree,3,1,1.3
LCI,MP_August 2011,LCI 014,2011-08-16,Ground,tussock,9,0.5,0.8
LCI,MP_May 2012,LCI 014,2012-05-12,Upper,tree,37,12,13
LCI,MP_May 2012,LCI 014,2012-05-12,Mid 1,shrub / palm,3,2.5,7
LCI,MP_May 2012,LCI 014,2012-05-12,Mid 2,juv tree,5,1,1.3
LCI,MP_May 2012,LCI 014,2012-05-12,Ground,tussock / herb,29,0.6,0.8
LCI,MP_August 2013,LCI 014,2013-08-15,Upper,tree,40,14,18
LCI,MP_August 2013,LCI 014,2013-08-15,Mid 1,shrub / palm,4,2,3
LCI,MP_August 2013,LCI 014,2013-08-15,Mid 2,juv tree,9,1,1.3
LCI,MP_August 2013,LCI 014,2013-08-15,Ground,tussock / herb,16,0.4,0.6
LCI,MP_July 2014,LCI 014,2014-07-14,Upper,tree,37,16,18
LCI,MP_July 2014,LCI 014,2014-07-14,Mid 1,shrub / palm,4,6,10
LCI,MP_July 2014,LCI 014,2014-07-14,Mid 2,juv tree,5,0.5,1
LCI,MP_July 2014,LCI 014,2014-07-14,Ground,tussock / herb,2,0.2,0.5
LCI,MP_August 2011,LCI 015 R,2011-08-15,Upper,rainforest tree,45,10,14
LCI,MP_August 2011,LCI 015 R,2011-08-15,Mid 1,rainforest shrub,80,3,4
LCI,MP_August 2011,LCI 015 R,2011-08-15,Mid 2,rainforest subshrub,13,0.5,0.7
LCI,MP_July 2012,LCI 015 R,2012-07-06,Upper,rainforest tree,46,10,14
LCI,MP_July 2012,LCI 015 R,2012-07-06,Mid 1,rainforest shrub,85,3,4
LCI,MP_July 2012,LCI 015 R,2012-07-06,Mid 2,rainforest subshrub,30,0.5,0.7
LCI,MP_August 2013,LCI 015 R,2013-08-15,Upper,rainforest tree,45,10,14
LCI,MP_August 2013,LCI 015 R,2013-08-15,Mid 1,rainforest shrub,85,3,4
LCI,MP_August 2013,LCI 015 R,2013-08-15,Mid 2,rainforest subshrub,32,0.5,0.7
LCI,MP_July 2014,LCI 015 R,2014-07-16,Upper,rainforest tree,41,10,12
LCI,MP_July 2014,LCI 015 R,2014-07-16,Mid 1,rainforest shrub,80,7,8
LCI,MP_July 2014,LCI 015 R,2014-07-16,Mid 2,rainforest subshrub,40,1,1
LCI,MP_August 2011,LCI 015 W,2011-08-15,Upper,tree,34,18,20
LCI,MP_August 2011,LCI 015 W,2011-08-15,Mid 1,shrub,4,1,1.5
LCI,MP_August 2011,LCI 015 W,2011-08-15,Ground,tussock,84,1,1.2
LCI,MP_July 2012,LCI 015 W,2012-07-06,Upper,tree,34,18,20
LCI,MP_July 2012,LCI 015 W,2012-07-06,Mid 1,shrub,0,1,1.5
LCI,MP_July 2012,LCI 015 W,2012-07-06,Ground,tussock,2,0.1,0.1
LCI,MP_August 2013,LCI 015 W,2013-08-15,Upper,tree,31,18,20
LCI,MP_August 2013,LCI 015 W,2013-08-15,Mid 1,shrub,1,1,1.5
LCI,MP_August 2013,LCI 015 W,2013-08-15,Ground,tussock / herb,78,1,1.2
LCI,MP_July 2014,LCI 015 W,2014-07-16,Upper,tree,30,14,14
LCI,MP_July 2014,LCI 015 W,2014-07-16,Mid 1,juv tree,2,2,2
LCI,MP_July 2014,LCI 015 W,2014-07-16,Ground,tussock / herb,63,1,1
LCI,MP_September 2011,LCI 016,2011-09-28,Upper,tree,8,10,15
LCI,MP_September 2011,LCI 016,2011-09-28,Mid 1,shrub,5,4,6
LCI,MP_September 2011,LCI 016,2011-09-28,Mid 2,juv tree,3,0.5,0.7
LCI,MP_September 2011,LCI 016,2011-09-28,Ground,tussock,15,0.1,0.8
LCI,MP_September 2011,LCI 017,2011-09-28,Upper,tree,14,8,10
LCI,MP_September 2011,LCI 017,2011-09-28,Mid 1,shrub,10,1.5,2
LCI,MP_September 2011,LCI 017,2011-09-28,Ground,hummock / tussock / annual / herb,29,0.5,2
LCI,MP_September 2011,LCI 018,2011-09-28,Upper,tree,6,7,10
LCI,MP_September 2011,LCI 018,2011-09-28,Mid 1,shrub,4,5,6
LCI,MP_September 2011,LCI 018,2011-09-28,Mid 2,shrub,3,1.5,2
LCI,MP_September 2011,LCI 018,2011-09-28,Ground,hummosk / tussock / annual,36,0.7,1
LCI,MP_August 2011,LCI 019,2011-08-14,Upper,tree / palm,45,14,16
LCI,MP_August 2011,LCI 019,2011-08-14,Mid 1,palm,8,10,12
LCI,MP_August 2011,LCI 019,2011-08-14,Mid 2,juv tree / palm,13,1,1
LCI,MP_August 2011,LCI 019,2011-08-14,Ground,tussock,16,0.8,1
LCI,MP_May 2012,LCI 019,2012-05-14,Upper,tree / palm,32,13,14
LCI,MP_May 2012,LCI 019,2012-05-14,Mid 1,palm,4,10,10
LCI,MP_May 2012,LCI 019,2012-05-14,Mid 2,juv tree / palm,2,1,2
LCI,MP_May 2012,LCI 019,2012-05-14,Ground,tussock,1.5,0.2,0.2
LCI,MP_August 2013,LCI 019,2013-08-13,Upper,tree / palm,42,14,16
LCI,MP_August 2013,LCI 019,2013-08-13,Mid 1,palm,6,3,4
LCI,MP_August 2013,LCI 019,2013-08-13,Mid 2,juv tree / palm,11,0.5,0.8
LCI,MP_August 2013,LCI 019,2013-08-13,Ground,tussock,19,0.4,0.8
LCI,MP_July 2014,LCI 019,2014-07-11,Upper,tree / palm,50,14,16
LCI,MP_July 2014,LCI 019,2014-07-11,Mid 1,palm,7,12,12
LCI,MP_July 2014,LCI 019,2014-07-11,Mid 2,juv tree / palm,12,1,1
LCI,MP_July 2014,LCI 019,2014-07-11,Ground,tussock,16,0.5,1
LCI,MP_August 2011,LCI 020,2011-08-29,Upper,tree,10,9,14
LCI,MP_August 2011,LCI 020,2011-08-29,Mid 1,shrub,2,1.5,2
LCI,MP_August 2011,LCI 020,2011-08-29,Mid 2,shrub,15,0.8,1
LCI,MP_August 2011,LCI 020,2011-08-29,Ground,hummock / annual,36,0.8,2
LCI,MP_May 2012,LCI 020,2012-05-14,Upper,tree,8,10,13
LCI,MP_May 2012,LCI 020,2012-05-14,Mid 1,shrub,0,0,0
LCI,MP_May 2012,LCI 020,2012-05-14,Mid 2,shrub,0,0.8,1
LCI,MP_May 2012,LCI 020,2012-05-14,Ground,hummock,0.7,0.2,0.2
LCI,MP_August 2013,LCI 020,2013-08-13,Upper,tree,9,10,12
LCI,MP_August 2013,LCI 020,2013-08-13,Mid 1,shrub,3,2,3
LCI,MP_August 2013,LCI 020,2013-08-13,Mid 2,shrub,12,0.8,1
LCI,MP_August 2013,LCI 020,2013-08-13,Ground,hummock / annual,38,0.3,0.4
LCI,MP_July 2014,LCI 020,2014-07-11,Upper,tree,12,10,12
LCI,MP_July 2014,LCI 020,2014-07-11,Mid 1,shrub,6,3,4
LCI,MP_July 2014,LCI 020,2014-07-11,Mid 2,shrub,5,1,2
LCI,MP_July 2014,LCI 020,2014-07-11,Ground,hummock / annual,8,1,1
LCI,MP_August 2011,LCI 021,2011-08-29,Upper,tree,12,8,10
LCI,MP_August 2011,LCI 021,2011-08-29,Mid 1,shrub,8,4,5
LCI,MP_August 2011,LCI 021,2011-08-29,Mid 2,shrub / vine,13,1,1.5
LCI,MP_August 2011,LCI 021,2011-08-29,Ground,hummock / annual / herb,20,0.2,1
LCI,MP_May 2012,LCI 021,2012-05-15,Upper,tree,13,8,9
LCI,MP_May 2012,LCI 021,2012-05-15,Mid 1,shrub,8,4,5.5
LCI,MP_May 2012,LCI 021,2012-05-15,Mid 2,shrub / vine,16,1,1
LCI,MP_May 2012,LCI 021,2012-05-15,Ground,hummock / annual / herb,30,0.4,0.6
LCI,MP_August 2013,LCI 021,2013-08-15,Upper,tree,13,8,9
LCI,MP_August 2013,LCI 021,2013-08-15,Mid 1,shrub,9,4,5
LCI,MP_August 2013,LCI 021,2013-08-15,Mid 2,shrub / vine,14,1,1.5
LCI,MP_August 2013,LCI 021,2013-08-15,Ground,hummock / annual / herb,22,0.5,0.6
LCI,MP_July 2014,LCI 021,2014-07-14,Upper,tree,17,8,10
LCI,MP_July 2014,LCI 021,2014-07-14,Mid 1,shrub,7,5,6
LCI,MP_July 2014,LCI 021,2014-07-14,Mid 2,shrub / vine,11,0.5,1.5
LCI,MP_July 2014,LCI 021,2014-07-14,Ground,hummock / annual / herb,18,0.5,0.6
LCI,MP_August 2011,LCI 022,2011-08-14,Upper,tree,16,10,12
LCI,MP_August 2011,LCI 022,2011-08-14,Mid 1,shrub / palm,16,3,4
LCI,MP_August 2011,LCI 022,2011-08-14,Ground,tussock,80,0.3,1
LCI,MP_July 2012,LCI 022,2012-07-09,Upper,tree,14,8,9
LCI,MP_July 2012,LCI 022,2012-07-09,Mid 1,shrub / palm,14,4,5
LCI,MP_July 2012,LCI 022,2012-07-09,Ground,tussock,83.4,0.3,1
LCI,MP_July 2013,LCI 022,2013-07-07,Upper,tree,13,8,12
LCI,MP_July 2013,LCI 022,2013-07-07,Mid 1,shrub / palm,13,3,4
LCI,MP_July 2013,LCI 022,2013-07-07,Ground,tussock / herb,20,0.1,1
LCI,MP_August 2011,LCI 023 R,2011-08-14,Upper,rainforest tree,55,12,14
LCI,MP_August 2011,LCI 023 R,2011-08-14,Mid 1,rainforest shrub,17,2,3
LCI,MP_August 2011,LCI 023 R,2011-08-14,Mid 2,rainforest subshrub,3,0.8,1
LCI,MP_July 2013,LCI 023 R,2013-07-07,Upper,rainforest tree,67,12,14
LCI,MP_July 2013,LCI 023 R,2013-07-07,Mid 1,rainforest shrub,17,3,3
LCI,MP_July 2013,LCI 023 R,2013-07-07,Mid 2,rainforest subshrub,1,1,1
LCI,MP_July 2014,LCI 023 R,2014-07-14,Upper,rainforest tree,58,12,14
LCI,MP_July 2014,LCI 023 R,2014-07-14,Mid 1,rainforest shrub,18,3,5
LCI,MP_July 2014,LCI 023 R,2014-07-14,Mid 2,rainforest subshrub,3,1,1
LCI,MP_August 2011,LCI 023 W,2011-08-14,Upper,tree,12,10,12
LCI,MP_August 2011,LCI 023 W,2011-08-14,Mid 1,shrub / juv tree,4,3,5
LCI,MP_August 2011,LCI 023 W,2011-08-14,Ground,tussock,86,1,1
LCI,MP_July 2013,LCI 023 W,2013-07-07,Upper,tree,11,12,14
LCI,MP_July 2013,LCI 023 W,2013-07-07,Mid 1,shrub / juv tree,4,3,5
LCI,MP_July 2013,LCI 023 W,2013-07-07,Ground,tussock,77,0.6,1
LCI,MP_July 2014,LCI 023 W,2014-07-14,Upper,tree,11,12,14
LCI,MP_July 2014,LCI 023 W,2014-07-14,Mid 1,shrub / juv tree,5,3,5
LCI,MP_July 2014,LCI 023 W,2014-07-14,Ground,tussock,81,0.6,1
LCI,MP_August 2011,LCI 024,2011-08-15,Upper,tree,18,12,14
LCI,MP_August 2011,LCI 024,2011-08-15,Mid 1,palm / juv tree,7,3,8
LCI,MP_August 2011,LCI 024,2011-08-15,Mid 2,juv tree,2,1,1.5
LCI,MP_August 2011,LCI 024,2011-08-15,Ground,tussock,80,1,1.4
LCI,MP_July 2012,LCI 024,2012-07-12,Upper,tree,16,11,12
LCI,MP_July 2012,LCI 024,2012-07-12,Mid 1,palm / juv tree,9,2,8
LCI,MP_July 2012,LCI 024,2012-07-12,Mid 2,juv tree,2,1,1.5
LCI,MP_July 2012,LCI 024,2012-07-12,Ground,tussock,81,0.5,0.8
LCI,MP_July 2013,LCI 024,2013-07-07,Upper,tree,18,11,12
LCI,MP_July 2013,LCI 024,2013-07-07,Mid 1,palm / juv tree,7,2,8
LCI,MP_July 2013,LCI 024,2013-07-07,Mid 2,juv tree,3,1,1.5
LCI,MP_July 2013,LCI 024,2013-07-07,Ground,tussock,69,0.5,0.8
LCI,MP_September 2011,LCI 025,2011-09-22,Upper,tree / palm,33,18,20
LCI,MP_September 2011,LCI 025,2011-09-22,Mid 1,juv palm,8,2,4
LCI,MP_September 2011,LCI 025,2011-09-22,Mid 2,juv palm,3,1,1.5
LCI,MP_September 2011,LCI 025,2011-09-22,Ground,annual / tussock,68,0.4,0.6
LCI,MP_May 2012,LCI 025,2012-05-17,Upper,tree / palm,29,15,18
LCI,MP_May 2012,LCI 025,2012-05-17,Mid 1,juv palm,4,0,0
LCI,MP_May 2012,LCI 025,2012-05-17,Mid 2,juv palm,1,1,1.5
LCI,MP_May 2012,LCI 025,2012-05-17,Ground,annual / tussock,2,0.1,0.2
LCI,MP_August 2013,LCI 025,2013-08-11,Upper,tree / palm,30,14,18
LCI,MP_August 2013,LCI 025,2013-08-11,Mid 1,juv palm,7,3,4
LCI,MP_August 2013,LCI 025,2013-08-11,Mid 2,juv palm,4,1,1.5
LCI,MP_August 2013,LCI 025,2013-08-11,Ground,annual / tussock,38,0.4,0.8
LCI,MP_August 2014,LCI 025,2014-07-18,Upper,Tree / palm,32,13,14
LCI,MP_August 2014,LCI 025,2014-07-18,Mid 1,palm,10,10,10
LCI,MP_August 2014,LCI 025,2014-07-18,Mid 2,palm / juv tree,4,2,3
LCI,MP_August 2014,LCI 025,2014-07-18,Ground,tussock,32,0.5,1
LCI,MP_August 2011,LCI 026,2011-08-13,Upper,tree / palm,36,16,20
LCI,MP_August 2011,LCI 026,2011-08-13,Mid 1,palm,13,10,16
LCI,MP_August 2011,LCI 026,2011-08-13,Mid 2,juv palm / cycad,6,3,4
LCI,MP_August 2011,LCI 026,2011-08-13,Ground,tussock / annual / herb,7,0.1,0.1
LCI,MP_May 2012,LCI 026,2012-05-16,Upper,tree / palm,36,15,20
LCI,MP_May 2012,LCI 026,2012-05-16,Mid 1,palm,17,5,9
LCI,MP_May 2012,LCI 026,2012-05-16,Mid 2,juv palm / cycad,6,3.5,3.5
LCI,MP_May 2012,LCI 026,2012-05-16,Ground,tussock,29,0.4,0.6
LCI,MP_July 2013,LCI 026,2013-07-04,Upper,tree / palm,35,15,20
LCI,MP_July 2013,LCI 026,2013-07-04,Mid 1,palm,14,5,9
LCI,MP_July 2013,LCI 026,2013-07-04,Mid 2,juv palm / cycad,7,3.5,3.5
LCI,MP_July 2013,LCI 026,2013-07-04,Ground,tussock / annual,47,0.5,0.6
LCI,MP_August 2014,LCI 026,2014-07-18,Upper,tree,41,12,13
LCI,MP_August 2014,LCI 026,2014-07-18,Mid 1,palm / tree,10,8,10
LCI,MP_August 2014,LCI 026,2014-07-18,Mid 2,juv palm,6,2,3
LCI,MP_August 2014,LCI 026,2014-07-18,Ground,tussock,3,5,10
LCI,MP_August 2011,LCI 027,2011-08-12,Upper,tree,12,9,10
LCI,MP_August 2011,LCI 027,2011-08-12,Mid 1,tree / palm,3,5,7
LCI,MP_August 2011,LCI 027,2011-08-12,Mid 2,shrub,2,1,1.5
LCI,MP_August 2011,LCI 027,2011-08-12,Ground,tussock / sedge / annual,69,0.4,1
LCI,MP_May 2012,LCI 027,2012-05-16,Upper,tree,14,10,10
LCI,MP_May 2012,LCI 027,2012-05-16,Mid 1,tree / palm,4,1,6
LCI,MP_May 2012,LCI 027,2012-05-16,Mid 2,shrub,3,1,1.5
LCI,MP_May 2012,LCI 027,2012-05-16,Ground,tussock / sedge,85,0.2,0.3
LCI,MP_August 2014,LCI 027,2014-07-20,Upper,tree,14,8,10
LCI,MP_August 2014,LCI 027,2014-07-20,Mid 1,shrub / palm,4,5,6
LCI,MP_August 2014,LCI 027,2014-07-20,Mid 2,shrub / palm,5,2,2.5
LCI,MP_August 2014,LCI 027,2014-07-20,Ground,tussock / sedge / annual,7,0.1,0.4
LCI,MP_August 2011,LCI 028,2011-08-12,Upper,tree,12,12,16
LCI,MP_August 2011,LCI 028,2011-08-12,Mid 1,palm / melaleuca,8,6,8
LCI,MP_August 2011,LCI 028,2011-08-12,Mid 2,juv tree,4,0.6,1
LCI,MP_August 2011,LCI 028,2011-08-12,Ground,tussock,83,0.6,0.8
LCI,MP_May 2012,LCI 028,2012-05-16,Upper,tree,12,11,13
LCI,MP_May 2012,LCI 028,2012-05-16,Mid 1,palm / melaleuca,8,6,8
LCI,MP_May 2012,LCI 028,2012-05-16,Mid 2,juv tree / palm,4,6,8
LCI,MP_May 2012,LCI 028,2012-05-16,Ground,tussock,89.6,0.8,0.8
LCI,MP_July 2013,LCI 028,2013-07-04,Upper,tree,12,12,16
LCI,MP_July 2013,LCI 028,2013-07-04,Mid 1,palm / melaleuca,9,6,8
LCI,MP_July 2013,LCI 028,2013-07-04,Mid 2,juv tree / palm,5,2,7
LCI,MP_July 2013,LCI 028,2013-07-04,Ground,tussock,85.6,0.7,0.8
LCI,MP_August 2014,LCI 028,2014-07-20,Upper,tree,17,10,14
LCI,MP_August 2014,LCI 028,2014-07-20,Mid 1,palm / juv tree,10,6,8
LCI,MP_August 2014,LCI 028,2014-07-20,Mid 2,juv tree / juv palm / herb,13,0.5,1
LCI,MP_August 2014,LCI 028,2014-07-20,Ground,tussock / herb,14,0.1,0.2
LCI,MP_September 2011,LCI 029,2011-09-23,Upper,tree,11,9,10
LCI,MP_September 2011,LCI 029,2011-09-23,Mid 1,shrub,16,1.5,4
LCI,MP_September 2011,LCI 029,2011-09-23,Ground,tussock / annual,91,0.5,0.8
LCI,MP_July 2012,LCI 029,2012-07-02,Upper,tree,15,9,10
LCI,MP_July 2012,LCI 029,2012-07-02,Mid 1,shrub,16,2,2.5
LCI,MP_July 2012,LCI 029,2012-07-02,Ground,tussock / annual,92,0.6,0.8
LCI,MP_July 2013,LCI 029,2013-07-04,Upper,tree,12,9,10
LCI,MP_July 2013,LCI 029,2013-07-04,Mid 1,shrub,12.1,1,6
LCI,MP_July 2013,LCI 029,2013-07-04,Ground,tussock,86,0.3,0.3
LCI,MP_August 2014,LCI 029,2014-07-19,Upper,tree,10,10,12
LCI,MP_August 2014,LCI 029,2014-07-19,Mid 1,juv tree / palm,6,4,5
LCI,MP_August 2014,LCI 029,2014-07-19,Mid 2,juv tree,5,0.5,1
LCI,MP_August 2014,LCI 029,2014-07-19,Ground,tussock / herb,30,0.2,0.5
LCI,MP_August 2011,LCI 031,2011-08-01,Upper,tree,11,8,10
LCI,MP_August 2011,LCI 031,2011-08-01,Mid 1,palm / juv tree,3,4,6
LCI,MP_August 2011,LCI 031,2011-08-01,Mid 2,subshrub / juv tree,14,0.5,1
LCI,MP_August 2011,LCI 031,2011-08-01,Ground,tussock / herb,9,0.2,0.3
LCI,MP_August 2013,LCI 031,2013-08-18,Upper,tree,10,8,10
LCI,MP_August 2013,LCI 031,2013-08-18,Mid 1,palm / juv tree,4,4,6
LCI,MP_August 2013,LCI 031,2013-08-18,Mid 2,subshrub / juv tree,21,0.5,1
LCI,MP_August 2013,LCI 031,2013-08-18,Ground,tussock / herb,49,0.4,0.6
LCI,MP_August 2011,LCI 032,2011-08-24,Upper,tree,4,10,12
LCI,MP_August 2011,LCI 032,2011-08-24,Mid 1,juv tree / palm,5,2,4
LCI,MP_August 2011,LCI 032,2011-08-24,Mid 2,juv tree / palm,3,0.5,1
LCI,MP_August 2011,LCI 032,2011-08-24,Ground,tussock,85,0.3,0.6
LCI,MP_July 2012,LCI 032,2012-07-03,Upper,tree,4,8,12
LCI,MP_July 2012,LCI 032,2012-07-03,Mid 1,juv tree / palm,4,2,6
LCI,MP_July 2012,LCI 032,2012-07-03,Mid 2,juv tree / palm,6,0.5,1
LCI,MP_July 2012,LCI 032,2012-07-03,Ground,tussock,88,0.3,1
LCI,MP_July 2013,LCI 032,2013-07-03,Upper,tree,6,8,12
LCI,MP_July 2013,LCI 032,2013-07-03,Mid 1,juv tree / palm,5,2,6
LCI,MP_July 2013,LCI 032,2013-07-03,Mid 2,juv tree / palm,5,0.5,1
LCI,MP_July 2013,LCI 032,2013-07-03,Ground,tussock,90,0.5,1
LCI,MP_August 2014,LCI 032,2014-07-19,Upper,tree,5,7,12
LCI,MP_August 2014,LCI 032,2014-07-19,Mid 1,juv tree / palm,15,3,4
LCI,MP_August 2014,LCI 032,2014-07-19,Mid 2,juv tree,10,1,2
LCI,MP_August 2014,LCI 032,2014-07-19,Ground,tussock / herb,8,0.2,0.5
LCI,MP_August 2011,LCI 033,2011-08-24,Upper,tree,25,18,22
LCI,MP_August 2011,LCI 033,2011-08-24,Mid 1,palm,6,5,7
LCI,MP_August 2011,LCI 033,2011-08-24,Mid 2,shrub / juv tree / palm,7,1,1.5
LCI,MP_August 2011,LCI 033,2011-08-24,Ground,tussock / herb,91,0.4,0.6
LCI,MP_July 2012,LCI 033,2012-07-03,Upper,tree,24,17,22
LCI,MP_July 2012,LCI 033,2012-07-03,Mid 1,palm,7,2.5,6
LCI,MP_July 2012,LCI 033,2012-07-03,Mid 2,shrub / juv tree / palm,14,1,1.5
LCI,MP_July 2012,LCI 033,2012-07-03,Ground,tussock / herb,92,0.3,0.4
LCI,MP_July 2013,LCI 033,2013-07-03,Upper,tree,22,17,22
LCI,MP_July 2013,LCI 033,2013-07-03,Mid 1,palm,6,1.5,6
LCI,MP_July 2013,LCI 033,2013-07-03,Mid 2,shrub / juv tree / palm,6,1,1.5
LCI,MP_July 2013,LCI 033,2013-07-03,Ground,tussock / herb,36,0.2,0.3
LCI,MP_August 2014,LCI 033,2014-07-21,Upper,tree,22,12,13
LCI,MP_August 2014,LCI 033,2014-07-21,Mid 1,juv tree / palm,12,4,5
LCI,MP_August 2014,LCI 033,2014-07-21,Mid 2,palm / shrub / juv tree,17,0.6,1
LCI,MP_August 2014,LCI 033,2014-07-21,Ground,tussock / herb,73,0.2,0.3
LCI,MP_August 2011,LCI 034,2011-08-01,Upper,tree,29,12,14
LCI,MP_August 2011,LCI 034,2011-08-01,Mid 1,shrub / low tree / juv tree,6,3,4
LCI,MP_August 2011,LCI 034,2011-08-01,Mid 2,shrub / juv tree,4,0.2,0.4
LCI,MP_August 2011,LCI 034,2011-08-01,Ground,hummmock / annual / herb,9,0.1,0.2
LCI,MP_July 2012,LCI 034,2012-07-03,Upper,tree,28,13,22
LCI,MP_July 2012,LCI 034,2012-07-03,Mid 1,shrub / low tree / juv tree,8,2,3
LCI,MP_July 2012,LCI 034,2012-07-03,Mid 2,shrub / juv tree,6,0,0
LCI,MP_July 2012,LCI 034,2012-07-03,Ground,hummmock / annual / herb,39,0.2,0.3
LCI,MP_July 2013,LCI 034,2013-07-03,Upper,tree,28,12,14
LCI,MP_July 2013,LCI 034,2013-07-03,Mid 1,shrub / low tree / juv tree,7,2,4
LCI,MP_July 2013,LCI 034,2013-07-03,Mid 2,shrub / juv tree,7,0.2,0.3
LCI,MP_July 2013,LCI 034,2013-07-03,Ground,hummmock / annual / herb,11,0.2,0.3
LCI,MP_August 2014,LCI 034,2014-07-21,Upper,tree,26,12,14
LCI,MP_August 2014,LCI 034,2014-07-21,Mid 1,shrub / low tree / juv tree,11,5,8
LCI,MP_August 2014,LCI 034,2014-07-21,Mid 2,shrub / juv tree,13,0.5,2
LCI,MP_August 2014,LCI 034,2014-07-21,Ground,hummmock / annual / herb,35,0.5,0.5
LCI,MP_August 2011,LCI 035,2011-08-02,Upper,tree,6,14,15
LCI,MP_August 2011,LCI 035,2011-08-02,Mid 1,shrub,10,3,9
LCI,MP_August 2011,LCI 035,2011-08-02,Mid 2,shrub,3,1,1
LCI,MP_August 2011,LCI 035,2011-08-02,Ground,hummmock,7,0.2,0.9
LCI,MP_July 2012,LCI 035,2012-07-03,Upper,tree,5,10,12
LCI,MP_July 2012,LCI 035,2012-07-03,Mid 1,shrub,13,2,3
LCI,MP_July 2012,LCI 035,2012-07-03,Mid 2,shrub,4,1,1
LCI,MP_July 2012,LCI 035,2012-07-03,Ground,hummock / annual / herb,21,0.3,0.6
LCI,MP_July 2013,LCI 035,2013-07-05,Upper,tree,6,14,15
LCI,MP_July 2013,LCI 035,2013-07-05,Mid 1,shrub,15,3,5
LCI,MP_July 2013,LCI 035,2013-07-05,Mid 2,shrub,3,1,1
LCI,MP_July 2013,LCI 035,2013-07-05,Ground,hummock / annual,15.2,0.7,0.8
LCI,MP_August 2014,LCI 035,2014-07-18,Upper,tree,5,8,9
LCI,MP_August 2014,LCI 035,2014-07-18,Mid 1,shrub,16,4,6
LCI,MP_August 2014,LCI 035,2014-07-18,Mid 2,shrub,11,1,1.5
LCI,MP_August 2014,LCI 035,2014-07-18,Ground,hummock / annual,27,0.4,0.6
LCI,MP_September 2011,LCI 038,2011-09-21,Upper,tree,31,14,16
LCI,MP_September 2011,LCI 038,2011-09-21,Mid 1,juv tree,10,5.5,6
LCI,MP_September 2011,LCI 038,2011-09-21,Mid 2,juv tree,6,1.5,2.5
LCI,MP_September 2011,LCI 038,2011-09-21,Ground,sedge / tussock / herb,13,0.1,0.3
LCI,MP_July 2012,LCI 039 R,2012-07-06,Upper,rainforest tree,85,14,16
LCI,MP_July 2012,LCI 039 R,2012-07-06,Mid 1,rainforest shrub,30,2,3
LCI,MP_July 2012,LCI 039 R,2012-07-06,Mid 2,rainforest subshrub,4,0.5,1
LCI,MP_August 2013,LCI 039 R,2013-08-15,Upper,rainforest tree,85,14,16
LCI,MP_August 2013,LCI 039 R,2013-08-15,Mid 1,rainforest shrub,35,2,3
LCI,MP_August 2013,LCI 039 R,2013-08-15,Mid 2,rainforest subshrub,6,0.5,1
LCI,MP_July 2014,LCI 039 R,2014-07-16,Upper,rainforest tree,75,14,16
LCI,MP_July 2014,LCI 039 R,2014-07-16,Mid 1,rainforest shrub,40,2,3
LCI,MP_July 2014,LCI 039 R,2014-07-16,Mid 2,rainforest subshrub,15,0.5,1
LCI,MP_July 2012,LCI 039 W,2012-07-06,Upper,tree,58,14,18
LCI,MP_July 2012,LCI 039 W,2012-07-06,Mid 1,shrub,20,0.7,1
LCI,MP_July 2012,LCI 039 W,2012-07-06,Ground,tussock,33,0.6,0.7
LCI,MP_August 2013,LCI 039 W,2013-08-15,Upper,tree,59,14,18
LCI,MP_August 2013,LCI 039 W,2013-08-15,Mid 1,shrub,24,0.7,1
LCI,MP_August 2013,LCI 039 W,2013-08-15,Ground,tussock,31,0.6,0.7
LCI,MP_July 2014,LCI 039 W,2014-07-16,Upper,tree,58,14,18
LCI,MP_July 2014,LCI 039 W,2014-07-16,Mid 2,juv tree,8,0.7,1
LCI,MP_July 2014,LCI 039 W,2014-07-16,Ground,tussock,8,0.6,0.7
LCI,MP_July 2012,LCI 041,2012-07-10,Upper,tree / palm,28,13,13
LCI,MP_July 2012,LCI 041,2012-07-10,Mid 1,juv palm,6,8,8
LCI,MP_July 2012,LCI 041,2012-07-10,Mid 2,shrub / juv palm,4,0.3,0.8
LCI,MP_July 2012,LCI 041,2012-07-10,Ground,tussock / herb,3,0.1,0.2
LCI,MP_August 2013,LCI 041,2013-08-16,Upper,tree / palm,27,14,16
LCI,MP_August 2013,LCI 041,2013-08-16,Mid 1,juv palm,5,2.5,3
LCI,MP_August 2013,LCI 041,2013-08-16,Mid 2,shrub / juv palm,14,1,1.2
LCI,MP_August 2013,LCI 041,2013-08-16,Ground,tussock / herb / annual,22,0.2,1
LCI,MP_July 2012,LCI 043,2012-07-02,Upper,tree,42,17,18
LCI,MP_July 2012,LCI 043,2012-07-02,Mid 1,palm,3,10,10
LCI,MP_July 2012,LCI 043,2012-07-02,Mid 2,juv palm,6,1,1.5
LCI,MP_July 2012,LCI 043,2012-07-02,Ground,tussock,3.8,0.1,0.2
LCI,MP_August 2013,LCI 043,2013-08-19,Upper,tree / palm,42,16,18
LCI,MP_August 2013,LCI 043,2013-08-19,Mid 1,juv palm,3,2.5,4
LCI,MP_August 2013,LCI 043,2013-08-19,Mid 2,juv palm,12,1,1.5
LCI,MP_August 2013,LCI 043,2013-08-19,Ground,tussock,40,0.5,0.7
LCI,MP_July 2012,LCI 044,2012-07-02,Upper,tree / palm,47,15,18
LCI,MP_July 2012,LCI 044,2012-07-02,Mid 1,palm,5,6,8
LCI,MP_July 2012,LCI 044,2012-07-02,Mid 2,juv palm / juv tree,10,0.8,1
LCI,MP_July 2012,LCI 044,2012-07-02,Ground,tussock / herb,77,0.6,0.8
LCI,MP_August 2013,LCI 044,2013-08-16,Upper,tree / palm,45,16,18
LCI,MP_August 2013,LCI 044,2013-08-16,Mid 1,juv palm / shrub,3,2.5,3
LCI,MP_August 2013,LCI 044,2013-08-16,Mid 2,juv palm / juv tree,12,0.8,1
LCI,MP_August 2013,LCI 044,2013-08-16,Ground,tussock / herb,10,0.1,0.2
LCI,MP_July 2012,LCI 046,2012-07-08,Upper,tree / tall shrub,19,9,12
LCI,MP_July 2012,LCI 046,2012-07-08,Mid 1,juv tree,1,2,3
LCI,MP_July 2012,LCI 046,2012-07-08,Mid 2,subshrub / juv tree,4,0.4,0.6
LCI,MP_July 2012,LCI 046,2012-07-08,Ground,tussock / herb,14,0.4,0.5
LCI,MP_August 2013,LCI 046,2013-08-10,Upper,tree / tall shrub,20,7,10
LCI,MP_August 2013,LCI 046,2013-08-10,Mid 1,juv tree,3,2,3
LCI,MP_August 2013,LCI 046,2013-08-10,Mid 2,subshrub / juv tree,7,0.6,0.8
LCI,MP_August 2013,LCI 046,2013-08-10,Ground,tussock / herb,64,0.5,0.6
LCI,MP_September 2013,LCI 047 R,2013-09-07,Upper,rainforest tree,56,10,10
LCI,MP_September 2013,LCI 047 R,2013-09-07,Mid 1,rainforest shrub,10,4,4
LCI,MP_July 2014,LCI 047 R,2014-07-12,Upper,rainforest tree,69,14,20
LCI,MP_July 2014,LCI 047 R,2014-07-12,Mid 1,rainforest shrub,20,4,4
LCI,MP_September 2013,LCI 047 W,2013-09-07,Upper,tree,10,10,12
LCI,MP_September 2013,LCI 047 W,2013-09-07,Mid 1,shrub,3,2,4
LCI,MP_September 2013,LCI 047 W,2013-09-07,Ground,tussock,20,0.5,1
LCI,MP_July 2014,LCI 047 W,2014-07-12,Upper,tree,3,15,15
LCI,MP_July 2014,LCI 047 W,2014-07-12,Mid 1,shrub,7,5,5
LCI,MP_July 2014,LCI 047 W,2014-07-12,Ground,tussock,62,0.7,1
LCI,MP_August 2013,LCI 050,2013-08-10,Upper,tree,15,10,14
LCI,MP_August 2013,LCI 050,2013-08-10,Mid 1,shrub / low tree,19,3,4
LCI,MP_August 2013,LCI 050,2013-08-10,Mid 2,shrub,3,0.6,0.8
LCI,MP_August 2013,LCI 050,2013-08-10,Ground,hummock / annual,17,0.3,0.5
LCI,MP_July 2012,LCI 051,2012-07-09,Upper,tree,34,14,16
LCI,MP_July 2012,LCI 051,2012-07-09,Mid 1,shrub / juv tree,8,3,4
LCI,MP_July 2012,LCI 051,2012-07-09,Mid 2,juv tree,5,0.5,0.8
LCI,MP_July 2012,LCI 051,2012-07-09,Ground,herb / annual / hummock,25,0.1,0.2
LCI,MP_August 2013,LCI 051,2013-08-10,Upper,tree,33,14,16
LCI,MP_August 2013,LCI 051,2013-08-10,Mid 1,shrub / juv tree,7,3,4
LCI,MP_August 2013,LCI 051,2013-08-10,Mid 2,juv tree,5,0.5,0.8
LCI,MP_August 2013,LCI 051,2013-08-10,Ground,herb / hummock / annual,18,0.1,0.2
LCI,MP_July 2012,LCI 052,2012-07-09,Upper,tree,42,16,18
LCI,MP_July 2012,LCI 052,2012-07-09,Mid 1,palm,3,3,5
LCI,MP_July 2012,LCI 052,2012-07-09,Mid 2,palm / juv tree,4,0.5,1
LCI,MP_July 2012,LCI 052,2012-07-09,Ground,tussock / herb,37,0.2,0.3
LCI,MP_August 2013,LCI 052,2013-08-10,Upper,tree,41,16,18
LCI,MP_August 2013,LCI 052,2013-08-10,Mid 1,palm,5,3,5
LCI,MP_August 2013,LCI 052,2013-08-10,Mid 2,palm / juv tree,9,0.4,1
LCI,MP_August 2013,LCI 052,2013-08-10,Ground,tussock / herb,13,0.1,0.1
LCI,MP_July 2012,LCI 053,2012-07-12,Upper,tree,13,8,12
LCI,MP_July 2012,LCI 053,2012-07-12,Mid 1,shrub,13,1,3
LCI,MP_July 2012,LCI 053,2012-07-12,Mid 2,subshrub,15,0.3,0.4
LCI,MP_July 2012,LCI 053,2012-07-12,Ground,tussock / annual / herb,41,0.3,0.6
LCI,MP_August 2013,LCI 053,2013-08-10,Upper,tree,12,8,14
LCI,MP_August 2013,LCI 053,2013-08-10,Mid 1,shrub,13,2,4
LCI,MP_August 2013,LCI 053,2013-08-10,Mid 2,subshrub,8,0.2,0.6
LCI,MP_August 2013,LCI 053,2013-08-10,Ground,tussock,11,0.1,0.1
LCI,MP_July 2012,LCI 054,2012-07-12,Upper,tree,9,5,8
LCI,MP_July 2012,LCI 054,2012-07-12,Mid 1,shrub / low tree,5,2,3
LCI,MP_July 2012,LCI 054,2012-07-12,Mid 2,shrub,3,0.4,0.6
LCI,MP_July 2012,LCI 054,2012-07-12,Ground,hummock / annual,41,0.4,0.5
LCI,MP_August 2013,LCI 054,2013-08-16,Upper,tree,9,5,8
LCI,MP_August 2013,LCI 054,2013-08-16,Mid 1,shrub / low tree,3,2,3
LCI,MP_August 2013,LCI 054,2013-08-16,Mid 2,shrub,0,0,0
LCI,MP_August 2013,LCI 054,2013-08-16,Ground,hummock,10,0.1,0.3
LCI,MP_July 2012,LCI 055,2012-07-12,Upper,tree,26,10,12
LCI,MP_July 2012,LCI 055,2012-07-12,Mid 1,low tree / juv tree,5,3,4
LCI,MP_July 2012,LCI 055,2012-07-12,Mid 2,juv tree,8,1,1.5
LCI,MP_July 2012,LCI 055,2012-07-12,Ground,hummock / annual / herb,28,0.4,0.5
LCI,MP_August 2013,LCI 055,2013-08-13,Upper,tree,26,10,12
LCI,MP_August 2013,LCI 055,2013-08-13,Mid 1,low tree / juv tree,4,3,4
LCI,MP_August 2013,LCI 055,2013-08-13,Mid 2,juv tree,11,1,1.5
LCI,MP_August 2013,LCI 055,2013-08-13,Ground,hummock / herb,8,0.1,0.2
LCI,MP_July 2012,LCI 056,2012-07-13,Upper,tree,14,5,7
LCI,MP_July 2012,LCI 056,2012-07-13,Mid 1,palm / tree / shrub,17,4,4
LCI,MP_July 2012,LCI 056,2012-07-13,Ground,tussock / herb,78,1,1.5
LCI,MP_August 2013,LCI 056,2013-08-11,Upper,tree,14,6,8
LCI,MP_August 2013,LCI 056,2013-08-11,Mid 1,palm / tree / shrub,18,3,4
LCI,MP_August 2013,LCI 056,2013-08-11,Ground,tussock,36,0.2,0.3
LCI,KLRCR_2011,LCI 201,2011-06-25,Upper,tree,25,8,16
LCI,KLRCR_2011,LCI 201,2011-06-25,Mid 1,shrub / palm,10,3,4
LCI,KLRCR_2011,LCI 201,2011-06-25,Mid 2,shrub,3,0.8,1
LCI,KLRCR_2011,LCI 201,2011-06-25,Ground,tussock / herb / annual,63,0.6,0.8
LCI,KLRCR_2012,LCI 201,2012-06-17,Upper,tree,20,8,16
LCI,KLRCR_2012,LCI 201,2012-06-17,Mid 1,shrub / palm,9,3,4
LCI,KLRCR_2012,LCI 201,2012-06-17,Mid 2,shrub,4,0.8,1
LCI,KLRCR_2012,LCI 201,2012-06-17,Ground,tussock / annual / herb,18,0.6,0.8
LCI,KLRCR_2013,LCI 201,2013-06-20,Upper,tree,21,8,16
LCI,KLRCR_2013,LCI 201,2013-06-20,Mid 1,shrub / palm,7,2.5,3.5
LCI,KLRCR_2013,LCI 201,2013-06-20,Mid 2,shrub,5,0.8,1
LCI,KLRCR_2013,LCI 201,2013-06-20,Ground,tussock / herb / annual,47,0.6,0.8
LCI,KLRCR_2014,LCI 201,2014-05-15,Upper,tree,22,10,13
LCI,KLRCR_2014,LCI 201,2014-05-15,Mid 1,shrub / palm,7,3,5
LCI,KLRCR_2014,LCI 201,2014-05-15,Mid 2,shrub,6,1,2
LCI,KLRCR_2014,LCI 201,2014-05-15,Ground,tussock / herb / annual,47,1,2
LCI,KLRCR_2015,LCI 201,2015-05-11,Upper,tree,23,12,16
LCI,KLRCR_2015,LCI 201,2015-05-11,Mid 1,shrub / palm,11,7,8
LCI,KLRCR_2015,LCI 201,2015-05-11,Mid 2,shrub,0,2,2
LCI,KLRCR_2015,LCI 201,2015-05-11,Ground,tussock / herb / annual,4,0.1,0.3
LCI,KLRCR_2011,LCI 202,2011-06-25,Upper,tree,40,15,17
LCI,KLRCR_2011,LCI 202,2011-06-25,Mid 1,shrub / palm,9,1.5,2
LCI,KLRCR_2011,LCI 202,2011-06-25,Mid 2,shrub / juv tree,15,1,1.5
LCI,KLRCR_2011,LCI 202,2011-06-25,Ground,tussock / annual / herb,37,0.6,1
LCI,KLRCR_2012,LCI 202,2012-06-19,Upper,tree,41,14,17
LCI,KLRCR_2012,LCI 202,2012-06-19,Mid 1,shrub / palm,10,2,4
LCI,KLRCR_2012,LCI 202,2012-06-19,Mid 2,shrub / juv tree,20,0.8,1
LCI,KLRCR_2012,LCI 202,2012-06-19,Ground,tussock / annual / herb,25,0.6,1
LCI,KLRCR_2013,LCI 202,2013-06-19,Upper,tree,42,15,18
LCI,KLRCR_2013,LCI 202,2013-06-19,Mid 1,shrub / palm,10,2,4
LCI,KLRCR_2013,LCI 202,2013-06-19,Mid 2,shrub / juv tree,12,1,1.5
LCI,KLRCR_2013,LCI 202,2013-06-19,Ground,tussock / annual / herb,34,0.8,1
LCI,KLRCR_2014,LCI 202,2014-05-14,Upper,tree,35,12,14
LCI,KLRCR_2014,LCI 202,2014-05-14,Mid 1,shrub / palm,5,7,10
LCI,KLRCR_2014,LCI 202,2014-05-14,Mid 2,shrub / juv tree,6,2,2
LCI,KLRCR_2014,LCI 202,2014-05-14,Ground,tussock / annual / herb,37,1,2
LCI,KLRCR_2015,LCI 202,2015-05-12,Upper,tree,34,16,16
LCI,KLRCR_2015,LCI 202,2015-05-12,Mid 1,shrub / palm,3,8,9
LCI,KLRCR_2015,LCI 202,2015-05-12,Mid 2,shrub / juv tree,2,3,4
LCI,KLRCR_2015,LCI 202,2015-05-12,Ground,tussock / annual / herb,2,0.2,0.3
LCI,KLRCR_2011,LCI 203,2011-06-24,Upper,tree,16,5,8
LCI,KLRCR_2011,LCI 203,2011-06-24,Mid 1,shrub,14,3,5
LCI,KLRCR_2011,LCI 203,2011-06-24,Ground,hummock / annual / herb,13,0.2,1
LCI,KLRCR_2012,LCI 203,2012-06-17,Upper,tree,12,3,8
LCI,KLRCR_2012,LCI 203,2012-06-17,Mid 1,shrub,13,2,5
LCI,KLRCR_2012,LCI 203,2012-06-17,Ground,annual / hummock / herb,13,0.1,0.2
LCI,KLRCR_2013,LCI 203,2013-06-19,Upper,tree,15,4,6
LCI,KLRCR_2013,LCI 203,2013-06-19,Mid 1,shrub,13,3,4
LCI,KLRCR_2013,LCI 203,2013-06-19,Ground,annual / hummock / herb,20,0.2,1
LCI,KLRCR_2014,LCI 203,2014-05-15,Upper,tree,17,4,7
LCI,KLRCR_2014,LCI 203,2014-05-15,Mid 1,shrub,7,3,4
LCI,KLRCR_2014,LCI 203,2014-05-15,Mid 2,shrub,2,1.5,2
LCI,KLRCR_2014,LCI 203,2014-05-15,Ground,annual / hummock / herb,26,1,1.5
LCI,KLRCR_2015,LCI 203,2015-05-11,Upper,tree,11,5,10
LCI,KLRCR_2015,LCI 203,2015-05-11,Mid 1,shrub / juv tree,4,4,4
LCI,KLRCR_2015,LCI 203,2015-05-11,Mid 2,shrub / juv tree,0,0,0
LCI,KLRCR_2015,LCI 203,2015-05-11,Ground,tussock / herb,1,0.1,0.2
LCI,KLRCR_2011,LCI 204,2011-06-25,Upper,tree,30,10,16
LCI,KLRCR_2011,LCI 204,2011-06-25,Mid 1,shrub / juv tree,3,1.5,2
LCI,KLRCR_2011,LCI 204,2011-06-25,Mid 2,shrub,2,0.5,0.5
LCI,KLRCR_2011,LCI 204,2011-06-25,Ground,tussock / herb,82,0.8,1
LCI,KLRCR_2012,LCI 204,2012-06-18,Upper,tree,27,10,16
LCI,KLRCR_2012,LCI 204,2012-06-18,Mid 1,shrub / juv tree,3,1.5,2
LCI,KLRCR_2012,LCI 204,2012-06-18,Mid 2,shrub / juv tree,4,0.5,1
LCI,KLRCR_2012,LCI 204,2012-06-18,Ground,tussock / herb,77,0.8,1
LCI,KLRCR_2013,LCI 204,2013-06-20,Upper,tree,27,10,16
LCI,KLRCR_2013,LCI 204,2013-06-20,Mid 1,shrub / juv tree,7,1.5,2
LCI,KLRCR_2013,LCI 204,2013-06-20,Mid 2,shrub,6,0.5,0.7
LCI,KLRCR_2013,LCI 204,2013-06-20,Ground,tussock / herb,95,0.8,1
LCI,KLRCR_2014,LCI 204,2014-05-14,Upper,tree,23,11,11
LCI,KLRCR_2014,LCI 204,2014-05-14,Mid 1,shrub / juv tree,3,2,2
LCI,KLRCR_2014,LCI 204,2014-05-14,Mid 2,shrub,1,0.5,1
LCI,KLRCR_2014,LCI 204,2014-05-14,Ground,tussock / herb,77,1,2
LCI,KLRCR_2015,LCI 204,2015-05-10,Upper,tree,17,12,13
LCI,KLRCR_2015,LCI 204,2015-05-10,Mid 1,shrub / juv tree,6,6,6
LCI,KLRCR_2015,LCI 204,2015-05-10,Mid 2,juv shrub,0,0,0
LCI,KLRCR_2015,LCI 204,2015-05-10,Ground,hummock / annual / herb,2,0.2,0.7
LCI,KLRCR_2011,LCI 205,2011-06-23,Upper,tree,10,7,9
LCI,KLRCR_2011,LCI 205,2011-06-23,Mid 1,shrub,5,2,4
LCI,KLRCR_2011,LCI 205,2011-06-23,Mid 2,juv shrub,1,0.4,0.7
LCI,KLRCR_2011,LCI 205,2011-06-23,Ground,hummock / annual / herb,21,0.1,0.6
LCI,KLRCR_2012,LCI 205,2012-06-12,Upper,tree,12,6,9
LCI,KLRCR_2012,LCI 205,2012-06-12,Mid 1,shrub,7,2,4
LCI,KLRCR_2012,LCI 205,2012-06-12,Mid 2,juv shrub,3,0.4,0.7
LCI,KLRCR_2012,LCI 205,2012-06-12,Ground,hummock / annual / herb,31,0.3,0.7
LCI,KLRCR_2013,LCI 205,2013-06-17,Upper,tree,9,6,9
LCI,KLRCR_2013,LCI 205,2013-06-17,Mid 1,shrub,7,2,4
LCI,KLRCR_2013,LCI 205,2013-06-17,Mid 2,juv shrub,4,0.4,0.7
LCI,KLRCR_2013,LCI 205,2013-06-17,Ground,hummock / annual,55,0.3,0.7
LCI,KLRCR_2014,LCI 205,2014-05-16,Upper,tree,9,8,10
LCI,KLRCR_2014,LCI 205,2014-05-16,Mid 1,shrub / juv tree,7,3,6
LCI,KLRCR_2014,LCI 205,2014-05-16,Mid 2,juv shrub,4,1,2
LCI,KLRCR_2014,LCI 205,2014-05-16,Ground,hummock / annual / herb,40,1,2
LCI,KLRCR_2015,LCI 205,2015-05-10,Upper,tree,9,8,12
LCI,KLRCR_2015,LCI 205,2015-05-10,Mid 1,shrub / juv tree,6,1,3
LCI,KLRCR_2015,LCI 205,2015-05-10,Mid 2,juv shrub,0,1,1
LCI,KLRCR_2015,LCI 205,2015-05-10,Ground,hummock / annual / herb,13,0.5,1.5
LCI,KLRCR_2011,LCI 206,2011-06-24,Upper,tree,12,8,12
LCI,KLRCR_2011,LCI 206,2011-06-24,Mid 1,shrub,3,1.5,4
LCI,KLRCR_2011,LCI 206,2011-06-24,Mid 2,shrub / juv tree,1,0.5,0.6
LCI,KLRCR_2011,LCI 206,2011-06-24,Ground,tussock,83,0.5,0.7
LCI,KLRCR_2012,LCI 206,2012-06-13,Upper,tree,16,7,9
LCI,KLRCR_2012,LCI 206,2012-06-13,Mid 1,shrub / juv tree,3,2,3
LCI,KLRCR_2012,LCI 206,2012-06-13,Mid 2,shrub / juv tree,3,0.4,0.5
LCI,KLRCR_2012,LCI 206,2012-06-13,Ground,tussock / herb,23,0.3,0.6
LCI,KLRCR_2013,LCI 206,2013-06-17,Upper,tree,16,7,9
LCI,KLRCR_2013,LCI 206,2013-06-17,Mid 1,shrub / juv tree,7,1.5,3
LCI,KLRCR_2013,LCI 206,2013-06-17,Mid 2,shrub / juv tree,5,0.6,1
LCI,KLRCR_2013,LCI 206,2013-06-17,Ground,tussock / herb,70,0.5,0.7
LCI,KLRCR_2014,LCI 206,2014-05-16,Upper,tree,15,10,12
LCI,KLRCR_2014,LCI 206,2014-05-16,Mid 1,shrub / juv tree,9,2,4
LCI,KLRCR_2014,LCI 206,2014-05-16,Mid 2,shrub / juv tree,3,0.6,1
LCI,KLRCR_2014,LCI 206,2014-05-16,Ground,tussock / herb,65,1,2
LCI,KLRCR_2015,LCI 206,2015-05-10,Upper,tree,14,12,13
LCI,KLRCR_2015,LCI 206,2015-05-10,Mid 1,shrub / juv tree,2,2,3
LCI,KLRCR_2015,LCI 206,2015-05-10,Mid 2,shrub / juv tree,0,0,0
LCI,KLRCR_2015,LCI 206,2015-05-10,Ground,tussock / herb,13,0.2,0.8
LCI,KLRCR_2011,LCI 207,2011-06-26,Upper,tree,10,6,8
LCI,KLRCR_2011,LCI 207,2011-06-26,Mid 1,shrub,4,2,3
LCI,KLRCR_2011,LCI 207,2011-06-26,Mid 2,shrub,3,0.7,0.8
LCI,KLRCR_2011,LCI 207,2011-06-26,Ground,tussock / herb,79,0.5,0.8
LCI,KLRCR_2012,LCI 207,2012-06-14,Upper,tree,10,6,8
LCI,KLRCR_2012,LCI 207,2012-06-14,Mid 1,shrub,4,2,3
LCI,KLRCR_2012,LCI 207,2012-06-14,Mid 2,shrub,2,0.7,0.8
LCI,KLRCR_2012,LCI 207,2012-06-14,Ground,tussock / herb,71,0.5,0.8
LCI,KLRCR_2013,LCI 207,2013-06-15,Upper,tree,12,6,8
LCI,KLRCR_2013,LCI 207,2013-06-15,Mid 1,shrub,6,2,3
LCI,KLRCR_2013,LCI 207,2013-06-15,Mid 2,shrub,2,0.8,1
LCI,KLRCR_2013,LCI 207,2013-06-15,Ground,tussock / herb,79,0.8,1
LCI,KLRCR_2014,LCI 207,2014-05-15,Upper,tree,13,6,8
LCI,KLRCR_2014,LCI 207,2014-05-15,Mid 1,shrub,3,2,3
LCI,KLRCR_2014,LCI 207,2014-05-15,Mid 2,shrub,1,0.8,1
LCI,KLRCR_2014,LCI 207,2014-05-15,Ground,tussock / herb,67,0.8,1
LCI,KLRCR_2011,LCI 208,2011-06-27,Upper,tree,24,10,14
LCI,KLRCR_2011,LCI 208,2011-06-27,Mid 1,shrub,6,4,4
LCI,KLRCR_2011,LCI 208,2011-06-27,Mid 2,shrub / juv tree,9,0.9,1
LCI,KLRCR_2011,LCI 208,2011-06-27,Ground,tussock / annual,51,0.6,1
LCI,KLRCR_2012,LCI 208,2012-06-16,Upper,tree,21,10,14
LCI,KLRCR_2012,LCI 208,2012-06-16,Mid 1,shrub,6,4,4
LCI,KLRCR_2012,LCI 208,2012-06-16,Mid 2,shrub / juv tree,11,0.9,1
LCI,KLRCR_2012,LCI 208,2012-06-16,Ground,tussock / herb / annual,63,0.6,1
LCI,KLRCR_2013,LCI 208,2013-06-16,Upper,tree,20,10,14
LCI,KLRCR_2013,LCI 208,2013-06-16,Mid 1,shrub,7,4,4
LCI,KLRCR_2013,LCI 208,2013-06-16,Mid 2,shrub / juv tree,7,0.9,1
LCI,KLRCR_2013,LCI 208,2013-06-16,Ground,tussock / annual / herb,60,0.6,1
LCI,KLRCR_2014,LCI 208,2014-05-15,Upper,tree,19,10,14
LCI,KLRCR_2014,LCI 208,2014-05-15,Mid 1,shrub,6,4,4
LCI,KLRCR_2014,LCI 208,2014-05-15,Mid 2,shrub / juv tree,6,0.9,1
LCI,KLRCR_2014,LCI 208,2014-05-15,Ground,tussock / annual / herb,63,0.6,1
LCI,KLRCR_2011,LCI 209,2011-06-27,Upper,tree / melaleuca,27,15,22
LCI,KLRCR_2011,LCI 209,2011-06-27,Mid 1,shrub / low tree,10,4,6
LCI,KLRCR_2011,LCI 209,2011-06-27,Mid 2,shrub / juv tree,10,0.8,0.8
LCI,KLRCR_2011,LCI 209,2011-06-27,Ground,tussock / herb / annual,35,0.6,0.8
LCI,KLRCR_2012,LCI 209,2012-06-16,Upper,tree / melaleuca,25,15,22
LCI,KLRCR_2012,LCI 209,2012-06-16,Mid 1,shrub / low tree,9,4,6
LCI,KLRCR_2012,LCI 209,2012-06-16,Mid 2,shrub / juv tree,8,0.8,0.8
LCI,KLRCR_2012,LCI 209,2012-06-16,Ground,tussock / herb,62,0.6,0.8
LCI,KLRCR_2013,LCI 209,2013-06-15,Upper,tree / melaleuca,25,15,22
LCI,KLRCR_2013,LCI 209,2013-06-15,Mid 1,shrub / low tree,9,4,6
LCI,KLRCR_2013,LCI 209,2013-06-15,Mid 2,shrub / juv tree,8,0.8,1
LCI,KLRCR_2013,LCI 209,2013-06-15,Ground,tussock / herb,79,0.8,1
LCI,KLRCR_2014,LCI 209,2014-05-16,Upper,tree / melaleuca,25,15,22
LCI,KLRCR_2014,LCI 209,2014-05-16,Mid 1,shrub / low tree,4,4,6
LCI,KLRCR_2014,LCI 209,2014-05-16,Mid 2,shrub / juv tree,8,0.8,1
LCI,KLRCR_2014,LCI 209,2014-05-16,Ground,tussock / annual / herb,58,0.8,1
LCI,KLRCR_2011,LCI 210,2011-06-29,Upper,tree,28,6,8
LCI,KLRCR_2011,LCI 210,2011-06-29,Mid 1,shrub / juv tree,4,1.5,4
LCI,KLRCR_2011,LCI 210,2011-06-29,Mid 2,juv tree,7,0.5,1
LCI,KLRCR_2011,LCI 210,2011-06-29,Ground,tussock,88,0.7,1
LCI,KLRCR_2012,LCI 210,2012-06-16,Upper,tree,26,6,8
LCI,KLRCR_2012,LCI 210,2012-06-16,Mid 1,shrub / juv tree,4,1.5,3
LCI,KLRCR_2012,LCI 210,2012-06-16,Mid 2,juv tree,8,1,1
LCI,KLRCR_2012,LCI 210,2012-06-16,Ground,tussock / herb,88,0.7,1
LCI,KLRCR_2013,LCI 210,2013-06-14,Upper,tree,25,6,8
LCI,KLRCR_2013,LCI 210,2013-06-14,Mid 1,shrub / juv tree,5,1.5,3
LCI,KLRCR_2013,LCI 210,2013-06-14,Mid 2,juv tree,7,0.5,1
LCI,KLRCR_2013,LCI 210,2013-06-14,Ground,tussock / herb,83,0.8,1
LCI,KLRCR_2014,LCI 210,2014-05-16,Upper,tree,24,6,8
LCI,KLRCR_2014,LCI 210,2014-05-16,Mid 1,juv tree / shrub,7,1.5,3
LCI,KLRCR_2014,LCI 210,2014-05-16,Mid 2,juv tree,6,0.5,1
LCI,KLRCR_2014,LCI 210,2014-05-16,Ground,tussock / herb,58,0.8,1
LCI,KLRCR_2011,LCI 211,2011-06-28,Upper,tree,16,5,7
LCI,KLRCR_2011,LCI 211,2011-06-28,Mid 1,shrub,4,2,4
LCI,KLRCR_2011,LCI 211,2011-06-28,Ground,hummock / annual,45,0.2,1
LCI,KLRCR_2012,LCI 211,2012-06-14,Upper,tree,14,5,7
LCI,KLRCR_2012,LCI 211,2012-06-14,Mid 1,shrub,3,2,4
LCI,KLRCR_2012,LCI 211,2012-06-14,Ground,hummock / annual,14,0.1,0.2
LCI,KLRCR_2013,LCI 211,2013-06-16,Upper,tree,14,5,7
LCI,KLRCR_2013,LCI 211,2013-06-16,Mid 1,shrub,2,2,4
LCI,KLRCR_2013,LCI 211,2013-06-16,Ground,hummock / annual / herb,37,0.3,1
LCI,KLRCR_2014,LCI 211,2014-05-16,Upper,tree,19,5,7
LCI,KLRCR_2014,LCI 211,2014-05-16,Mid 1,shrub,4,2,4
LCI,KLRCR_2014,LCI 211,2014-05-16,Ground,hummock / annual / herb,33,0.2,0.8
LCI,KLRCR_2011,LCI 212,2011-06-28,Upper,tree,19,5,7
LCI,KLRCR_2011,LCI 212,2011-06-28,Mid 1,shrub,24,2,3
LCI,KLRCR_2011,LCI 212,2011-06-28,Ground,hummock / herb / annual,38,0.3,1
LCI,KLRCR_2012,LCI 212,2012-06-14,Upper,tree,16,5,9
LCI,KLRCR_2012,LCI 212,2012-06-14,Mid 1,shrub / low tree,24,2,5
LCI,KLRCR_2012,LCI 212,2012-06-14,Ground,hummock / annual / herb,22,0.1,0.2
LCI,KLRCR_2013,LCI 212,2013-06-16,Upper,tree,16,5,9
LCI,KLRCR_2013,LCI 212,2013-06-16,Mid 1,shrub / low tree,23,2,5
LCI,KLRCR_2013,LCI 212,2013-06-16,Ground,hummock / annual / herb,34,0.3,1
LCI,KLRCR_2014,LCI 212,2014-05-16,Upper,tree,17,5,9
LCI,KLRCR_2014,LCI 212,2014-05-16,Mid 1,shrub / low tree,16,2,5
LCI,KLRCR_2014,LCI 212,2014-05-16,Mid 2,shrub,6,0.8,1
LCI,KLRCR_2014,LCI 212,2014-05-16,Ground,hummock / annual / herb,31,0.8,1.2
LCI,KLRCR_2012,LCI 213,2012-06-18,Upper,tree / melaleuca,46,14,18
LCI,KLRCR_2012,LCI 213,2012-06-18,Mid 1,palm / juv tree,7,3,4
LCI,KLRCR_2012,LCI 213,2012-06-18,Mid 2,shrub / juv tree,2,0.8,1
LCI,KLRCR_2012,LCI 213,2012-06-18,Ground,tussock / herb,62,1,1.4
LCI,KLRCR_2013,LCI 213,2013-06-19,Upper,tree / melaleuca,47,14,18
LCI,KLRCR_2013,LCI 213,2013-06-19,Mid 1,palm / juv tree,7,3,4
LCI,KLRCR_2013,LCI 213,2013-06-19,Mid 2,shrub / juv tree,3,1,1.2
LCI,KLRCR_2013,LCI 213,2013-06-19,Ground,tussock / herb,84,1,1.4
LCI,KLRCR_2014,LCI 213,2014-05-15,Upper,tree / melaleuca,44,10,12
LCI,KLRCR_2014,LCI 213,2014-05-15,Mid 1,palm / juv tree,5,2,4
LCI,KLRCR_2014,LCI 213,2014-05-15,Mid 2,shrub / juv tree,5,1,1
LCI,KLRCR_2014,LCI 213,2014-05-15,Ground,tussock / herb,69,1,1
LCI,KLRCR_2015,LCI 213,2015-05-10,Upper,tree / melaleuca,29,15,18
LCI,KLRCR_2015,LCI 213,2015-05-10,Mid 1,palm / juv tree,3,5,8
LCI,KLRCR_2015,LCI 213,2015-05-10,Mid 2,shrub / juv tree,9,2.5,3
LCI,KLRCR_2015,LCI 213,2015-05-10,Ground,tussock / herb,67,1,1.2
LCI,KLRCR_2012,LCI 214,2012-06-19,Upper,tree,10,5,6
LCI,KLRCR_2012,LCI 214,2012-06-19,Mid 1,shrub,16,3,4
LCI,KLRCR_2012,LCI 214,2012-06-19,Ground,annual / hummock,6,0.1,0.1
LCI,KLRCR_2013,LCI 214,2013-06-21,Upper,tree,12,5,6
LCI,KLRCR_2013,LCI 214,2013-06-21,Mid 1,shrub,17,3,4
LCI,KLRCR_2013,LCI 214,2013-06-21,Ground,annual / hummock / herb,15,0.2,1
LCI,KLRCR_2014,LCI 214,2014-05-14,Upper,tree,11,5,6
LCI,KLRCR_2014,LCI 214,2014-05-14,Mid 1,shrub,18,3,4
LCI,KLRCR_2014,LCI 214,2014-05-14,Ground,annual / hummock / herb,19,0.2,1
LCI,KLRCR_2015,LCI 214,2015-05-12,Upper,tree,13,5,7
LCI,KLRCR_2015,LCI 214,2015-05-12,Mid 1,shrub,7,2,5
LCI,KLRCR_2015,LCI 214,2015-05-12,Ground,annual / hummock / herb,2,0.2,0.5
LCI,PRNP_2012,LCI 301,2012-08-01,Upper,tall shrub / tree,18,10,12
LCI,PRNP_2012,LCI 301,2012-08-01,Mid 1,shrub,8,3,4
LCI,PRNP_2012,LCI 301,2012-08-01,Mid 2,shrub,11,1,1
LCI,PRNP_2012,LCI 301,2012-08-01,Ground,tussock / hummock / herb,66,0.6,1
LCI,PRNP_2014,LCI 301,2014-06-15,Upper,tall shrub / tree,41,9,12
LCI,PRNP_2014,LCI 301,2014-06-15,Mid 1,shrub,21,4,8
LCI,PRNP_2014,LCI 301,2014-06-15,Mid 2,shrub,10,1,5
LCI,PRNP_2014,LCI 301,2014-06-15,Ground,tussock / hummock / herb,69,1,1.5
LCI,PRNP_2012,LCI 302,2012-08-02,Upper,tree,23,12,15
LCI,PRNP_2012,LCI 302,2012-08-02,Mid 1,shrub,16,4,6
LCI,PRNP_2012,LCI 302,2012-08-02,Ground,hummock / herb,49,0.9,1
LCI,PRNP_2014,LCI 302,2014-06-16,Upper,tree,20,12,16
LCI,PRNP_2014,LCI 302,2014-06-16,Mid 1,shrub,14,4,5
LCI,PRNP_2014,LCI 302,2014-06-16,Ground,hummock / herb,1,0.9,1
LCI,PRNP_2012,LCI 303,2012-08-01,Upper,tree,8,6,6
LCI,PRNP_2012,LCI 303,2012-08-01,Mid 1,shrub,5,1,2
LCI,PRNP_2012,LCI 303,2012-08-01,Ground,hummock / herb,17,0.6,0.6
LCI,PRNP_2014,LCI 303,2014-06-17,Upper,tree,10,6,7
LCI,PRNP_2014,LCI 303,2014-06-17,Mid 1,shrub,12,2,4
LCI,PRNP_2014,LCI 303,2014-06-17,Ground,hummock,27,1,1
LCI,PRNP_2012,LCI 304,2012-08-01,Upper,tree,12,12,13
LCI,PRNP_2012,LCI 304,2012-08-01,Mid 1,shrub,11,5,6
LCI,PRNP_2012,LCI 304,2012-08-01,Mid 2,shrub,7,1,2
LCI,PRNP_2012,LCI 304,2012-08-01,Ground,hummock / herb,76,0.8,1
LCI,PRNP_2014,LCI 304,2014-06-15,Upper,tree,9,10,12
LCI,PRNP_2014,LCI 304,2014-06-15,Mid 1,shrub,22,5,6
LCI,PRNP_2014,LCI 304,2014-06-15,Mid 2,shrub,15,2,3
LCI,PRNP_2014,LCI 304,2014-06-15,Ground,hummock / herb,68,1,1.5
LCI,PRNP_2012,LCI 305 R,2012-08-01,Upper,rainforest tree,90,12,15
LCI,PRNP_2012,LCI 305 R,2012-08-01,Mid 1,rainforest shrub,8,3,4
LCI,PRNP_2014,LCI 305 R,2014-06-15,Upper,rainforest tree,70,18,20
LCI,PRNP_2014,LCI 305 R,2014-06-15,Mid 1,rainforest sappling / shrub / vine,30,4,6
LCI,PRNP_2014,LCI 305 R,2014-06-15,Mid 2,rainforest sappling,10,1,2
LCI,PRNP_2014,LCI 305 R,2014-06-15,Ground,herb,5,0.5,0.7
LCI,PRNP_2012,LCI 305 W,2012-08-01,Upper,tree,23,10,12
LCI,PRNP_2012,LCI 305 W,2012-08-01,Mid 1,shrub,9,3,4
LCI,PRNP_2012,LCI 305 W,2012-08-01,Ground,herb,4.6,0.6,0.8
LCI,PRNP_2012,LCI 306,2012-08-02,Upper,tree,4,8,10
LCI,PRNP_2012,LCI 306,2012-08-02,Mid 1,shrub,12,4,6
LCI,PRNP_2012,LCI 306,2012-08-02,Mid 2,shrub,3,1,1.5
LCI,PRNP_2012,LCI 306,2012-08-02,Ground,hummock,70,0.8,1
LCI,PRNP_2014,LCI 306,2014-06-07,Upper,tree,5,10,12
LCI,PRNP_2014,LCI 306,2014-06-07,Mid 1,shrub,2,5,7
LCI,PRNP_2014,LCI 306,2014-06-07,Mid 2,shrub,0,0,0
LCI,PRNP_2014,LCI 306,2014-06-07,Ground,hummock,5,0.3,0.5
LCI,PRNP_2014,LCI 307,2014-06-17,Upper,tree,12,10,12
LCI,PRNP_2014,LCI 307,2014-06-17,Mid 1,shrub,15,6,7
LCI,PRNP_2014,LCI 307,2014-06-17,Mid 2,shrub / vine,4,0.5,2
LCI,PRNP_2014,LCI 307,2014-06-17,Ground,hummock,60,0.3,0.5
LCI,PRNP_2012,LCI 307,2012-08-02,Upper,tree,10,6,9
LCI,PRNP_2012,LCI 307,2012-08-02,Mid 1,shrub,6,2.5,4
LCI,PRNP_2012,LCI 307,2012-08-02,Mid 2,shrub,5,1,1.5
LCI,PRNP_2012,LCI 307,2012-08-02,Ground,hummock / herb,45,0.6,0.8
LCI,PRNP_2012,LCI 308,2012-08-02,Upper,tree,21,13,16
LCI,PRNP_2012,LCI 308,2012-08-02,Mid 1,shrub,12,3,4
LCI,PRNP_2012,LCI 308,2012-08-02,Mid 2,shrub,4,1.5,2
LCI,PRNP_2012,LCI 308,2012-08-02,Ground,hummock / herb,64,0.5,0.9
LCI,PRNP_2014,LCI 308,2014-06-16,Upper,tree,27,12,17
LCI,PRNP_2014,LCI 308,2014-06-16,Mid 1,shrub,13,4,8
LCI,PRNP_2014,LCI 308,2014-06-16,Mid 2,shrub,11,1,2
LCI,PRNP_2014,LCI 308,2014-06-16,Ground,hummock / herb,72,0.5,1
LCI,PRNP_2012,LCI 311,2012-08-08,Upper,tree,37,13,14
LCI,PRNP_2012,LCI 311,2012-08-08,Mid 1,shrub,11,2.5,3
LCI,PRNP_2012,LCI 311,2012-08-08,Mid 2,juv tree,2,1.5,2
LCI,PRNP_2012,LCI 311,2012-08-08,Ground,tussock / herb / annual,42,0.8,1
LCI,PRNP_2014,LCI 311,2014-06-09,Upper,tree,33,14,16
LCI,PRNP_2014,LCI 311,2014-06-09,Mid 1,shrub / juv tree / palm,8,4,6
LCI,PRNP_2014,LCI 311,2014-06-09,Mid 2,juv tree,4,2,3
LCI,PRNP_2014,LCI 311,2014-06-09,Ground,tussock / herb,35,1,1.5
LCI,PRNP_2014,LCI 313 R,2014-06-07,Upper,rainforest tree,80,10,16
LCI,PRNP_2014,LCI 313 R,2014-06-07,Mid 1,rainforest shrub,20,2,6
LCI,PRNP_2012,LCI 313 R,2012-08-08,Upper,rainforest tree,70,10,12
LCI,PRNP_2012,LCI 313 R,2012-08-08,Mid 1,rainforest shrub,20,2,5
LCI,PRNP_2014,LCI 313 W,2014-06-07,Upper,tree,24,10,12
LCI,PRNP_2014,LCI 313 W,2014-06-07,Mid 1,shrub,8,2,4
LCI,PRNP_2014,LCI 313 W,2014-06-07,Ground,tussock,46,0.8,1.2
LCI,PRNP_2012,LCI 313 W,2012-08-08,Upper,tree,24,10,12
LCI,PRNP_2012,LCI 313 W,2012-08-08,Mid 1,shrub,12,1.5,4
LCI,PRNP_2012,LCI 313 W,2012-08-08,Ground,tussock,44,0.6,0.8
LCI,PRNP_2012,LCI 314 R,2012-08-09,Upper,rainforest tree,90,8,8
LCI,PRNP_2012,LCI 314 R,2012-08-09,Mid 1,rainforest shrub,20,2,2
LCI,PRNP_2014,LCI 314 R,2014-07-08,Upper,rainforest tree,90,10,15
LCI,PRNP_2014,LCI 314 R,2014-07-08,Mid 1,juv tree,20,7,10
LCI,PRNP_2014,LCI 314 R,2014-07-08,Mid 2,rainforest sappling,10,1.5,2
LCI,PRNP_2012,LCI 314 W,2012-08-09,Upper,tree,20,8,9
LCI,PRNP_2012,LCI 314 W,2012-08-09,Mid 1,shrub,13,2,2
LCI,PRNP_2012,LCI 314 W,2012-08-09,Ground,tussock / herb,29,0.6,0.8
LCI,PRNP_2014,LCI 314 W,2014-07-08,Upper,tree,25,8,9
LCI,PRNP_2014,LCI 314 W,2014-07-08,Mid 1,shrub,12,2,2
LCI,PRNP_2014,LCI 314 W,2014-07-08,Ground,tusdsock / herb,44,0.5,2
LCI,PRNP_2012,LCI 315,2012-08-09,Upper,tree,21,10,14
LCI,PRNP_2012,LCI 315,2012-08-09,Mid 1,shrub,12,3,4
LCI,PRNP_2012,LCI 315,2012-08-09,Mid 2,juv tree,1,1.2,2
LCI,PRNP_2012,LCI 315,2012-08-09,Ground,tussock / annual,72,0.7,1
LCI,PRNP_2014,LCI 315,2014-06-07,Upper,tree,24,10,12
LCI,PRNP_2014,LCI 315,2014-06-07,Mid 1,shrub,10,2,3
LCI,PRNP_2014,LCI 315,2014-06-07,Mid 2,juv tree,2,2,2
LCI,PRNP_2014,LCI 315,2014-06-07,Ground,tussock / herb,76,1,1.5
LCI,PRNP_2012,LCI 316,2012-08-08,Upper,tree,31,10,12
LCI,PRNP_2012,LCI 316,2012-08-08,Mid 1,shrub / juv tree,4,1.5,2
LCI,PRNP_2012,LCI 316,2012-08-08,Ground,tussock / annual / herb,74,0.8,1
LCI,PRNP_2014,LCI 316,2014-06-07,Upper,tree,28,10,18
LCI,PRNP_2014,LCI 316,2014-06-07,Mid 1,shrub,8,5,9
LCI,PRNP_2014,LCI 316,2014-06-07,Mid 2,juv tree / shrub,7,1,2
LCI,PRNP_2014,LCI 316,2014-06-07,Ground,tussock / herb,75,1,1
LCI,PRNP_2014,LCI 317 R,2014-06-08,Upper,rainforest tree,65,14,18
LCI,PRNP_2014,LCI 317 R,2014-06-08,Mid 1,rainforest shrub,25,10,12
LCI,PRNP_2014,LCI 317 R,2014-06-08,Mid 2,rainforest sappling,14,2,3
LCI,PRNP_2012,LCI 317 R,2012-08-08,Upper,rainforest tree,70,10,12
LCI,PRNP_2012,LCI 317 R,2012-08-08,Mid 1,rainforest shrub,23,4,10
LCI,PRNP_2012,LCI 317 R,2012-08-08,Mid 2,rainforest sappling,2,4,10
LCI,PRNP_2014,LCI 317 W,2014-06-08,Upper,tree,39,10,14
LCI,PRNP_2014,LCI 317 W,2014-06-08,Mid 1,shrub,7,2,8
LCI,PRNP_2014,LCI 317 W,2014-06-08,Mid 2,shrub / vine,4,0.5,1
LCI,PRNP_2014,LCI 317 W,2014-06-08,Ground,tussock / vine / annual,85,0.9,1.5
LCI,PRNP_2012,LCI 317 W,2012-08-08,Upper,tree,27,10,12
LCI,PRNP_2012,LCI 317 W,2012-08-08,Mid 1,shrub / vine,22,2,10
LCI,PRNP_2012,LCI 317 W,2012-08-08,Ground,tussock / vine / annual,70,0.8,1
LCI,PRNP_2012,LCI 318,2012-08-10,Upper,tree,24,10,11
LCI,PRNP_2012,LCI 318,2012-08-10,Mid 1,shrub / palm,22,5,6
LCI,PRNP_2012,LCI 318,2012-08-10,Ground,tussock / herb,45,0.6,1
LCI,PRNP_2014,LCI 318,2014-06-08,Upper,tree,21,14,16
LCI,PRNP_2014,LCI 318,2014-06-08,Mid 1,shrub / palm,14,6,8
LCI,PRNP_2014,LCI 318,2014-06-08,Mid 2,shrub,19,6,8
LCI,PRNP_2014,LCI 318,2014-06-08,Ground,tussock / herb,53,1,1.5
LCI,PRNP_2012,LCI 319,2012-08-09,Upper,tree,38,11,13
LCI,PRNP_2012,LCI 319,2012-08-09,Mid 1,shrub,7,2,3
LCI,PRNP_2012,LCI 319,2012-08-09,Ground,tussock / herb,48,0.8,1
LCI,PRNP_2014,LCI 319,2014-06-07,Upper,tree,36,11,15
LCI,PRNP_2014,LCI 319,2014-06-07,Mid 1,tree / shrub,13,5,10
LCI,PRNP_2014,LCI 319,2014-06-07,Mid 2,shrub,3,4,5
LCI,PRNP_2014,LCI 319,2014-06-07,Ground,tussock / tree seedling / herb,46,1,2
LCI,Mt Elizabeth_2013,LCI 401,2013-09-28,Upper,tree,27,14,15
LCI,Mt Elizabeth_2013,LCI 401,2013-09-28,Mid 1,tree / shrub,5,6,7
LCI,Mt Elizabeth_2013,LCI 401,2013-09-28,Mid 2,shrub,4,1,1
LCI,Mt Elizabeth_2013,LCI 401,2013-09-28,Ground,tussock / annual / herb,10,0.4,2
LCI,Mt Elizabeth_2013,LCI 403,2013-09-28,Upper,tree,35,11,13
LCI,Mt Elizabeth_2013,LCI 403,2013-09-28,Mid 1,tree / shrub,4,3,8
LCI,Mt Elizabeth_2013,LCI 403,2013-09-28,Mid 2,juv tree,3,1,2
LCI,Mt Elizabeth_2013,LCI 403,2013-09-28,Ground,tussock / herb,20,0.6,0.7
LCI,Mt Elizabeth_2013,LCI 405,2013-09-28,Upper,tree,39,12,12
LCI,Mt Elizabeth_2013,LCI 405,2013-09-28,Mid 1,shrub / juv tree,4,2.5,4
LCI,Mt Elizabeth_2013,LCI 405,2013-09-28,Mid 2,juv tree,3,0.5,1
LCI,Mt Elizabeth_2013,LCI 405,2013-09-28,Ground,tussock / herb,21,0.6,0.7
LCI,Mt Elizabeth_2013,LCI 406,2013-09-28,Upper,tree,29,15,18
LCI,Mt Elizabeth_2013,LCI 406,2013-09-28,Mid 1,tree / shrub,10,5,8
LCI,Mt Elizabeth_2013,LCI 406,2013-09-28,Mid 2,shrub,3,0.5,0.5
LCI,Mt Elizabeth_2013,LCI 406,2013-09-28,Ground,tussock,3,0.1,0.2
LCI,Mt Elizabeth_2013,LCI 410,2013-09-29,Upper,tree,23,17,18
LCI,Mt Elizabeth_2013,LCI 410,2013-09-29,Mid 1,shrub / low tree,19,6,9
LCI,Mt Elizabeth_2013,LCI 410,2013-09-29,Mid 2,shrub / juv tree,4,0.2,0.2
LCI,Mt Elizabeth_2013,LCI 410,2013-09-29,Ground,tussock / herb,3,0.1,0.1
LCI,Mt Elizabeth_2013,LCI 411,2013-09-28,Upper,tree,45,12,14
LCI,Mt Elizabeth_2013,LCI 411,2013-09-28,Mid 2,juv tree,1,0.5,1
LCI,Mt Elizabeth_2013,LCI 411,2013-09-28,Ground,tussock / herb,69,0.8,1
LCI,Mt Elizabeth_2013,LCI 412,2013-09-28,Upper,tree,30,13,14
LCI,Mt Elizabeth_2013,LCI 412,2013-09-28,Mid 1,shrub,1,4,7
LCI,Mt Elizabeth_2013,LCI 412,2013-09-28,Mid 2,juv tree,2,0.5,1
LCI,Mt Elizabeth_2013,LCI 412,2013-09-28,Ground,tussock / herb,54,0.4,0.5
LCI,Mt Elizabeth_2013,LCI 413,2013-09-29,Upper,tree,28,8,10
LCI,Mt Elizabeth_2013,LCI 413,2013-09-29,Mid 1,shrub,7,3,4
LCI,Mt Elizabeth_2013,LCI 413,2013-09-29,Ground,tussock / hummock / herb,23,0.4,1.5
LCI,Bachsten_2013,LCI 501,2013-09-22,Upper,tree,19,10,14
LCI,Bachsten_2013,LCI 501,2013-09-22,Mid 1,shrub / low tree,21,8,10
LCI,Bachsten_2013,LCI 501,2013-09-22,Mid 2,shrub,10,1,5
LCI,Bachsten_2013,LCI 501,2013-09-22,Ground,annual / tussock / hummock,15,0.6,0.8
LCI,Bachsten_2013,LCI 502,2013-09-22,Upper,tree,17,9,12
LCI,Bachsten_2013,LCI 502,2013-09-22,Mid 1,shrub / juv tree,5,1,1.5
LCI,Bachsten_2013,LCI 502,2013-09-22,Ground,annual / tussock / hummock / herb,5,0.7,0.7
LCI,Bachsten_2013,LCI 504,2013-09-25,Upper,tree,26,12,14
LCI,Bachsten_2013,LCI 504,2013-09-25,Mid 1,shrub / low tree,6,4,6
LCI,Bachsten_2013,LCI 504,2013-09-25,Mid 2,shrub / juv tree,4,1,1.5
LCI,Bachsten_2013,LCI 504,2013-09-25,Ground,annual / tussock / hummock,56,0.6,0.8
LCI,Bachsten_2013,LCI 505,2013-09-24,Upper,tree,13,10,12
LCI,Bachsten_2013,LCI 505,2013-09-24,Mid 1,shrub,9,4,5
LCI,Bachsten_2013,LCI 505,2013-09-24,Mid 2,shrub,3,0.5,1
LCI,Bachsten_2013,LCI 505,2013-09-24,Ground,annual / hummock / tussock,28,0.7,0.8
LCI,Bachsten_2013,LCI 506,2013-09-23,Upper,tree,14,12,13
LCI,Bachsten_2013,LCI 506,2013-09-23,Mid 1,shrub,8,3,5
LCI,Bachsten_2013,LCI 506,2013-09-23,Mid 2,shrub,1,0.5,1
LCI,Bachsten_2013,LCI 506,2013-09-23,Ground,hummmock / tussock,5,0.6,0.8
LCI,Bachsten_2013,LCI 507,2013-09-24,Upper,tree,12,7,9
LCI,Bachsten_2013,LCI 507,2013-09-24,Mid 1,shrub,7,4,6
LCI,Bachsten_2013,LCI 507,2013-09-24,Ground,hummock,60,0.8,1
LCI,Bachsten_2013,LCI 511,2013-09-23,Upper,tree,19,16,18
LCI,Bachsten_2013,LCI 511,2013-09-23,Mid 1,shrub,9,6,12
LCI,Bachsten_2013,LCI 511,2013-09-23,Mid 2,shrub,5,0.5,0.8
LCI,Bachsten_2013,LCI 511,2013-09-23,Ground,tussock / herb,93,0.8,1
LCI,Bachsten_2013,LCI 512,2013-09-23,Upper,tree,27,15,18
LCI,Bachsten_2013,LCI 512,2013-09-23,Mid 1,shrub,8,7,10
LCI,Bachsten_2013,LCI 512,2013-09-23,Mid 2,juv shrub,4,0.5,1
LCI,Bachsten_2013,LCI 512,2013-09-23,Ground,tussock,91.6,0.8,1
LCI,DRNP_2013,LCI 601,2013-08-18,Upper,tree,11,10,14
LCI,DRNP_2013,LCI 601,2013-08-18,Mid 1,shrub,7,5,6
LCI,DRNP_2013,LCI 601,2013-08-18,Mid 2,shrub,5,5,6
LCI,DRNP_2013,LCI 601,2013-08-18,Ground,annual / tussock / herb,77,0.3,0.5
LCI,DRNP_2013,LCI 602,2013-08-18,Upper,tree,17,9,14
LCI,DRNP_2013,LCI 602,2013-08-18,Mid 1,shrub / low tree,6,4.5,7
LCI,DRNP_2013,LCI 602,2013-08-18,Mid 2,shrub,2,0.5,0.5
LCI,DRNP_2013,LCI 602,2013-08-18,Ground,tussock / annual / herb,13,0.1,0.7
LCI,DRNP_2013,LCI 603,2013-08-19,Upper,tree,13,12,12
LCI,DRNP_2013,LCI 603,2013-08-19,Mid 1,shrub / low tree,14,4.5,6
LCI,DRNP_2013,LCI 603,2013-08-19,Mid 2,shrub / juv tree,3,0.5,0.8
LCI,DRNP_2013,LCI 603,2013-08-19,Ground,tussock / annual / hummock,19,0.2,0.5
LCI,DRNP_2013,LCI 604,2013-08-19,Upper,tree,27,7,8
LCI,DRNP_2013,LCI 604,2013-08-19,Mid 1,shrub / low tree,3,5,7
LCI,DRNP_2013,LCI 604,2013-08-19,Mid 2,shrub,4,1,1.5
LCI,DRNP_2013,LCI 604,2013-08-19,Ground,annual / hummock / tussock,21,0.7,1
LCI,DRNP_2013,LCI 605,2013-08-19,Upper,tree,27,18,20
LCI,DRNP_2013,LCI 605,2013-08-19,Mid 1,shrub / low tree,13,5,6
LCI,DRNP_2013,LCI 605,2013-08-19,Mid 2,shrub / juv tree,5,1,1.5
LCI,DRNP_2013,LCI 605,2013-08-19,Ground,tussock / annual / herb,46,0.6,0.7
LCI,DRNP_2013,LCI 606,2013-08-20,Upper,tree,17,10,12
LCI,DRNP_2013,LCI 606,2013-08-20,Mid 1,shrub,22,4,6
LCI,DRNP_2013,LCI 606,2013-08-20,Mid 2,juv tree,1,0.5,0.8
LCI,DRNP_2013,LCI 606,2013-08-20,Ground,annual / tussock / hummock,34,0.7,0.8
LCI,DRNP_2013,LCI 607,2013-08-20,Upper,tree,17,12,13
LCI,DRNP_2013,LCI 607,2013-08-20,Mid 1,shrub / low tree,14,6,8
LCI,DRNP_2013,LCI 607,2013-08-20,Mid 2,shrub / juv tree,3,2,4
LCI,DRNP_2013,LCI 607,2013-08-20,Ground,annual / tussock / herb,33,0.7,0.8
LCI,DRNP_2013,LCI 608 R,2013-08-20,Upper,rainforest tree,43,8,10
LCI,DRNP_2013,LCI 608 R,2013-08-20,Mid 1,rainforest shrub,7,2,5
LCI,DRNP_2013,LCI 608 R,2013-08-20,Mid 2,rainforest subshrub,10,0.5,0.8
LCI,DRNP_2013,LCI 608 W,2013-08-20,Upper,tree,27,12,14
LCI,DRNP_2013,LCI 608 W,2013-08-20,Mid 1,shrub,4,1.5,3
LCI,DRNP_2013,LCI 608 W,2013-08-20,Ground,tussock / annual,45,0.6,1
LCI,KLRCR_2015,LCI 207,2015-05-18,Upper,tree,8,6,8
LCI,KLRCR_2015,LCI 207,2015-05-18,Mid 1,shrub,3,1.5,2.5
LCI,KLRCR_2015,LCI 207,2015-05-18,Mid 2,shrub,4,0.5,1
LCI,KLRCR_2015,LCI 207,2015-05-18,Ground,tussock,75,0.6,0.9
LCI,KLRCR_2015,LCI 208,2015-05-18,Upper,tree,15,8,10
LCI,KLRCR_2015,LCI 208,2015-05-18,Mid 1,shrub,6,3,4
LCI,KLRCR_2015,LCI 208,2015-05-18,Mid 2,shrub / juv tree,4,0.8,1
LCI,KLRCR_2015,LCI 208,2015-05-18,Ground,tussock / annual / herb,37,0.8,1
LCI,KLRCR_2015,LCI 209,2015-05-19,Upper,tree / melaleuca,23,14,22
LCI,KLRCR_2015,LCI 209,2015-05-19,Mid 1,shrub / low tree,7,4,5
LCI,KLRCR_2015,LCI 209,2015-05-19,Mid 2,shrub / juv tree,5,0.8,1
LCI,KLRCR_2015,LCI 209,2015-05-19,Ground,tussock / herb,79,0.8,1
LCI,KLRCR_2015,LCI 210,2015-05-19,Upper,tree,22,6,8
LCI,KLRCR_2015,LCI 210,2015-05-19,Mid 1,shrub / juv tree,12,2,3
LCI,KLRCR_2015,LCI 210,2015-05-19,Mid 2,woody subshrub / juv tree,11,0.5,1
LCI,KLRCR_2015,LCI 210,2015-05-19,Ground,tussock,82,0.8,1
LCI,KLRCR_2015,LCI 211,2015-05-20,Upper,tree,14,5,7
LCI,KLRCR_2015,LCI 211,2015-05-20,Mid 1,shrub,4,2,4
LCI,KLRCR_2015,LCI 211,2015-05-20,Ground,hummock / annual,41,0.3,1
LCI,KLRCR_2015,LCI 212,2015-05-20,Upper,tree,15,5,9
LCI,KLRCR_2015,LCI 212,2015-05-20,Mid 1,shrub / low tree,10,2,5
LCI,KLRCR_2015,LCI 212,2015-05-20,Mid 2,subshrub,10,0.5,1
LCI,KLRCR_2015,LCI 212,2015-05-20,Ground,hummock / annual / herb,28,0.3,1
LCI,DRNP_2015,LCI 615,2015-07-19,Upper,Tree,19,5,7
LCI,DRNP_2015,LCI 615,2015-07-19,Mid 1,shrub,11,3,4
LCI,DRNP_2015,LCI 615,2015-07-19,Mid 2,subshrub,8,0.6,0.8
LCI,DRNP_2015,LCI 615,2015-07-19,Ground,hummock,13,0.7,1
LCI,DRNP_2015,LCI 611,2015-07-17,Upper,Tree,8,8,8
LCI,DRNP_2015,LCI 611,2015-07-17,Mid 1,Shrub,25,4,4
LCI,DRNP_2015,LCI 611,2015-07-17,Mid 2,shrub / herb,5,2,2
LCI,DRNP_2015,LCI 611,2015-07-17,Ground,hummock / tussock,5,0.7,1.5
LCI,DRNP_2015,LCI 616,2015-07-19,Upper,Tree,10,5,10
LCI,DRNP_2015,LCI 616,2015-07-19,Mid 1,shrub,9,2,3
LCI,DRNP_2015,LCI 616,2015-07-19,Mid 2,Shrub,0,1,1
LCI,DRNP_2015,LCI 616,2015-07-19,Ground,hummoch grass,7,1,2
LCI,DRNP_2015,LCI 614,2015-07-18,Upper,Tree,5,7,8
LCI,DRNP_2015,LCI 614,2015-07-18,Mid 1,shrub,5,4,5
LCI,DRNP_2015,LCI 614,2015-07-18,Mid 2,shrub,8,2,2.5
LCI,DRNP_2015,LCI 614,2015-07-18,Ground,hummock,8,0.7,2
LCI,DRNP_2015,LCI 617,2015-07-18,Upper,Tree,18,11,11
LCI,DRNP_2015,LCI 617,2015-07-18,Mid 1,shrub,8,5,7
LCI,DRNP_2015,LCI 617,2015-07-18,Mid 2,shrub,3,2,3
LCI,DRNP_2015,LCI 617,2015-07-18,Ground,hummock,7,0.4,1.5
LCI,DRNP_2015,LCI 612,2015-07-17,Upper,Tree,19,7,13
LCI,DRNP_2015,LCI 612,2015-07-17,Mid 1,shrub,19,3,4
LCI,DRNP_2015,LCI 612,2015-07-17,Mid 2,shrub,1,1,1.5
LCI,DRNP_2015,LCI 612,2015-07-17,Ground,hummock,10,0.7,1
LCI,DRNP_2015,LCI 608 W,2015-07-23,Upper,tree,23,8,11
LCI,DRNP_2015,LCI 608 R,2015-07-23,Upper,tree,70,6,8
LCI,DRNP_2015,LCI 608 W,2015-07-23,Mid 1,shrub,9,4,6
LCI,DRNP_2015,LCI 608 R,2015-07-23,Mid 1,shrub,8,4,6
LCI,DRNP_2015,LCI 608 W,2015-07-23,Mid 2,shrub,5,2,3
LCI,DRNP_2015,LCI 608 R,2015-07-23,Mid 2,shrub,1,2,3
LCI,DRNP_2015,LCI 608 W,2015-07-23,Ground,tussock,21,0.8,1.2
LCI,DRNP_2015,LCI 608 R,2015-07-23,Ground,herb,1,0.5,0.6
LCI,DRNP_2015,LCI 607,2015-07-23,Upper,Tree,16,8,10
LCI,DRNP_2015,LCI 607,2015-07-23,Mid 1,shrub,15,4,6
LCI,DRNP_2015,LCI 607,2015-07-23,Mid 2,shrub,6,1,2
LCI,DRNP_2015,LCI 607,2015-07-23,Ground,tussock,7,0.8,1
LCI,DRNP_2015,LCI 606,2015-07-23,Upper,Tree,16,8,9
LCI,DRNP_2015,LCI 606,2015-07-23,Mid 1,Shrub,13,4,5
LCI,DRNP_2015,LCI 606,2015-07-23,Mid 2,Shrub,1,1,2
LCI,DRNP_2015,LCI 606,2015-07-23,Ground,tussock,9,0.6,1.5
LCI,DRNP_2015,LCI 604,2015-07-24,Upper,Tree,29,7,8
LCI,DRNP_2015,LCI 604,2015-07-24,Mid 1,Shrub,12,3,5
LCI,DRNP_2015,LCI 604,2015-07-24,Mid 2,Shrub,1,0.5,2
LCI,DRNP_2015,LCI 604,2015-07-24,Ground,annual grass,2,1,2
LCI,DRNP_2015,LCI 603,2015-07-24,Upper,Tree,18,10,11
LCI,DRNP_2015,LCI 603,2015-07-24,Mid 1,Shrub,16,4.5,5
LCI,DRNP_2015,LCI 603,2015-07-24,Ground,tussock / annual,3,0.4,1
LCI,PRNP_2015,LCI 307,2015-08-28,Upper,Tree,5,6,7
LCI,PRNP_2015,LCI 307,2015-08-28,Ground,hummock,1,0.3,0.3
LCI,PRNP_2015,LCI 315,2015-08-17,Upper,Tree,5,6,11
LCI,PRNP_2015,LCI 315,2015-08-17,Mid 1,shrub / juv tree,1,2,2.5
LCI,PRNP_2015,LCI 315,2015-08-17,Mid 2,juv tree,1,1,1.5
LCI,PRNP_2015,LCI 315,2015-08-17,Ground,tussock,38,0.6,1.3
LCI,PRNP_2015,LCI 311,2015-08-18,Upper,Tree,20,12,16
LCI,PRNP_2015,LCI 311,2015-08-18,Mid 1,Shrub,5,2,3
LCI,PRNP_2015,LCI 311,2015-08-18,Ground,tussock,40,1.2,1.8
LCI,PRNP_2015,LCI 319,2015-08-17,Upper,Tree,15,12,15
LCI,PRNP_2015,LCI 319,2015-08-17,Mid 1,juv tree,2,3,4
LCI,PRNP_2015,LCI 319,2015-08-17,Ground,tussock,35,1.5,2
LCI,PRNP_2015,LCI 316,2015-08-20,Upper,Tree,20,10,12
LCI,PRNP_2015,LCI 316,2015-08-20,Mid 1,tree / shrub,3,3,5
LCI,PRNP_2015,LCI 316,2015-08-20,Mid 2,juv tree,2,1.5,1.8
LCI,PRNP_2015,LCI 316,2015-08-20,Ground,tussock,30,1,1.4
LCI,PRNP_2015,LCI 318,2015-08-19,Upper,Tree,10,14,16
LCI,PRNP_2015,LCI 318,2015-08-19,Mid 1,juv tree,10,3,3
LCI,PRNP_2015,LCI 318,2015-08-19,Mid 2,shrub,1,2,2
LCI,PRNP_2015,LCI 318,2015-08-19,Ground,tussock,15,1.2,2
LCI,PRNP_2015,LCI 308,2015-08-26,Upper,Tree,10,6,7
LCI,PRNP_2015,LCI 308,2015-08-26,Mid 1,Shrub,5,2,2
LCI,PRNP_2015,LCI 308,2015-08-26,Mid 2,Shrub,5,1.5,2
LCI,PRNP_2015,LCI 308,2015-08-26,Ground,hummock / tussock,5,1,1.3
LCI,PRNP_2015,LCI 302,2015-08-28,Upper,Tree,11,12,16
LCI,PRNP_2015,LCI 302,2015-08-28,Mid 1,tree / shrub,2,3,3
LCI,PRNP_2015,LCI 302,2015-08-28,Ground,hummock,30,1,1.2
LCI,PRNP_2015,LCI 303,2015-08-27,Upper,Tree,2,6,8
LCI,PRNP_2015,LCI 303,2015-08-27,Mid 1,Shrub,25,3,4
LCI,PRNP_2015,LCI 303,2015-08-27,Ground,hummock,25,0.6,0.6
LCI,PRNP_2015,LCI 306,2015-08-27,Upper,Tree,5,7,12
LCI,PRNP_2015,LCI 306,2015-08-27,Mid 1,shrub,3,5,6
LCI,PRNP_2015,LCI 306,2015-08-27,Mid 2,Shrub,1,1,1
LCI,PRNP_2015,LCI 304,2015-08-27,Upper,Tree,5,8,14
LCI,PRNP_2015,LCI 304,2015-08-27,Mid 1,Shrub,1,3.5,3.5
LCI,PRNP_2015,LCI 304,2015-08-27,Mid 2,Shrub,10,0.8,1.2
LCI,PRNP_2015,LCI 304,2015-08-27,Ground,hummock,5,0.3,0.3
LCI,PRNP_2015,LCI 301,2015-08-26,Upper,Tree,10,11,11
LCI,PRNP_2015,LCI 301,2015-08-26,Mid 1,Shrub,1,16,2
LCI,PRNP_2015,LCI 301,2015-08-26,Ground,tussock,5,1,1
LCI,MP_September_2015,LCI 026,2015-09-24,Upper,Tree,21,16,21
LCI,MP_September_2015,LCI 026,2015-09-24,Mid 2,juv tree,4,2,2
LCI,MP_September_2015,LCI 026,2015-09-24,Ground,tussock,30,1.4,2
LCI,MP_September_2015,LCI 027,2015-09-24,Upper,Tree,13,6,9
LCI,MP_September_2015,LCI 027,2015-09-24,Mid 1,Tree,2,4,4.5
LCI,MP_September_2015,LCI 027,2015-09-24,Mid 2,juv tree,2,2,2
LCI,MP_September_2015,LCI 027,2015-09-24,Ground,Grass,50,1.5,1.9
LCI,MP_September_2015,LCI 028,2015-09-24,Upper,Tree,10,12,17
LCI,MP_September_2015,LCI 028,2015-09-24,Mid 1,Tree,2,6,10
LCI,MP_September_2015,LCI 028,2015-09-24,Mid 2,juv tree,5,1,1
LCI,MP_September_2015,LCI 028,2015-09-24,Ground,tussock,40,1,2
LCI,MP_September_2015,LCI 029,2015-09-25,Upper,Tree,8,10,12
LCI,MP_September_2015,LCI 029,2015-09-25,Mid 1,Tree,1,4,6
LCI,MP_September_2015,LCI 029,2015-09-25,Mid 2,juv tree,1,2,3
LCI,MP_September_2015,LCI 029,2015-09-25,Ground,tussock,30,1,2
LCI,Mt Elizabeth_2015,LCI 401,2015-10-08,Upper,Tree,32,6,6
LCI,Mt Elizabeth_2015,LCI 401,2015-10-08,Mid 1,Tree,5,4,5
LCI,Mt Elizabeth_2015,LCI 401,2015-10-08,Mid 2,Shrub,5,1,1.4
LCI,Mt Elizabeth_2015,LCI 401,2015-10-08,Ground,tussock,5,0.5,1
LCI,Mt Elizabeth_2015,LCI 403,2015-10-08,Upper,Tree,48,9,10
LCI,Mt Elizabeth_2015,LCI 403,2015-10-08,Mid 1,Tree,1,3,5
LCI,Mt Elizabeth_2015,LCI 403,2015-10-08,Mid 2,juv tree,1,1.5,2
LCI,Mt Elizabeth_2015,LCI 403,2015-10-08,Ground,tussock,10,0.7,1
LCI,Mt Elizabeth_2015,LCI 405,2015-10-08,Upper,Tree,38,10,13
LCI,Mt Elizabeth_2015,LCI 405,2015-10-08,Mid 1,Tree,1,6,10
LCI,Mt Elizabeth_2015,LCI 405,2015-10-08,Mid 2,shrub / juv tree,1,2,2
LCI,Mt Elizabeth_2015,LCI 405,2015-10-08,Ground,tussock,16,1,1
LCI,Mt Elizabeth_2015,LCI 410,2015-10-09,Upper,Tree,28,9,12
LCI,Mt Elizabeth_2015,LCI 410,2015-10-09,Mid 1,Tree,15,5.5,5.5
LCI,Mt Elizabeth_2015,LCI 410,2015-10-09,Mid 2,Shrub,5,1,1
LCI,Mt Elizabeth_2015,LCI 410,2015-10-09,Ground,tussock,20,0.8,0.8
LCI,Mt Elizabeth_2015,LCI 411,2015-10-11,Upper,Tree,52,10,11
LCI,Mt Elizabeth_2015,LCI 411,2015-10-11,Mid 2,juv tree,1,1,3
LCI,Mt Elizabeth_2015,LCI 411,2015-10-11,Ground,tussock,30,0.6,0.8
LCI,Mt Elizabeth_2015,LCI 412,2015-10-11,Upper,Tree,39,10,14
LCI,Mt Elizabeth_2015,LCI 412,2015-10-11,Mid 2,juv tree,1,1.5,3
LCI,Mt Elizabeth_2015,LCI 412,2015-10-11,Ground,tussock,30,0.6,0.8
LCI,Mt Elizabeth_2015,LCI 413,2015-10-10,Upper,Tree,26,8,11
LCI,Mt Elizabeth_2015,LCI 413,2015-10-10,Mid 1,Tree,9,4,5.5
LCI,Mt Elizabeth_2015,LCI 413,2015-10-10,Ground,tussock / hummock,15,1,1.5
LCI,DRNP_2015,LCI 605,2015-07-24,Upper,Tree,24,12,14
LCI,DRNP_2015,LCI 605,2015-07-24,Mid 1,Tree,15,7,9
LCI,DRNP_2015,LCI 605,2015-07-24,Mid 2,Shrub,12,2,3
LCI,DRNP_2015,LCI 605,2015-07-24,Ground,tussock,7,0.8,1.5
LCI,DRNP_2015,LCI 602,2015-07-25,Upper,Tree,20,9,14
LCI,DRNP_2015,LCI 602,2015-07-25,Mid 1,Tree,9,6,7
LCI,DRNP_2015,LCI 602,2015-07-25,Mid 2,Shrub,0,0.5,1.5
LCI,DRNP_2015,LCI 602,2015-07-25,Ground,annual grass,14,0.3,0.7
LCI,DRNP_2015,LCI 601,2015-07-25,Upper,Tree,9,8,15
LCI,DRNP_2015,LCI 601,2015-07-25,Mid 1,tree / shrub,5,5,6
LCI,DRNP_2015,LCI 601,2015-07-25,Mid 2,shrub,1,0.8,1
LCI,DRNP_2015,LCI 601,2015-07-25,Ground,annual/tussock grass,15,0.2,0.8
LCI,Bachsten_2015,LCI 501,2015-06-20,Upper,Tree,24,10,14
LCI,Bachsten_2015,LCI 501,2015-06-20,Mid 1,Tree,13,6,10
LCI,Bachsten_2015,LCI 501,2015-06-20,Ground,tussock / hummock,2,0.2,0.8
LCI,Bachsten_2015,LCI 502,2015-06-20,Upper,Tree,10,10,15
LCI,Bachsten_2015,LCI 502,2015-06-20,Mid 1,Tree,15,6,7
LCI,Bachsten_2015,LCI 502,2015-06-20,Mid 2,shrub,5,4,4
LCI,Bachsten_2015,LCI 502,2015-06-20,Ground,hummock,1,0.2,0.3
LCI,Bachsten_2015,LCI 512,2015-06-20,Upper,Tree,26,22,25
LCI,Bachsten_2015,LCI 512,2015-06-20,Mid 1,Tree,2,6,8
LCI,Bachsten_2015,LCI 512,2015-06-20,Mid 2,shrub,3,1,2
LCI,Bachsten_2015,LCI 512,2015-06-20,Ground,tussock,98,1,1.2
LCI,Bachsten_2015,LCI 504,2015-06-21,Upper,Tree,25,14,14
LCI,Bachsten_2015,LCI 504,2015-06-21,Mid 1,Tree,10,6,9
LCI,Bachsten_2015,LCI 504,2015-06-21,Mid 2,juv tree,13,2,2.5
LCI,Bachsten_2015,LCI 504,2015-06-21,Ground,annual grass/tussock grass,18,0.8,2
LCI,Bachsten_2015,LCI 505,2015-06-21,Upper,Tree,13,11,13
LCI,Bachsten_2015,LCI 505,2015-06-21,Mid 1,Tree,12,5,7
LCI,Bachsten_2015,LCI 505,2015-06-21,Mid 2,shrub,13,1.5,2
LCI,Bachsten_2015,LCI 505,2015-06-21,Ground,annual grass/tussock grass,15,0.7,1
LCI,Bachsten_2015,LCI 506,2015-06-21,Upper,Tree,13,10,12
LCI,Bachsten_2015,LCI 506,2015-06-21,Mid 1,Tree,16,6,8
LCI,Bachsten_2015,LCI 506,2015-06-21,Mid 2,shrub,1,4,4
LCI,Bachsten_2015,LCI 506,2015-06-21,Ground,hummock,21,0.7,1
LCI,Bachsten_2015,LCI 507,2015-06-22,Upper,Tree,20,7,8
LCI,Bachsten_2015,LCI 507,2015-06-22,Mid 1,Shrub,6,1,5
LCI,Bachsten_2015,LCI 507,2015-06-22,Mid 2,shrub,0,1,2
LCI,Bachsten_2015,LCI 507,2015-06-22,Ground,hummock,5,0.7,1
LCI,Bachsten_2015,LCI 511,2015-06-22,Upper,Tree,15,13,13
LCI,Bachsten_2015,LCI 511,2015-06-22,Mid 1,tree / shrub,3,3,6
LCI,Bachsten_2015,LCI 511,2015-06-22,Mid 2,juv tree,3,2,2
LCI,Bachsten_2015,LCI 511,2015-06-22,Ground,tussock,96,0.8,1
