{
    "name": "lci",
    "resources": [
        {
            "url": "",
            "schema": {
  "fields": [
    {
      "description": "", 
      "format": "default", 
      "type": "string", 
      "name": "Project", 
      "title": ""
    }, 
    {
      "description": "", 
      "format": "default", 
      "type": "string", 
      "name": "Visit", 
      "title": ""
    }, 
    {
      "description": "", 
      "format": "default", 
      "type": "string", 
      "name": "Site", 
      "title": ""
    }, 
    {
      "description": "", 
      "format": "default", 
      "type": "date", 
      "name": "Date", 
      "title": ""
    }, 
    {
      "description": "", 
      "format": "default", 
      "type": "string", 
      "name": "Significance", 
      "title": ""
    }, 
    {
      "description": "", 
      "format": "default", 
      "type": "string", 
      "name": "Stratum", 
      "title": ""
    }, 
    {
      "description": "", 
      "format": "default", 
      "type": "string", 
      "name": "Species", 
      "title": ""
    }, 
    {
      "description": "", 
      "format": "default", 
      "type": "string", 
      "name": "Species validation status", 
      "title": ""
    }, 
    {
      "description": "", 
      "format": "default", 
      "type": "string", 
      "name": "Species uncertainty", 
      "title": ""
    }, 
    {
      "description": "", 
      "format": "default", 
      "type": "string", 
      "name": "Collector No", 
      "title": ""
    }, 
    {
      "description": "", 
      "format": "default", 
      "type": "number", 
      "name": "Average Height (m)", 
      "title": ""
    }, 
    {
      "description": "", 
      "format": "default", 
      "type": "number", 
      "name": "Cover %", 
      "title": ""
    }, 
    {
      "description": "", 
      "format": "default", 
      "type": "string", 
      "name": "Basal Area", 
      "title": ""
    }, 
    {
      "description": "", 
      "format": "default", 
      "type": "string", 
      "name": "Bitterlich % cover", 
      "title": ""
    }, 
    {
      "description": "", 
      "format": "default", 
      "type": "boolean", 
      "name": "Juvenile <2m", 
      "title": ""
    }, 
    {
      "description": "", 
      "format": "default", 
      "type": "boolean", 
      "name": "Juvenile >2m", 
      "title": ""
    }, 
    {
      "description": "", 
      "format": "default", 
      "type": "boolean", 
      "name": "Adult", 
      "title": ""
    }, 
    {
      "description": "", 
      "format": "default", 
      "type": "boolean", 
      "name": "Mature (at peak of prod.)", 
      "title": ""
    }, 
    {
      "description": "", 
      "format": "default", 
      "type": "string", 
      "name": "condition", 
      "title": ""
    }, 
    {
      "description": "", 
      "format": "default", 
      "type": "boolean", 
      "name": "Flowering", 
      "title": ""
    }, 
    {
      "description": "", 
      "format": "default", 
      "type": "boolean", 
      "name": "Fruiting", 
      "title": ""
    }, 
    {
      "description": "", 
      "format": "default", 
      "type": "boolean", 
      "name": "Seeding", 
      "title": ""
    }, 
    {
      "description": "", 
      "format": "default", 
      "type": "string", 
      "name": "Comments", 
      "title": ""

}
                ],
                "foreignKeys": [
                    {
                        "fields": [
                            "Site"
                        ],
                        "reference": {
                            "fields": [
                                "site_code"
                            ],
                            "datapackage": "https://biosys.dpaw.wa.gov.au/api/v1/",
                            "resource": "Site"
                        }
                    }
                ]
            },
            "name": "lci-stratum-species",
            "title": "Landscape Conservation Initiative - Stratum Species"
        }
    ],
    "title": "Landscape Conservation Initiative"
}
