{
    "name": "lci",
    "resources": [
        {
            "url": "",
            "schema": {
  "fields": [
    {
      "description": "", 
      "format": "default", 
      "type": "string", 
      "name": "Project", 
      "title": ""
    }, 
    {
      "description": "", 
      "format": "default", 
      "type": "string", 
      "name": "Visit", 
      "title": ""
    }, 
    {
      "description": "", 
      "format": "default", 
      "type": "string", 
      "name": "Site", 
      "title": ""
    }, 
    {
      "description": "", 
      "format": "default", 
      "type": "date", 
      "name": "Date", 
      "title": ""
    }, 
    {
      "description": "", 
      "format": "default", 
      "type": "number", 
      "name": "Perennial Grass %", 
      "title": ""
    }, 
    {
      "description": "", 
      "format": "default", 
      "type": "number", 
      "name": "Annual Grass %", 
      "title": ""
    }, 
    {
      "description": "", 
      "format": "default", 
      "type": "number", 
      "name": "Herb %", 
      "title": ""
    }, 
    {
      "description": "", 
      "format": "default", 
      "type": "number", 
      "name": "Litter %", 
      "title": ""
    }, 
    {
      "description": "", 
      "format": "default", 
      "type": "number", 
      "name": "Logs (>50mm) %", 
      "title": ""
    }, 
    {
      "description": "", 
      "format": "default", 
      "type": "number", 
      "name": "Exposed Rock and Gravel %", 
      "title": ""
    }, 
    {
      "description": "", 
      "format": "default", 
      "type": "number", 
      "name": "Bare Ground %", 
      "title": ""
    }, 
    {
      "description": "", 
      "format": "default", 
      "type": "number", 
      "name": "Termite Mound %", 
      "title": ""
    }, 
    {
      "description": "", 
      "format": "default", 
      "type": "number", 
      "name": "Woody Subshrub %", 
      "title": ""
    }, 
    {
      "description": "", 
      "format": "default", 
      "type": "number", 
      "name": "Shrub %", 
      "title": ""
    }, 
    {
      "description": "", 
      "format": "default", 
      "type": "number", 
      "name": "Tree %", 
      "title": ""

}
                ],
                "foreignKeys": [
                    {
                        "fields": [
                            "Site"
                        ],
                        "reference": {
                            "fields": [
                                "site_code"
                            ],
                            "datapackage": "https://biosys.dpaw.wa.gov.au/api/v1/",
                            "resource": "Site"
                        }
                    }
                ]
            },
            "name": "lci-transect-observations",
            "title": "Landscape Conservation Initiative - Transect Observations"
        }
    ],
    "title": "Landscape Conservation Initiative"
}
