{
    "name": "lci",
    "resources": [
        {
            "url": "",
            "schema": {
  "fields": [
    {
      "description": "", 
      "format": "default", 
      "type": "string", 
      "name": "Project", 
      "title": ""
    }, 
    {
      "description": "", 
      "format": "default", 
      "type": "string", 
      "name": "Visit", 
      "title": ""
    }, 
    {
      "description": "", 
      "format": "default", 
      "type": "string", 
      "name": "Site", 
      "title": ""
    }, 
    {
      "description": "", 
      "format": "default", 
      "type": "date", 
      "name": "Date", 
      "title": ""
    }, 
    {
      "description": "", 
      "format": "default", 
      "type": "number", 
      "name": "Point of Change (m.cm)", 
      "title": ""
    }, 
    {
      "description": "", 
      "format": "default", 
      "type": "string", 
      "name": "Change from", 
      "title": ""
    }, 
    {
      "description": "", 
      "format": "default", 
      "type": "string", 
      "name": "Change to", 
      "title": ""

}
                ],
                "foreignKeys": [
                    {
                        "fields": [
                            "Site"
                        ],
                        "reference": {
                            "fields": [
                                "site_code"
                            ],
                            "datapackage": "https://biosys.dpaw.wa.gov.au/api/v1/",
                            "resource": "Site"
                        }
                    }
                ]
            },
            "name": "lci-transect-distinct-changes",
            "title": "Landscape Conservation Initiative - Transect Distinct Changes"
        }
    ],
    "title": "Landscape Conservation Initiative"
}
