Project,Visit,Site,Date,Point of Change (m.cm),Change from,Change to
LCI,MP_July 2011,LCI 002,2011-07-29,5,sand plain,rugged rocky hillslope
LCI,MP_July 2012,LCI 002,2012-07-11,5,sand plain,rugged rocky hillslope
LCI,MP_July 2013,LCI 002,2013-07-07,5,sand plain,rugged rocky hillslope
LCI,MP_July 2014,LCI 002,2014-07-10,5,sand plain,rugged rocky hillslope
LCI,MP_July 2011,LCI 004,2011-07-27,5,old cattle scald,perennial grass dominated footslope
LCI,MP_July 2012,LCI 004,2012-07-02,6.5,scald with Heteropogon,"black soil, swampy"
LCI,MP_July 2012,LCI 004,2012-07-02,21,blacksoil swampy,Mainly Themeda hill slope rocky
LCI,MP_July 2011,LCI 008 R,2011-07-29,25,grass,grass intrusions
LCI,MP_July 2011,LCI 008 R,2011-07-29,34.8,grass intrusions,no grass
LCI,MP_August 2013,LCI 008 R,2013-08-14,25,grass,grass intrusions
LCI,MP_August 2013,LCI 008 R,2013-08-14,34.6,grass intrusions,no grass
LCI,MP_July 2014,LCI 008 R,2014-07-16,28.8,woodland,start RF seedlings
LCI,MP_July 2014,LCI 008 R,2014-07-16,34.5,grass intrusions,no grass
LCI,MP_July 2014,LCI 008 R,2014-07-16,42,RF canopy broken,RF canopy dense
LCI,MP_July 2012,LCI 008 R,2012-07-05,25,grass,grass intrusions
LCI,MP_July 2012,LCI 008 R,2012-07-05,34.6,grass intrusions,no grass
LCI,MP_July 2011,LCI 008 W,2011-07-29,28.2,burned,unburned
LCI,MP_August 2013,LCI 008 W,2013-08-14,30.5,burned,unburned
LCI,MP_July 2014,LCI 011,2014-07-15,45.2,Woodland,Open melaleuca thicket
LCI,MP_August 2011,LCI 014,2011-08-16,12,burned,unburned
LCI,MP_August 2011,LCI 014,2011-08-16,24,unburned,burned
LCI,MP_August 2013,LCI 014,2013-08-15,10.5,burned,unburned
LCI,MP_August 2013,LCI 014,2013-08-15,46.5,unburned,burned
LCI,MP_August 2011,LCI 015 R,2011-08-15,34.5,grass intrusions,no grass
LCI,MP_August 2011,LCI 015 R,2011-08-15,47,start of increasing amount of tree sapplings,
LCI,MP_July 2012,LCI 015 R,2012-07-06,36,grass intrusions,no grass
LCI,MP_August 2013,LCI 015 R,2013-08-15,36,grass intrusions,no grass
LCI,MP_August 2011,LCI 015 W,2011-08-15,15.6,grass,grass intrusions
LCI,MP_July 2012,LCI 015 W,2012-07-06,15,grass,grass intrusions
LCI,MP_August 2013,LCI 015 W,2013-08-15,15,grass,grass intrusions
LCI,MP_September 2011,LCI 017,2011-09-28,12,sandy open spinifex,more clayey soil with other perennial grasses and soil crust
LCI,MP_September 2011,LCI 018,2011-09-28,20,rocky sandstone,perched sand
LCI,MP_September 2011,LCI 018,2011-09-28,47,perched sand,rocky sandstone
LCI,MP_May 2012,LCI 021,2012-05-15,10,Triodia,vine thicket scree
LCI,MP_May 2012,LCI 021,2012-05-15,40,vine thicket scree,open rock with Triodia
LCI,MP_July 2014,LCI 021,2014-07-14,12,Acacia + Triodia thicket,vine thicket scree
LCI,MP_July 2014,LCI 023 R,2014-07-14,20.2,open volcanic woodland,rainforest
LCI,MP_July 2014,LCI 023 R,2014-07-14,15.8,woodland,start RF seedlings
LCI,MP_July 2014,LCI 023 R,2014-07-14,20.2,woodland,rainforest
LCI,MP_August 2011,LCI 023 W,2011-08-14,21.5,grass,no grass
LCI,MP_July 2013,LCI 023 W,2013-07-07,20,open volcanic woodland,rainforest
LCI,MP_July 2014,LCI 023 W,2014-07-14,21.2,grass intrusions + broken canopy,rainforest
LCI,MP_August 2011,LCI 027,2011-08-12,10,burned,unburned
LCI,MP_August 2014,LCI 028,2014-07-20,37.4,woodland laterite,open flood zone
LCI,MP_August 2014,LCI 028,2014-07-20,50,open flood zone,wetland/riparian
LCI,MP_September 2011,LCI 029,2011-09-23,12.2,annual,Themeda triandra perennial
LCI,MP_September 2011,LCI 029,2011-09-23,43,Themeda triandra,riparian grasses
LCI,MP_July 2012,LCI 029,2012-07-02,15.2,low grass scald,Themeda triandra dominated
LCI,MP_July 2012,LCI 029,2012-07-02,43.2,Themeda triandra,Sorghum plumosum and riparian grasses
LCI,MP_July 2013,LCI 029,2013-07-04,22,scald recovering,taller grass
LCI,MP_July 2013,LCI 029,2013-07-04,43,taller grass,riparian grasses
LCI,MP_August 2011,LCI 032,2011-08-24,45,open woodland,Melaleuca nervosa woodland/swamp
LCI,MP_July 2013,LCI 032,2013-07-03,45,open woodland,Melaleuca nervosa woodland/swamp
LCI,MP_July 2012,LCI 035,2012-07-03,16,sandy flat,rocks
LCI,MP_July 2013,LCI 035,2013-07-05,16,sandy flat,rocks
LCI,MP_September 2011,LCI 038,2011-09-21,38.5,herb field/grass,wetland
LCI,MP_July 2012,LCI 039 R,2012-07-06,18.8,grass intrusions,no grass
LCI,MP_August 2013,LCI 039 R,2013-08-15,18.8,grass intrusions,no grass
LCI,MP_July 2012,LCI 039 W,2012-07-06,13,grass,grass intrusions
LCI,MP_August 2013,LCI 039 W,2013-08-15,13,grass,grass intrusions
LCI,MP_September 2013,LCI 047 R,2013-09-07,60,open rainforest,closed dense rainforest with rocks
LCI,MP_July 2014,LCI 047 R,2014-07-12,13.9,grass woodland,intrusion zone with rainforest seedlings
LCI,MP_July 2014,LCI 047 R,2014-07-12,15.8,grass woodland,rainforest
LCI,MP_September 2013,LCI 047 W,2013-09-07,15,grass,grass intrusions
LCI,MP_July 2014,LCI 047 W,2014-07-12,22,grass intrustions + broken canopy,Rainforest
LCI,MP_August 2013,LCI 050,2013-08-10,28.5,"flat, recently burned","scree, longer unburned"
LCI,MP_July 2012,LCI 056,2012-07-13,4.8,cattle pad,
LCI,MP_August 2013,LCI 056,2013-08-11,4.8,cattle pad,
LCI,KLRCR_2014,LCI 201,2014-05-15,46.3,grass woodland,dense pandanus thicket
LCI,KLRCR_2011,LCI 202,2011-06-25,12.1,triodia,heteropogon/chrysopogon
LCI,KLRCR_2012,LCI 202,2012-06-19,12.1,triodia,tussock
LCI,KLRCR_2013,LCI 202,2013-06-19,12.1,triodia,tussock
LCI,KLRCR_2014,LCI 202,2014-05-14,11.7,triodia,sorgham
LCI,KLRCR_2015,LCI 202,2015-05-12,12.1,triodia,tussock
LCI,KLRCR_2011,LCI 205,2011-06-23,7.3,cattle track,
LCI,KLRCR_2012,LCI 205,2012-06-12,7.3,cattle track - looks less used / fading,
LCI,KLRCR_2013,LCI 205,2013-06-17,7.3,"cattle track - still in use, probably just to walk through",
LCI,KLRCR_2014,LCI 205,2014-05-16,7,Eriachne + Heteropogon dominated grass understorey,triodia dominated understorey
LCI,KLRCR_2014,LCI 205,2014-05-16,42,triodia dominated understorey,Eriachne + Heteropogon dominated grass understorey
LCI,KLRCR_2015,LCI 205,2015-05-10,7,Eriachne + Heteropogon dominated grass understorey,triodia dominated understorey
LCI,KLRCR_2015,LCI 205,2015-05-10,42,triodia dominated understorey,Eriachne + Heteropogon dominated grass understorey
LCI,KLRCR_2011,LCI 207,2011-06-26,63,unburned,burned
LCI,KLRCR_2012,LCI 207,2012-06-14,63,burned,unburned
LCI,KLRCR_2012,LCI 207,2012-06-14,50.5,unburned,burned
LCI,KLRCR_2014,LCI 208,2014-05-15,35,annual Sorghum dominated,perennial grass dominated
LCI,KLRCR_2014,LCI 211,2014-05-16,35,Triodia dom - open,sorgham dominated - shade
LCI,KLRCR_2014,LCI 213,2014-05-15,27,grass woodland,riparian zone
LCI,PRNP_2012,LCI 301,2012-08-01,6,Triodia,"Eriachne, Ophiuros"
LCI,PRNP_2012,LCI 301,2012-08-01,35.7,"Eriachne, Ophiuros",true riparian bank vegetation
LCI,PRNP_2014,LCI 301,2014-06-15,7.1,triodia,peren grass understory
LCI,PRNP_2014,LCI 301,2014-06-15,27,dense grev thicket,grassy riparian
LCI,PRNP_2015,LCI 301,2015-08-26,38,woodland,granite outcrop/creek
LCI,PRNP_2014,LCI 303,2014-06-17,33,Triodia sandstone flat,rocky scree
LCI,PRNP_2014,LCI 305 R,2014-06-15,18,"herb understorey, broken canpoy",dense shade
LCI,PRNP_2012,LCI 305 W,2012-08-01,17,herb,rainforest interior dominated by litter
LCI,PRNP_2012,LCI 306,2012-08-02,19,resinous Triodia,light Triodia
LCI,PRNP_2012,LCI 307,2012-08-02,18,Triodia light,Triodia resinous
LCI,PRNP_2012,LCI 308,2012-08-02,19,resinous Triodia,Eriachne obtusa dominant
LCI,PRNP_2014,LCI 308,2014-06-16,47,riparian vegetation,creekline (water)
LCI,PRNP_2012,LCI 311,2012-08-08,12,rocky outcrop,open volcanic woodland
LCI,PRNP_2015,LCI 311,2015-08-18,20,woodland,rocky outcrop
LCI,PRNP_2014,LCI 313 R,2014-06-07,16,volcanic woodland,rainforest open floor
LCI,PRNP_2014,LCI 313 R,2014-06-07,34,rainforest open floor,boulder slope
LCI,PRNP_2015,LCI 313 R,2015-08-19,16.7,woodland,rainforest
LCI,PRNP_2012,LCI 313 W,2012-08-08,16.7,volcanic woodland,rainforest open floor
LCI,PRNP_2012,LCI 313 W,2012-08-08,34,rainforest open floor,boulder slope
LCI,PRNP_2014,LCI 313 W,2014-06-07,16,volcanic woodland,rainforest open floor
LCI,PRNP_2014,LCI 313 W,2014-06-07,34,rainforest open floor,boulder slope
LCI,PRNP_2015,LCI 313 W,2015-08-19,16.7,woodland,rainforest
LCI,PRNP_2014,LCI 314 R,2014-07-08,16.5,woodland/ perennial grass,rainforest / open understory
LCI,PRNP_2012,LCI 314 W,2012-08-09,21,volcanic savanna woodland,rainforest
LCI,PRNP_2015,LCI 316,2015-08-20,38,woodland,granite outcrop
LCI,PRNP_2012,LCI 317 R,2012-08-08,22,Passioflora/tussock grass,rocks and rainforest boundary
LCI,PRNP_2014,LCI 317 R,2014-06-08,22,woodland,rainforest
LCI,PRNP_2015,LCI 317 R,2015-08-20,20.5,woodland,rainforest
LCI,PRNP_2014,LCI 317 W,2014-06-08,22,woodland,rainforest
LCI,PRNP_2015,LCI 317 W,2015-08-20,20.5,woodland,rainforest
LCI,PRNP_2012,LCI 318,2012-08-10,11,red loam,grey sand/loam
LCI,PRNP_2012,LCI 318,2012-08-10,43.5,grey sand/loam,red loam
LCI,Mt Elizabeth_2013,LCI 401,2013-09-28,23,open sandy flat,Callitris stand
LCI,Mt Elizabeth_2013,LCI 403,2013-09-28,6,Eucalyptus tectifica woodland,Callitris stand
LCI,Mt Elizabeth_2013,LCI 403,2013-09-28,42,Callitris stand,E. tectifica woodland
LCI,Bachsten_2013,LCI 502,2013-09-22,10,flat adjoining creek,hillslope
LCI,Bachsten_2013,LCI 504,2013-09-25,38,footslope with Sorghum stipoideum,rocky hillside with Sorghum plumosum
LCI,Bachsten_2013,LCI 504,2013-09-25,60,rocky hillside,Triodia rocky plateau surface
LCI,Bachsten_2013,LCI 505,2013-09-24,11,valley floor,rocky slope
LCI,Bachsten_2013,LCI 505,2013-09-24,42,rocky slope,Triodia plateau
LCI,Bachsten_2013,LCI 506,2013-09-23,11.5,valley flat,rocky slope
LCI,Bachsten_2013,LCI 506,2013-09-23,27,rocky slope,spinifex flat or levee
LCI,Bachsten_2013,LCI 511,2013-09-23,37,E. miniata woodland,seasonal swamp
LCI,DRNP_2013,LCI 601,2013-08-18,44,levee flat,eroded bank
LCI,DRNP_2015,LCI 601,2015-07-25,43,river floddplain,eroded bank
LCI,DRNP_2015,LCI 601,2015-07-25,50,eroded bank,water level
LCI,DRNP_2013,LCI 602,2013-08-18,30,levee flat,slope of bank
LCI,DRNP_2013,LCI 604,2013-08-19,10.5,slope,scree slope
LCI,DRNP_2015,LCI 604,2015-07-24,5,base of hill with Chrysopogon,slope dominated by annual Sorghum
LCI,DRNP_2013,LCI 605,2013-08-19,20,"gentle slope with rocks, Sorghum and Eriachne",Heteropogon dominated
LCI,DRNP_2013,LCI 605,2013-08-19,31,Heteropogon flat,Ophiuros dominated
LCI,DRNP_2013,LCI 605,2013-08-19,46,Ophiuros dominated,bank/gallery forest no understorey
LCI,DRNP_2013,LCI 608 R,2013-08-20,21,transition,rainforest proper
LCI,DRNP_2013,LCI 608 R,2013-08-20,44,rainforest proper,creek boulders
LCI,DRNP_2015,LCI 608 R,2015-07-23,11,woodland,rainforest patch
LCI,DRNP_2013,LCI 608 W,2013-08-20,10,grassy savanna,transition
LCI,DRNP_2015,LCI 608 W,2015-07-23,11,woodland,rainforest patch
LCI,DRNP_2015,LCI 612,2015-07-17,4.5,ephemeral creek,rocky bank
LCI,DRNP_2015,LCI 612,2015-07-17,20,rocky bank,rock shelf - little shallow soil
LCI,DRNP_2015,LCI 615,2015-07-19,13,rock shelf at top of cliff,boulder spinifex slope
LCI,DRNP_2015,LCI 615,2015-07-19,26.4,boulder spinifex slope,Flat rock shelf with sand covering
LCI,DRNP_2015,LCI 616,2015-07-19,11,rock shelf,rainforest/escarpment
LCI,DRNP_2015,LCI 616,2015-07-19,21,rainforest/escarpment,rock shelf and spinifex plateau
