Project,Visit,Site,Trap Line ID,Trap Type,Open Date,Close Date,Datum,Start Latitude,Start Longitude,Stop Latitude,Stop Longitude,Accuracy (m),Number of Traps,Comments
LCI,MP_July 2011,LCI 001,,Camera,2011-07-26,2011-08-01,GDA94,,,,,50,1,
LCI,MP_July 2011,LCI 001,,Cage,2011-07-26,2011-08-01,GDA94,,,,,50,4,
LCI,MP_July 2011,LCI 001,,Medium Elliott,2011-07-26,2011-08-01,GDA94,,,,,50,10,
LCI,MP_July 2011,LCI 001,,Large Elliott,2011-07-26,2011-08-01,GDA94,,,,,50,10,
LCI,MP_July 2011,LCI 002,,Camera,2011-07-30,2011-08-01,GDA94,,,,,50,1,
LCI,MP_July 2011,LCI 002,,Cage,2011-07-30,2011-08-01,GDA94,,,,,50,4,
LCI,MP_July 2011,LCI 002,,Medium Elliott,2011-07-30,2011-08-01,GDA94,,,,,50,10,
LCI,MP_July 2011,LCI 002,,Large Elliott,2011-07-30,2011-08-01,GDA94,,,,,50,10,
LCI,MP_July 2011,LCI 003,,Camera,2011-07-29,2011-08-01,GDA94,,,,,50,1,
LCI,MP_July 2011,LCI 003,,Cage,2011-07-29,2011-08-01,GDA94,,,,,50,4,
LCI,MP_July 2011,LCI 003,,Medium Elliott,2011-07-29,2011-08-01,GDA94,,,,,50,10,
LCI,MP_July 2011,LCI 003,,Large Elliott,2011-07-29,2011-08-01,GDA94,,,,,50,10,
LCI,MP_July 2011,LCI 004,,Camera,2011-07-26,2011-08-01,GDA94,,,,,50,1,
LCI,MP_July 2011,LCI 004,,Cage,2011-07-26,2011-08-01,GDA94,,,,,50,4,
LCI,MP_July 2011,LCI 004,,Medium Elliott,2011-07-26,2011-08-01,GDA94,,,,,50,10,
LCI,MP_July 2011,LCI 004,,Large Elliott,2011-07-26,2011-08-01,GDA94,,,,,50,10,
LCI,MP_July 2011,LCI 005,,Camera,2011-07-26,2011-08-01,GDA94,,,,,50,1,
LCI,MP_July 2011,LCI 005,,Cage,2011-07-26,2011-08-01,GDA94,,,,,50,4,
LCI,MP_July 2011,LCI 005,,Medium Elliott,2011-07-26,2011-08-01,GDA94,,,,,50,10,
LCI,MP_July 2011,LCI 005,,Large Elliott,2011-07-26,2011-08-01,GDA94,,,,,50,10,
LCI,MP_July 2011,LCI 007,,Camera,2011-08-02,2011-08-05,GDA94,,,,,50,1,
LCI,MP_July 2011,LCI 007,,Cage,2011-08-02,2011-08-05,GDA94,,,,,50,4,
LCI,MP_July 2011,LCI 007,,Medium Elliott,2011-08-02,2011-08-05,GDA94,,,,,50,10,
LCI,MP_July 2011,LCI 007,,Large Elliott,2011-08-02,2011-08-05,GDA94,,,,,50,10,
LCI,MP_July 2011,LCI 008 R,,Camera,2011-08-02,2011-08-05,GDA94,,,,,50,1,
LCI,MP_July 2011,LCI 008 R,,Cage,2011-08-02,2011-08-05,GDA94,,,,,50,4,
LCI,MP_July 2011,LCI 008 R,,Medium Elliott,2011-08-02,2011-08-05,GDA94,,,,,50,10,
LCI,MP_July 2011,LCI 008 R,,Large Elliott,2011-08-02,2011-08-05,GDA94,,,,,50,10,
LCI,MP_July 2011,LCI 009,,Camera,2011-08-02,2011-08-05,GDA94,,,,,50,1,
LCI,MP_July 2011,LCI 009,,Cage,2011-08-02,2011-08-05,GDA94,,,,,50,4,
LCI,MP_July 2011,LCI 009,,Medium Elliott,2011-08-02,2011-08-05,GDA94,,,,,50,10,
LCI,MP_July 2011,LCI 009,,Large Elliott,2011-08-02,2011-08-05,GDA94,,,,,50,10,
LCI,MP_July 2011,LCI 010,,Camera,2011-08-02,2011-08-05,GDA94,,,,,50,1,
LCI,MP_July 2011,LCI 010,,Cage,2011-08-02,2011-08-05,GDA94,,,,,50,4,
LCI,MP_July 2011,LCI 010,,Medium Elliott,2011-08-02,2011-08-05,GDA94,,,,,50,10,
LCI,MP_July 2011,LCI 010,,Large Elliott,2011-08-02,2011-08-05,GDA94,,,,,50,10,
LCI,MP_August 2011,LCI 020,,Camera,2011-08-27,2011-08-30,GDA94,,,,,50,1,
LCI,MP_August 2011,LCI 020,,Cage,2011-08-27,2011-08-30,GDA94,,,,,50,4,
LCI,MP_August 2011,LCI 020,,Medium Elliott,2011-08-27,2011-08-30,GDA94,,,,,50,10,
LCI,MP_August 2011,LCI 020,,Large Elliott,2011-08-27,2011-08-30,GDA94,,,,,50,10,
LCI,MP_August 2011,LCI 021,,Camera,2011-08-27,2011-09-02,GDA94,,,,,50,1,
LCI,MP_August 2011,LCI 021,,Cage,2011-08-27,2011-09-02,GDA94,,,,,50,4,
LCI,MP_August 2011,LCI 021,,Medium Elliott,2011-08-27,2011-09-02,GDA94,,,,,50,10,
LCI,MP_August 2011,LCI 021,,Large Elliott,2011-08-27,2011-09-02,GDA94,,,,,50,10,
LCI,MP_August 2011,LCI 022,,Camera,2011-08-27,2011-08-30,GDA94,,,,,50,1,
LCI,MP_August 2011,LCI 022,,Cage,2011-08-27,2011-08-30,GDA94,,,,,50,4,
LCI,MP_August 2011,LCI 022,,Medium Elliott,2011-08-27,2011-08-30,GDA94,,,,,50,10,
LCI,MP_August 2011,LCI 022,,Large Elliott,2011-08-27,2011-08-30,GDA94,,,,,50,10,
LCI,MP_August 2011,LCI 023 R,,Camera,2011-08-27,2011-09-02,GDA94,,,,,50,1,
LCI,MP_August 2011,LCI 023 R,,Cage,2011-08-27,2011-09-02,GDA94,,,,,50,4,
LCI,MP_August 2011,LCI 023 R,,Medium Elliott,2011-08-27,2011-09-02,GDA94,,,,,50,10,
LCI,MP_August 2011,LCI 023 R,,Large Elliott,2011-08-27,2011-09-02,GDA94,,,,,50,10,
LCI,MP_August 2011,LCI 024,,Camera,2011-08-27,2011-09-02,GDA94,,,,,50,1,
LCI,MP_August 2011,LCI 024,,Cage,2011-08-27,2011-09-02,GDA94,,,,,50,4,
LCI,MP_August 2011,LCI 024,,Medium Elliott,2011-08-27,2011-09-02,GDA94,,,,,50,10,
LCI,MP_August 2011,LCI 024,,Large Elliott,2011-08-27,2011-09-02,GDA94,,,,,50,10,
LCI,MP_August 2011,LCI 031,,Camera,2011-08-23,2011-08-26,GDA94,,,,,50,1,
LCI,MP_August 2011,LCI 031,,Cage,2011-08-23,2011-08-26,GDA94,,,,,50,4,
LCI,MP_August 2011,LCI 031,,Medium Elliott,2011-08-23,2011-08-26,GDA94,,,,,50,10,
LCI,MP_August 2011,LCI 031,,Large Elliott,2011-08-23,2011-08-26,GDA94,,,,,50,10,
LCI,MP_August 2011,LCI 032,,Camera,2011-08-23,2011-08-26,GDA94,,,,,50,1,
LCI,MP_August 2011,LCI 032,,Cage,2011-08-23,2011-08-26,GDA94,,,,,50,4,
LCI,MP_August 2011,LCI 032,,Medium Elliott,2011-08-23,2011-08-26,GDA94,,,,,50,10,
LCI,MP_August 2011,LCI 032,,Large Elliott,2011-08-23,2011-08-26,GDA94,,,,,50,10,
LCI,MP_August 2011,LCI 033,,Camera,2011-08-23,2011-08-26,GDA94,,,,,50,1,
LCI,MP_August 2011,LCI 033,,Cage,2011-08-23,2011-08-26,GDA94,,,,,50,4,
LCI,MP_August 2011,LCI 033,,Medium Elliott,2011-08-23,2011-08-26,GDA94,,,,,50,10,
LCI,MP_August 2011,LCI 033,,Large Elliott,2011-08-23,2011-08-26,GDA94,,,,,50,10,
LCI,MP_August 2011,LCI 034,,Camera,2011-08-23,2011-08-26,GDA94,,,,,50,1,
LCI,MP_August 2011,LCI 034,,Cage,2011-08-23,2011-08-26,GDA94,,,,,50,4,
LCI,MP_August 2011,LCI 034,,Medium Elliott,2011-08-23,2011-08-26,GDA94,,,,,50,10,
LCI,MP_August 2011,LCI 034,,Large Elliott,2011-08-23,2011-08-26,GDA94,,,,,50,10,
LCI,MP_August 2011,LCI 035,,Camera,2011-08-23,2011-08-26,GDA94,,,,,50,1,
LCI,MP_August 2011,LCI 035,,Cage,2011-08-23,2011-08-26,GDA94,,,,,50,4,
LCI,MP_August 2011,LCI 035,,Medium Elliott,2011-08-23,2011-08-26,GDA94,,,,,50,10,
LCI,MP_August 2011,LCI 035,,Large Elliott,2011-08-23,2011-08-26,GDA94,,,,,50,10,
LCI,MP_September 2011,LCI 038,,Camera,2011-09-21,2011-09-27,GDA94,,,,,50,1,
LCI,MP_September 2011,LCI 038,,Cage,2011-09-21,2011-09-27,GDA94,,,,,50,4,
LCI,MP_September 2011,LCI 038,,Medium Elliott,2011-09-21,2011-09-27,GDA94,,,,,50,10,
LCI,MP_September 2011,LCI 038,,Large Elliott,2011-09-21,2011-09-27,GDA94,,,,,50,10,
LCI,MP_July 2012,LCI 039 R,,Camera,2012-07-01,2012-07-06,GDA94,,,,,50,1,
LCI,MP_July 2012,LCI 039 R,,Cage,2012-07-01,2012-07-06,GDA94,,,,,50,4,
LCI,MP_July 2012,LCI 039 R,,Medium Elliott,2012-07-01,2012-07-06,GDA94,,,,,50,10,
LCI,MP_July 2012,LCI 039 R,,Large Elliott,2012-07-01,2012-07-06,GDA94,,,,,50,10,
LCI,MP_July 2012,LCI 041,,Camera,2012-07-07,2012-07-12,GDA94,,,,,50,1,
LCI,MP_July 2012,LCI 041,,Cage,2012-07-07,2012-07-12,GDA94,,,,,50,4,
LCI,MP_July 2012,LCI 041,,Medium Elliott,2012-07-07,2012-07-12,GDA94,,,,,50,10,
LCI,MP_July 2012,LCI 041,,Large Elliott,2012-07-07,2012-07-12,GDA94,,,,,50,10,
LCI,MP_July 2012,LCI 043,,Camera,2012-07-01,2012-07-06,GDA94,,,,,50,1,
LCI,MP_July 2012,LCI 043,,Cage,2012-07-01,2012-07-06,GDA94,,,,,50,4,
LCI,MP_July 2012,LCI 043,,Medium Elliott,2012-07-01,2012-07-06,GDA94,,,,,50,10,
LCI,MP_July 2012,LCI 043,,Large Elliott,2012-07-01,2012-07-06,GDA94,,,,,50,10,
LCI,MP_July 2012,LCI 044,,Camera,2012-07-01,2012-07-06,GDA94,,,,,50,1,
LCI,MP_July 2012,LCI 044,,Cage,2012-07-01,2012-07-06,GDA94,,,,,50,4,
LCI,MP_July 2012,LCI 044,,Medium Elliott,2012-07-01,2012-07-06,GDA94,,,,,50,10,
LCI,MP_July 2012,LCI 044,,Large Elliott,2012-07-01,2012-07-06,GDA94,,,,,50,10,
LCI,MP_September 2013,LCI 047 R,,Camera,2013-09-04,2013-09-09,GDA94,,,,,50,1,
LCI,MP_September 2013,LCI 047 R,,Cage,2013-09-04,2013-09-09,GDA94,,,,,50,4,
LCI,MP_September 2013,LCI 047 R,,Medium Elliott,2013-09-04,2013-09-09,GDA94,,,,,50,10,
LCI,MP_September 2013,LCI 047 R,,Large Elliott,2013-09-04,2013-09-09,GDA94,,,,,50,10,
LCI,KLRCR_2011,LCI 201,,Camera,2011-06-21,2011-06-24,GDA94,,,,,50,1,
LCI,KLRCR_2011,LCI 201,,Cage,2011-06-21,2011-06-24,GDA94,,,,,50,4,
LCI,KLRCR_2011,LCI 201,,Medium Elliott,2011-06-21,2011-06-24,GDA94,,,,,50,10,
LCI,KLRCR_2011,LCI 201,,Large Elliott,2011-06-21,2011-06-24,GDA94,,,,,50,10,
LCI,KLRCR_2011,LCI 202,,Camera,2011-06-21,2011-06-24,GDA94,,,,,50,1,
LCI,KLRCR_2011,LCI 202,,Cage,2011-06-21,2011-06-24,GDA94,,,,,50,4,
LCI,KLRCR_2011,LCI 202,,Medium Elliott,2011-06-21,2011-06-24,GDA94,,,,,50,10,
LCI,KLRCR_2011,LCI 202,,Large Elliott,2011-06-21,2011-06-24,GDA94,,,,,50,10,
LCI,KLRCR_2011,LCI 203,,Camera,2011-06-24,2011-06-27,GDA94,,,,,50,1,
LCI,KLRCR_2011,LCI 203,,Cage,2011-06-24,2011-06-27,GDA94,,,,,50,4,
LCI,KLRCR_2011,LCI 203,,Medium Elliott,2011-06-24,2011-06-27,GDA94,,,,,50,10,
LCI,KLRCR_2011,LCI 203,,Large Elliott,2011-06-24,2011-06-27,GDA94,,,,,50,10,
LCI,KLRCR_2011,LCI 204,,Camera,2011-06-22,2011-06-25,GDA94,,,,,50,1,
LCI,KLRCR_2011,LCI 204,,Cage,2011-06-22,2011-06-25,GDA94,,,,,50,4,
LCI,KLRCR_2011,LCI 204,,Medium Elliott,2011-06-22,2011-06-25,GDA94,,,,,50,10,
LCI,KLRCR_2011,LCI 204,,Large Elliott,2011-06-22,2011-06-25,GDA94,,,,,50,10,
LCI,KLRCR_2011,LCI 205,,Camera,2011-06-24,2011-06-27,GDA94,,,,,50,1,
LCI,KLRCR_2011,LCI 205,,Cage,2011-06-24,2011-06-27,GDA94,,,,,50,4,
LCI,KLRCR_2011,LCI 205,,Medium Elliott,2011-06-24,2011-06-27,GDA94,,,,,50,10,
LCI,KLRCR_2011,LCI 205,,Large Elliott,2011-06-24,2011-06-27,GDA94,,,,,50,10,
LCI,KLRCR_2011,LCI 206,,Camera,2011-06-24,2011-06-27,GDA94,,,,,50,1,
LCI,KLRCR_2011,LCI 206,,Cage,2011-06-24,2011-06-27,GDA94,,,,,50,4,
LCI,KLRCR_2011,LCI 206,,Medium Elliott,2011-06-24,2011-06-27,GDA94,,,,,50,10,
LCI,KLRCR_2011,LCI 206,,Large Elliott,2011-06-24,2011-06-27,GDA94,,,,,50,10,
LCI,KLRCR_2011,LCI 207,,Camera,2011-06-28,2011-07-01,GDA94,,,,,50,1,
LCI,KLRCR_2011,LCI 207,,Cage,2011-06-28,2011-07-01,GDA94,,,,,50,4,
LCI,KLRCR_2011,LCI 207,,Medium Elliott,2011-06-28,2011-07-01,GDA94,,,,,50,10,
LCI,KLRCR_2011,LCI 207,,Large Elliott,2011-06-28,2011-07-01,GDA94,,,,,50,10,
LCI,KLRCR_2011,LCI 208,,Camera,2011-06-28,2011-07-01,GDA94,,,,,50,1,
LCI,KLRCR_2011,LCI 208,,Cage,2011-06-28,2011-07-01,GDA94,,,,,50,4,
LCI,KLRCR_2011,LCI 208,,Medium Elliott,2011-06-28,2011-07-01,GDA94,,,,,50,10,
LCI,KLRCR_2011,LCI 208,,Large Elliott,2011-06-28,2011-07-01,GDA94,,,,,50,10,
LCI,KLRCR_2011,LCI 209,,Camera,2011-06-28,2011-07-01,GDA94,,,,,50,1,
LCI,KLRCR_2011,LCI 209,,Cage,2011-06-28,2011-07-01,GDA94,,,,,50,4,
LCI,KLRCR_2011,LCI 209,,Medium Elliott,2011-06-28,2011-07-01,GDA94,,,,,50,10,
LCI,KLRCR_2011,LCI 209,,Large Elliott,2011-06-28,2011-07-01,GDA94,,,,,50,10,
LCI,KLRCR_2011,LCI 210,,Camera,2011-06-28,2011-07-01,GDA94,,,,,50,1,
LCI,KLRCR_2011,LCI 210,,Cage,2011-06-28,2011-07-01,GDA94,,,,,50,4,
LCI,KLRCR_2011,LCI 210,,Medium Elliott,2011-06-28,2011-07-01,GDA94,,,,,50,10,
LCI,KLRCR_2011,LCI 210,,Large Elliott,2011-06-28,2011-07-01,GDA94,,,,,50,10,
LCI,KLRCR_2011,LCI 211,,Camera,2011-06-28,2011-07-01,GDA94,,,,,50,1,
LCI,KLRCR_2011,LCI 211,,Cage,2011-06-28,2011-07-01,GDA94,,,,,50,4,
LCI,KLRCR_2011,LCI 211,,Medium Elliott,2011-06-28,2011-07-01,GDA94,,,,,50,10,
LCI,KLRCR_2011,LCI 211,,Large Elliott,2011-06-28,2011-07-01,GDA94,,,,,50,10,
LCI,KLRCR_2011,LCI 212,,Camera,2011-06-28,2011-07-01,GDA94,,,,,50,1,
LCI,KLRCR_2011,LCI 212,,Cage,2011-06-28,2011-07-01,GDA94,,,,,50,4,
LCI,KLRCR_2011,LCI 212,,Medium Elliott,2011-06-28,2011-07-01,GDA94,,,,,50,10,
LCI,KLRCR_2011,LCI 212,,Large Elliott,2011-06-28,2011-07-01,GDA94,,,,,50,10,
LCI,PRNP_2012,LCI 301,,Camera,2012-07-31,2012-08-05,GDA94,,,,,50,1,
LCI,PRNP_2012,LCI 301,,Cage,2012-07-31,2012-08-05,GDA94,,,,,50,4,
LCI,PRNP_2012,LCI 301,,Medium Elliott,2012-07-31,2012-08-05,GDA94,,,,,50,10,
LCI,PRNP_2012,LCI 301,,Large Elliott,2012-07-31,2012-08-05,GDA94,,,,,50,10,
LCI,PRNP_2012,LCI 303,,Camera,2012-07-31,2012-08-05,GDA94,,,,,50,1,
LCI,PRNP_2012,LCI 303,,Cage,2012-07-31,2012-08-05,GDA94,,,,,50,4,
LCI,PRNP_2012,LCI 303,,Medium Elliott,2012-07-31,2012-08-05,GDA94,,,,,50,10,
LCI,PRNP_2012,LCI 303,,Large Elliott,2012-07-31,2012-08-05,GDA94,,,,,50,10,
LCI,PRNP_2012,LCI 304,,Camera,2012-07-31,2012-08-05,GDA94,,,,,50,1,
LCI,PRNP_2012,LCI 304,,Cage,2012-07-31,2012-08-05,GDA94,,,,,50,4,
LCI,PRNP_2012,LCI 304,,Medium Elliott,2012-07-31,2012-08-05,GDA94,,,,,50,10,
LCI,PRNP_2012,LCI 304,,Large Elliott,2012-07-31,2012-08-05,GDA94,,,,,50,10,
LCI,PRNP_2012,LCI 305 R,,Camera,2012-07-31,2012-08-05,GDA94,,,,,50,1,
LCI,PRNP_2012,LCI 305 R,,Cage,2012-07-31,2012-08-05,GDA94,,,,,50,4,
LCI,PRNP_2012,LCI 305 R,,Medium Elliott,2012-07-31,2012-08-05,GDA94,,,,,50,10,
LCI,PRNP_2012,LCI 305 R,,Large Elliott,2012-07-31,2012-08-05,GDA94,,,,,50,10,
LCI,PRNP_2012,LCI 311,,Camera,2012-08-07,2012-08-12,GDA94,,,,,50,1,
LCI,PRNP_2012,LCI 311,,Cage,2012-08-07,2012-08-12,GDA94,,,,,50,4,
LCI,PRNP_2012,LCI 311,,Medium Elliott,2012-08-07,2012-08-12,GDA94,,,,,50,10,
LCI,PRNP_2012,LCI 311,,Large Elliott,2012-08-07,2012-08-12,GDA94,,,,,50,10,
LCI,PRNP_2012,LCI 313 R,,Camera,2012-08-07,2012-08-12,GDA94,,,,,50,1,
LCI,PRNP_2012,LCI 313 R,,Cage,2012-08-07,2012-08-12,GDA94,,,,,50,4,
LCI,PRNP_2012,LCI 313 R,,Medium Elliott,2012-08-07,2012-08-12,GDA94,,,,,50,10,
LCI,PRNP_2012,LCI 313 R,,Large Elliott,2012-08-07,2012-08-12,GDA94,,,,,50,10,
LCI,PRNP_2012,LCI 314 R,,Camera,2012-08-07,2012-08-12,GDA94,,,,,50,1,
LCI,PRNP_2012,LCI 314 R,,Cage,2012-08-07,2012-08-12,GDA94,,,,,50,4,
LCI,PRNP_2012,LCI 314 R,,Medium Elliott,2012-08-07,2012-08-12,GDA94,,,,,50,10,
LCI,PRNP_2012,LCI 314 R,,Large Elliott,2012-08-07,2012-08-12,GDA94,,,,,50,10,
LCI,PRNP_2012,LCI 315,,Camera,2012-08-07,2012-08-12,GDA94,,,,,50,1,
LCI,PRNP_2012,LCI 315,,Cage,2012-08-07,2012-08-12,GDA94,,,,,50,4,
LCI,PRNP_2012,LCI 315,,Medium Elliott,2012-08-07,2012-08-12,GDA94,,,,,50,10,
LCI,PRNP_2012,LCI 315,,Large Elliott,2012-08-07,2012-08-12,GDA94,,,,,50,10,
LCI,Mt Elizabeth_2013,LCI 401,,Camera,2013-09-29,2013-10-04,GDA94,,,,,50,1,
LCI,Mt Elizabeth_2013,LCI 401,,Cage,2013-09-29,2013-10-04,GDA94,,,,,50,4,
LCI,Mt Elizabeth_2013,LCI 401,,Medium Elliott,2013-09-29,2013-10-04,GDA94,,,,,50,10,
LCI,Mt Elizabeth_2013,LCI 401,,Large Elliott,2013-09-29,2013-10-04,GDA94,,,,,50,10,
LCI,Mt Elizabeth_2013,LCI 403,,Camera,2013-09-29,2013-10-04,GDA94,,,,,50,1,
LCI,Mt Elizabeth_2013,LCI 403,,Cage,2013-09-29,2013-10-04,GDA94,,,,,50,4,
LCI,Mt Elizabeth_2013,LCI 403,,Medium Elliott,2013-09-29,2013-10-04,GDA94,,,,,50,10,
LCI,Mt Elizabeth_2013,LCI 403,,Large Elliott,2013-09-29,2013-10-04,GDA94,,,,,50,10,
LCI,Mt Elizabeth_2013,LCI 405,,Camera,2013-09-29,2013-10-04,GDA94,,,,,50,1,
LCI,Mt Elizabeth_2013,LCI 405,,Cage,2013-09-29,2013-10-04,GDA94,,,,,50,4,
LCI,Mt Elizabeth_2013,LCI 405,,Medium Elliott,2013-09-29,2013-10-04,GDA94,,,,,50,10,
LCI,Mt Elizabeth_2013,LCI 405,,Large Elliott,2013-09-29,2013-10-04,GDA94,,,,,50,10,
LCI,Mt Elizabeth_2013,LCI 406,,Camera,2013-09-29,2013-10-04,GDA94,,,,,50,1,
LCI,Mt Elizabeth_2013,LCI 406,,Cage,2013-09-29,2013-10-04,GDA94,,,,,50,4,
LCI,Mt Elizabeth_2013,LCI 406,,Medium Elliott,2013-09-29,2013-10-04,GDA94,,,,,50,10,
LCI,Mt Elizabeth_2013,LCI 406,,Large Elliott,2013-09-29,2013-10-04,GDA94,,,,,50,10,
LCI,Mt Elizabeth_2013,LCI 410,,Camera,2013-09-29,2013-10-04,GDA94,,,,,50,1,
LCI,Mt Elizabeth_2013,LCI 410,,Cage,2013-09-29,2013-10-04,GDA94,,,,,50,4,
LCI,Mt Elizabeth_2013,LCI 410,,Medium Elliott,2013-09-29,2013-10-04,GDA94,,,,,50,10,
LCI,Mt Elizabeth_2013,LCI 410,,Large Elliott,2013-09-29,2013-10-04,GDA94,,,,,50,10,
LCI,Mt Elizabeth_2013,LCI 411,,Camera,2013-09-29,2013-10-04,GDA94,,,,,50,1,
LCI,Mt Elizabeth_2013,LCI 411,,Cage,2013-09-29,2013-10-04,GDA94,,,,,50,4,
LCI,Mt Elizabeth_2013,LCI 411,,Medium Elliott,2013-09-29,2013-10-04,GDA94,,,,,50,10,
LCI,Mt Elizabeth_2013,LCI 411,,Large Elliott,2013-09-29,2013-10-04,GDA94,,,,,50,10,
LCI,Mt Elizabeth_2013,LCI 412,,Camera,2013-09-29,2013-10-04,GDA94,,,,,50,1,
LCI,Mt Elizabeth_2013,LCI 412,,Cage,2013-09-29,2013-10-04,GDA94,,,,,50,4,
LCI,Mt Elizabeth_2013,LCI 412,,Medium Elliott,2013-09-29,2013-10-04,GDA94,,,,,50,10,
LCI,Mt Elizabeth_2013,LCI 412,,Large Elliott,2013-09-29,2013-10-04,GDA94,,,,,50,10,
LCI,Mt Elizabeth_2013,LCI 413,,Camera,2013-09-29,2013-10-04,GDA94,,,,,50,1,
LCI,Mt Elizabeth_2013,LCI 413,,Cage,2013-09-29,2013-10-04,GDA94,,,,,50,4,
LCI,Mt Elizabeth_2013,LCI 413,,Medium Elliott,2013-09-29,2013-10-04,GDA94,,,,,50,10,
LCI,Mt Elizabeth_2013,LCI 413,,Large Elliott,2013-09-29,2013-10-04,GDA94,,,,,50,10,
LCI,Bachsten_2013,LCI 501,,Camera,2013-09-21,2013-09-26,GDA94,,,,,50,1,
LCI,Bachsten_2013,LCI 501,,Cage,2013-09-21,2013-09-26,GDA94,,,,,50,4,
LCI,Bachsten_2013,LCI 501,,Medium Elliott,2013-09-21,2013-09-26,GDA94,,,,,50,10,
LCI,Bachsten_2013,LCI 501,,Large Elliott,2013-09-21,2013-09-26,GDA94,,,,,50,10,
LCI,Bachsten_2013,LCI 502,,Camera,2013-09-21,2013-09-26,GDA94,,,,,50,1,
LCI,Bachsten_2013,LCI 502,,Cage,2013-09-21,2013-09-26,GDA94,,,,,50,4,
LCI,Bachsten_2013,LCI 502,,Medium Elliott,2013-09-21,2013-09-26,GDA94,,,,,50,10,
LCI,Bachsten_2013,LCI 502,,Large Elliott,2013-09-21,2013-09-26,GDA94,,,,,50,10,
LCI,Bachsten_2013,LCI 504,,Camera,2013-09-21,2013-09-26,GDA94,,,,,50,1,
LCI,Bachsten_2013,LCI 504,,Cage,2013-09-21,2013-09-26,GDA94,,,,,50,4,
LCI,Bachsten_2013,LCI 504,,Medium Elliott,2013-09-21,2013-09-26,GDA94,,,,,50,10,
LCI,Bachsten_2013,LCI 504,,Large Elliott,2013-09-21,2013-09-26,GDA94,,,,,50,10,
LCI,Bachsten_2013,LCI 505,,Camera,2013-09-21,2013-09-26,GDA94,,,,,50,1,
LCI,Bachsten_2013,LCI 505,,Cage,2013-09-21,2013-09-26,GDA94,,,,,50,4,
LCI,Bachsten_2013,LCI 505,,Medium Elliott,2013-09-21,2013-09-26,GDA94,,,,,50,10,
LCI,Bachsten_2013,LCI 505,,Large Elliott,2013-09-21,2013-09-26,GDA94,,,,,50,10,
LCI,Bachsten_2013,LCI 506,,Camera,2013-09-21,2013-09-26,GDA94,,,,,50,1,
LCI,Bachsten_2013,LCI 506,,Cage,2013-09-21,2013-09-26,GDA94,,,,,50,4,
LCI,Bachsten_2013,LCI 506,,Medium Elliott,2013-09-21,2013-09-26,GDA94,,,,,50,10,
LCI,Bachsten_2013,LCI 506,,Large Elliott,2013-09-21,2013-09-26,GDA94,,,,,50,10,
LCI,Bachsten_2013,LCI 507,,Camera,2013-09-21,2013-09-26,GDA94,,,,,50,1,
LCI,Bachsten_2013,LCI 507,,Cage,2013-09-21,2013-09-26,GDA94,,,,,50,4,
LCI,Bachsten_2013,LCI 507,,Medium Elliott,2013-09-21,2013-09-26,GDA94,,,,,50,10,
LCI,Bachsten_2013,LCI 507,,Large Elliott,2013-09-21,2013-09-26,GDA94,,,,,50,10,
LCI,Bachsten_2013,LCI 511,,Camera,2013-09-21,2013-09-26,GDA94,,,,,50,1,
LCI,Bachsten_2013,LCI 511,,Cage,2013-09-21,2013-09-26,GDA94,,,,,50,4,
LCI,Bachsten_2013,LCI 511,,Medium Elliott,2013-09-21,2013-09-26,GDA94,,,,,50,10,
LCI,Bachsten_2013,LCI 511,,Large Elliott,2013-09-21,2013-09-26,GDA94,,,,,50,10,
LCI,Bachsten_2013,LCI 512,,Camera,2013-09-21,2013-09-26,GDA94,,,,,50,1,
LCI,Bachsten_2013,LCI 512,,Cage,2013-09-21,2013-09-26,GDA94,,,,,50,4,
LCI,Bachsten_2013,LCI 512,,Medium Elliott,2013-09-21,2013-09-26,GDA94,,,,,50,10,
LCI,Bachsten_2013,LCI 512,,Large Elliott,2013-09-21,2013-09-26,GDA94,,,,,50,10,
LCI,DRNP_2013,LCI 601,,Camera,2013-08-18,2013-08-23,GDA94,,,,,50,1,
LCI,DRNP_2013,LCI 601,,Cage,2013-08-18,2013-08-23,GDA94,,,,,50,4,
LCI,DRNP_2013,LCI 601,,Medium Elliott,2013-08-18,2013-08-23,GDA94,,,,,50,10,
LCI,DRNP_2013,LCI 601,,Large Elliott,2013-08-18,2013-08-23,GDA94,,,,,50,10,
LCI,DRNP_2013,LCI 602,,Camera,2013-08-18,2013-08-23,GDA94,,,,,50,1,
LCI,DRNP_2013,LCI 602,,Cage,2013-08-18,2013-08-23,GDA94,,,,,50,4,
LCI,DRNP_2013,LCI 602,,Medium Elliott,2013-08-18,2013-08-23,GDA94,,,,,50,10,
LCI,DRNP_2013,LCI 602,,Large Elliott,2013-08-18,2013-08-23,GDA94,,,,,50,10,
LCI,DRNP_2013,LCI 603,,Camera,2013-08-18,2013-08-23,GDA94,,,,,50,1,
LCI,DRNP_2013,LCI 603,,Cage,2013-08-18,2013-08-23,GDA94,,,,,50,4,
LCI,DRNP_2013,LCI 603,,Medium Elliott,2013-08-18,2013-08-23,GDA94,,,,,50,10,
LCI,DRNP_2013,LCI 603,,Large Elliott,2013-08-18,2013-08-23,GDA94,,,,,50,10,
LCI,DRNP_2013,LCI 604,,Camera,2013-08-18,2013-08-23,GDA94,,,,,50,1,
LCI,DRNP_2013,LCI 604,,Cage,2013-08-18,2013-08-23,GDA94,,,,,50,4,
LCI,DRNP_2013,LCI 604,,Medium Elliott,2013-08-18,2013-08-23,GDA94,,,,,50,10,
LCI,DRNP_2013,LCI 604,,Large Elliott,2013-08-18,2013-08-23,GDA94,,,,,50,10,
LCI,DRNP_2013,LCI 605,,Camera,2013-08-18,2013-08-23,GDA94,,,,,50,1,
LCI,DRNP_2013,LCI 605,,Cage,2013-08-18,2013-08-23,GDA94,,,,,50,4,
LCI,DRNP_2013,LCI 605,,Medium Elliott,2013-08-18,2013-08-23,GDA94,,,,,50,10,
LCI,DRNP_2013,LCI 605,,Large Elliott,2013-08-18,2013-08-23,GDA94,,,,,50,10,
LCI,DRNP_2013,LCI 606,,Camera,2013-08-18,2013-08-23,GDA94,,,,,50,1,
LCI,DRNP_2013,LCI 606,,Cage,2013-08-18,2013-08-23,GDA94,,,,,50,4,
LCI,DRNP_2013,LCI 606,,Medium Elliott,2013-08-18,2013-08-23,GDA94,,,,,50,10,
LCI,DRNP_2013,LCI 606,,Large Elliott,2013-08-18,2013-08-23,GDA94,,,,,50,10,
LCI,DRNP_2013,LCI 607,,Camera,2013-08-18,2013-08-23,GDA94,,,,,50,1,
LCI,DRNP_2013,LCI 607,,Cage,2013-08-18,2013-08-23,GDA94,,,,,50,4,
LCI,DRNP_2013,LCI 607,,Medium Elliott,2013-08-18,2013-08-23,GDA94,,,,,50,10,
LCI,DRNP_2013,LCI 607,,Large Elliott,2013-08-18,2013-08-23,GDA94,,,,,50,10,
LCI,DRNP_2013,LCI 608 R,,Camera,2013-08-18,2013-08-23,GDA94,,,,,50,1,
LCI,DRNP_2013,LCI 608 R,,Cage,2013-08-18,2013-08-23,GDA94,,,,,50,4,
LCI,DRNP_2013,LCI 608 R,,Medium Elliott,2013-08-18,2013-08-23,GDA94,,,,,50,10,
LCI,DRNP_2013,LCI 608 R,,Large Elliott,2013-08-18,2013-08-23,GDA94,,,,,50,10,
LCI,DRNP_2015,LCI 611,,Camera,2015-07-16,2015-07-21,GDA94,,,,,50,1,LCI 611E
LCI,DRNP_2015,LCI 611,,Cage,2015-07-16,2015-07-21,GDA94,,,,,50,4,LCI 611E
LCI,DRNP_2015,LCI 611,,Medium Elliott,2015-07-16,2015-07-21,GDA94,,,,,50,10,LCI 611E
LCI,DRNP_2015,LCI 611,,Large Elliott,2015-07-16,2015-07-21,GDA94,,,,,50,10,LCI 611E
LCI,DRNP_2015,LCI 612,,Camera,2015-07-16,2015-07-21,GDA94,,,,,50,1,LCI 611D
LCI,DRNP_2015,LCI 612,,Cage,2015-07-16,2015-07-21,GDA94,,,,,50,4,LCI 611D
LCI,DRNP_2015,LCI 612,,Medium Elliott,2015-07-16,2015-07-21,GDA94,,,,,50,10,LCI 611D
LCI,DRNP_2015,LCI 612,,Large Elliott,2015-07-16,2015-07-21,GDA94,,,,,50,10,LCI 611D
LCI,DRNP_2015,LCI 614,,Camera,2015-07-16,2015-07-21,GDA94,,,,,50,1,LCI 611A
LCI,DRNP_2015,LCI 614,,Cage,2015-07-16,2015-07-21,GDA94,,,,,50,4,LCI 611A
LCI,DRNP_2015,LCI 614,,Medium Elliott,2015-07-16,2015-07-21,GDA94,,,,,50,10,LCI 611A
LCI,DRNP_2015,LCI 614,,Large Elliott,2015-07-16,2015-07-21,GDA94,,,,,50,10,LCI 611A
LCI,DRNP_2015,LCI 615,,Camera,2015-07-16,2015-07-21,GDA94,,,,,50,1,LCI 611B
LCI,DRNP_2015,LCI 615,,Cage,2015-07-16,2015-07-21,GDA94,,,,,50,4,LCI 611B
LCI,DRNP_2015,LCI 615,,Medium Elliott,2015-07-16,2015-07-21,GDA94,,,,,50,10,LCI 611B
LCI,DRNP_2015,LCI 615,,Large Elliott,2015-07-16,2015-07-21,GDA94,,,,,50,10,LCI 611B
LCI,DRNP_2015,LCI 616,,Camera,2015-07-16,2015-07-21,GDA94,,,,,50,1,LCI 611C
LCI,DRNP_2015,LCI 616,,Cage,2015-07-16,2015-07-21,GDA94,,,,,50,4,LCI 611C
LCI,DRNP_2015,LCI 616,,Medium Elliott,2015-07-16,2015-07-21,GDA94,,,,,50,10,LCI 611C
LCI,DRNP_2015,LCI 616,,Large Elliott,2015-07-16,2015-07-21,GDA94,,,,,50,10,LCI 611C
LCI,DRNP_2015,LCI 617,,Camera,2015-07-16,2015-07-21,GDA94,,,,,50,1,LCI 611F
LCI,DRNP_2015,LCI 617,,Cage,2015-07-16,2015-07-21,GDA94,,,,,50,4,LCI 611F
LCI,DRNP_2015,LCI 617,,Medium Elliott,2015-07-16,2015-07-21,GDA94,,,,,50,10,LCI 611F
LCI,DRNP_2015,LCI 617,,Large Elliott,2015-07-16,2015-07-21,GDA94,,,,,50,10,LCI 611F
LCI,MP_July 2012,LCI 001,,Camera,2012-07-07,2012-07-12,GDA94,,,,,50,1,
LCI,MP_July 2012,LCI 001,,Cage,2012-07-07,2012-07-12,GDA94,,,,,50,4,
LCI,MP_July 2012,LCI 001,,Medium Elliott,2012-07-07,2012-07-12,GDA94,,,,,50,10,
LCI,MP_July 2012,LCI 001,,Large Elliott,2012-07-07,2012-07-12,GDA94,,,,,50,10,
LCI,MP_July 2014,LCI 001,,Camera,2014-07-09,2014-07-14,GDA94,,,,,50,1,
LCI,MP_July 2014,LCI 001,,Cage,2014-07-09,2014-07-14,GDA94,,,,,50,4,
LCI,MP_July 2014,LCI 001,,Medium Elliott,2014-07-09,2014-07-14,GDA94,,,,,50,10,
LCI,MP_July 2014,LCI 001,,Large Elliott,2014-07-09,2014-07-14,GDA94,,,,,50,10,
LCI,MP_July 2012,LCI 002,,Camera,2012-07-08,2012-07-12,GDA94,,,,,50,1,
LCI,MP_July 2012,LCI 002,,Cage,2012-07-08,2012-07-12,GDA94,,,,,50,4,
LCI,MP_July 2012,LCI 002,,Medium Elliott,2012-07-08,2012-07-12,GDA94,,,,,50,10,
LCI,MP_July 2012,LCI 002,,Large Elliott,2012-07-08,2012-07-12,GDA94,,,,,50,10,
LCI,MP_July 2014,LCI 002,,Camera,2014-07-09,2014-07-14,GDA94,,,,,50,1,
LCI,MP_July 2014,LCI 002,,Cage,2014-07-09,2014-07-14,GDA94,,,,,50,4,
LCI,MP_July 2014,LCI 002,,Medium Elliott,2014-07-09,2014-07-14,GDA94,,,,,50,10,
LCI,MP_July 2014,LCI 002,,Large Elliott,2014-07-09,2014-07-14,GDA94,,,,,50,10,
LCI,MP_May 2012,LCI 003,,Camera,2012-07-07,2012-07-12,GDA94,,,,,50,1,
LCI,MP_May 2012,LCI 003,,Cage,2012-07-07,2012-07-12,GDA94,,,,,50,4,
LCI,MP_May 2012,LCI 003,,Medium Elliott,2012-07-07,2012-07-12,GDA94,,,,,50,10,
LCI,MP_May 2012,LCI 003,,Large Elliott,2012-07-07,2012-07-12,GDA94,,,,,50,10,
LCI,MP_July 2014,LCI 003,,Camera,2014-07-09,2014-07-14,GDA94,,,,,50,1,
LCI,MP_July 2014,LCI 003,,Cage,2014-07-09,2014-07-14,GDA94,,,,,50,4,
LCI,MP_July 2014,LCI 003,,Medium Elliott,2014-07-09,2014-07-14,GDA94,,,,,50,10,
LCI,MP_July 2014,LCI 003,,Large Elliott,2014-07-09,2014-07-14,GDA94,,,,,50,10,
LCI,MP_July 2012,LCI 004,,Camera,2012-07-07,2012-07-12,GDA94,,,,,50,1,
LCI,MP_July 2012,LCI 004,,Cage,2012-07-07,2012-07-12,GDA94,,,,,50,4,
LCI,MP_July 2012,LCI 004,,Medium Elliott,2012-07-07,2012-07-12,GDA94,,,,,50,10,
LCI,MP_July 2012,LCI 004,,Large Elliott,2012-07-07,2012-07-12,GDA94,,,,,50,10,
LCI,MP_July 2014,LCI 004,,Camera,2014-07-09,2014-07-14,GDA94,,,,,50,1,
LCI,MP_July 2014,LCI 004,,Cage,2014-07-09,2014-07-14,GDA94,,,,,50,4,
LCI,MP_July 2014,LCI 004,,Medium Elliott,2014-07-09,2014-07-14,GDA94,,,,,50,10,
LCI,MP_July 2014,LCI 004,,Large Elliott,2014-07-09,2014-07-14,GDA94,,,,,50,10,
LCI,MP_May 2012,LCI 007,,Camera,2012-05-20,2012-05-25,GDA94,,,,,50,1,
LCI,MP_May 2012,LCI 007,,Cage,2012-05-20,2012-05-25,GDA94,,,,,50,4,
LCI,MP_May 2012,LCI 007,,Medium Elliott,2012-05-20,2012-05-25,GDA94,,,,,50,10,
LCI,MP_May 2012,LCI 007,,Large Elliott,2012-05-20,2012-05-25,GDA94,,,,,50,10,
LCI,MP_July 2014,LCI 007,,Camera,2014-07-15,2014-07-20,GDA94,,,,,50,1,
LCI,MP_July 2014,LCI 007,,Cage,2014-07-15,2014-07-20,GDA94,,,,,50,4,
LCI,MP_July 2014,LCI 007,,Medium Elliott,2014-07-15,2014-07-20,GDA94,,,,,50,10,
LCI,MP_July 2014,LCI 007,,Large Elliott,2014-07-15,2014-07-20,GDA94,,,,,50,10,
LCI,MP_July 2012,LCI 008 R,,Camera,2012-05-20,2012-05-25,GDA94,,,,,50,1,
LCI,MP_July 2012,LCI 008 R,,Cage,2012-05-20,2012-05-25,GDA94,,,,,50,4,
LCI,MP_July 2012,LCI 008 R,,Medium Elliott,2012-05-20,2012-05-25,GDA94,,,,,50,10,
LCI,MP_July 2012,LCI 008 R,,Large Elliott,2012-05-20,2012-05-25,GDA94,,,,,50,10,
LCI,MP_July 2014,LCI 008 R,,Camera,2014-07-15,2014-07-20,GDA94,,,,,50,1,
LCI,MP_July 2014,LCI 008 R,,Cage,2014-07-15,2014-07-20,GDA94,,,,,50,4,
LCI,MP_July 2014,LCI 008 R,,Medium Elliott,2014-07-15,2014-07-20,GDA94,,,,,50,10,
LCI,MP_July 2014,LCI 008 R,,Large Elliott,2014-07-15,2014-07-20,GDA94,,,,,50,10,
LCI,MP_May 2012,LCI 009,,Camera,2012-05-20,2012-05-25,GDA94,,,,,50,1,
LCI,MP_May 2012,LCI 009,,Cage,2012-05-20,2012-05-25,GDA94,,,,,50,4,
LCI,MP_May 2012,LCI 009,,Medium Elliott,2012-05-20,2012-05-25,GDA94,,,,,50,10,
LCI,MP_May 2012,LCI 009,,Large Elliott,2012-05-20,2012-05-25,GDA94,,,,,50,10,
LCI,MP_July 2014,LCI 009,,Camera,2014-07-14,2014-07-19,GDA94,,,,,50,1,
LCI,MP_July 2014,LCI 009,,Cage,2014-07-14,2014-07-19,GDA94,,,,,50,4,
LCI,MP_July 2014,LCI 009,,Medium Elliott,2014-07-14,2014-07-19,GDA94,,,,,50,10,
LCI,MP_July 2014,LCI 009,,Large Elliott,2014-07-14,2014-07-19,GDA94,,,,,50,10,
LCI,MP_May 2012,LCI 010,,Camera,2012-05-20,2012-05-25,GDA94,,,,,50,1,
LCI,MP_May 2012,LCI 010,,Cage,2012-05-20,2012-05-25,GDA94,,,,,50,4,
LCI,MP_May 2012,LCI 010,,Medium Elliott,2012-05-20,2012-05-25,GDA94,,,,,50,10,
LCI,MP_May 2012,LCI 010,,Large Elliott,2012-05-20,2012-05-25,GDA94,,,,,50,10,
LCI,MP_July 2014,LCI 010,,Camera,2014-07-14,2014-07-19,GDA94,,,,,50,1,
LCI,MP_July 2014,LCI 010,,Cage,2014-07-14,2014-07-19,GDA94,,,,,50,4,
LCI,MP_July 2014,LCI 010,,Medium Elliott,2014-07-14,2014-07-19,GDA94,,,,,50,10,
LCI,MP_July 2014,LCI 010,,Large Elliott,2014-07-14,2014-07-19,GDA94,,,,,50,10,
LCI,MP_July 2011,LCI 011,,Camera,2011-08-02,2011-08-05,GDA94,,,,,50,1,
LCI,MP_July 2011,LCI 011,,Cage,2011-08-02,2011-08-05,GDA94,,,,,50,4,
LCI,MP_July 2011,LCI 011,,Medium Elliott,2011-08-02,2011-08-05,GDA94,,,,,50,10,
LCI,MP_July 2011,LCI 011,,Large Elliott,2011-08-02,2011-08-05,GDA94,,,,,50,10,
LCI,MP_May 2012,LCI 011,,Camera,2012-05-20,2012-05-25,GDA94,,,,,50,1,
LCI,MP_May 2012,LCI 011,,Cage,2012-05-20,2012-05-25,GDA94,,,,,50,4,
LCI,MP_May 2012,LCI 011,,Medium Elliott,2012-05-20,2012-05-25,GDA94,,,,,50,10,
LCI,MP_May 2012,LCI 011,,Large Elliott,2012-05-20,2012-05-25,GDA94,,,,,50,10,
LCI,MP_July 2014,LCI 011,,Camera,2014-07-14,2014-07-19,GDA94,,,,,50,1,
LCI,MP_July 2014,LCI 011,,Cage,2014-07-14,2014-07-19,GDA94,,,,,50,4,
LCI,MP_July 2014,LCI 011,,Medium Elliott,2014-07-14,2014-07-19,GDA94,,,,,50,10,
LCI,MP_July 2014,LCI 011,,Large Elliott,2014-07-14,2014-07-19,GDA94,,,,,50,10,
LCI,MP_July 2011,LCI 012,,Camera,2011-08-02,2011-08-05,GDA94,,,,,50,1,
LCI,MP_July 2011,LCI 012,,Cage,2011-08-02,2011-08-05,GDA94,,,,,50,4,
LCI,MP_July 2011,LCI 012,,Medium Elliott,2011-08-02,2011-08-05,GDA94,,,,,50,10,
LCI,MP_July 2011,LCI 012,,Large Elliott,2011-08-02,2011-08-05,GDA94,,,,,50,10,
LCI,MP_May 2012,LCI 012,,Camera,2012-05-20,2012-05-25,GDA94,,,,,50,1,
LCI,MP_May 2012,LCI 012,,Cage,2012-05-20,2012-05-25,GDA94,,,,,50,4,
LCI,MP_May 2012,LCI 012,,Medium Elliott,2012-05-20,2012-05-25,GDA94,,,,,50,10,
LCI,MP_May 2012,LCI 012,,Large Elliott,2012-05-20,2012-05-25,GDA94,,,,,50,10,
LCI,MP_July 2014,LCI 012,,Camera,2014-07-14,2014-07-19,GDA94,,,,,50,1,
LCI,MP_July 2014,LCI 012,,Cage,2014-07-14,2014-07-19,GDA94,,,,,50,4,
LCI,MP_July 2014,LCI 012,,Medium Elliott,2014-07-14,2014-07-19,GDA94,,,,,50,10,
LCI,MP_July 2014,LCI 012,,Large Elliott,2014-07-14,2014-07-19,GDA94,,,,,50,10,
LCI,MP_May 2012,LCI 014,,Camera,2012-05-20,2012-05-25,GDA94,,,,,50,1,
LCI,MP_May 2012,LCI 014,,Cage,2012-05-20,2012-05-25,GDA94,,,,,50,4,
LCI,MP_May 2012,LCI 014,,Medium Elliott,2012-05-20,2012-05-25,GDA94,,,,,50,10,
LCI,MP_May 2012,LCI 014,,Large Elliott,2012-05-20,2012-05-25,GDA94,,,,,50,10,
LCI,MP_July 2014,LCI 014,,Camera,2014-07-15,2014-07-20,GDA94,,,,,50,1,
LCI,MP_July 2014,LCI 014,,Cage,2014-07-15,2014-07-20,GDA94,,,,,50,4,
LCI,MP_July 2014,LCI 014,,Medium Elliott,2014-07-15,2014-07-20,GDA94,,,,,50,10,
LCI,MP_July 2014,LCI 014,,Large Elliott,2014-07-15,2014-07-20,GDA94,,,,,50,10,
LCI,MP_July 2012,LCI 015 R,,Camera,2012-05-20,2012-05-25,GDA94,,,,,50,1,
LCI,MP_July 2012,LCI 015 R,,Cage,2012-05-20,2012-05-25,GDA94,,,,,50,4,
LCI,MP_July 2012,LCI 015 R,,Medium Elliott,2012-05-20,2012-05-25,GDA94,,,,,50,10,
LCI,MP_July 2012,LCI 015 R,,Large Elliott,2012-05-20,2012-05-25,GDA94,,,,,50,10,
LCI,MP_July 2014,LCI 015 R,,Camera,2014-07-15,2014-07-20,GDA94,,,,,50,1,
LCI,MP_July 2014,LCI 015 R,,Cage,2014-07-15,2014-07-20,GDA94,,,,,50,4,
LCI,MP_July 2014,LCI 015 R,,Medium Elliott,2014-07-15,2014-07-20,GDA94,,,,,50,10,
LCI,MP_July 2014,LCI 015 R,,Large Elliott,2014-07-15,2014-07-20,GDA94,,,,,50,10,
LCI,MP_September 2011,LCI 016,,Camera,2011-09-27,2011-09-30,GDA94,,,,,50,1,
LCI,MP_September 2011,LCI 016,,Cage,2011-09-27,2011-09-30,GDA94,,,,,50,4,
LCI,MP_September 2011,LCI 016,,Medium Elliott,2011-09-27,2011-09-30,GDA94,,,,,50,10,
LCI,MP_September 2011,LCI 016,,Large Elliott,2011-09-27,2011-09-30,GDA94,,,,,50,10,
LCI,MP_September 2011,LCI 017,,Camera,2011-09-27,2011-09-30,GDA94,,,,,50,1,
LCI,MP_September 2011,LCI 017,,Cage,2011-09-27,2011-09-30,GDA94,,,,,50,4,
LCI,MP_September 2011,LCI 017,,Medium Elliott,2011-09-27,2011-09-30,GDA94,,,,,50,10,
LCI,MP_September 2011,LCI 017,,Large Elliott,2011-09-27,2011-09-30,GDA94,,,,,50,10,
LCI,MP_September 2011,LCI 018,,Camera,2011-09-27,2011-09-30,GDA94,,,,,50,1,
LCI,MP_September 2011,LCI 018,,Cage,2011-09-27,2011-09-30,GDA94,,,,,50,4,
LCI,MP_September 2011,LCI 018,,Medium Elliott,2011-09-27,2011-09-30,GDA94,,,,,50,10,
LCI,MP_September 2011,LCI 018,,Large Elliott,2011-09-27,2011-09-30,GDA94,,,,,50,10,
LCI,MP_May 2012,LCI 019,,Camera,2012-05-13,2012-05-18,GDA94,,,,,50,1,
LCI,MP_May 2012,LCI 019,,Cage,2012-05-13,2012-05-18,GDA94,,,,,50,4,
LCI,MP_May 2012,LCI 019,,Medium Elliott,2012-05-13,2012-05-18,GDA94,,,,,50,10,
LCI,MP_May 2012,LCI 019,,Large Elliott,2012-05-13,2012-05-18,GDA94,,,,,50,10,
LCI,MP_July 2014,LCI 019,,Camera,2014-07-09,2014-07-14,GDA94,,,,,50,1,
LCI,MP_July 2014,LCI 019,,Cage,2014-07-09,2014-07-14,GDA94,,,,,50,4,
LCI,MP_July 2014,LCI 019,,Medium Elliott,2014-07-09,2014-07-14,GDA94,,,,,50,10,
LCI,MP_July 2014,LCI 019,,Large Elliott,2014-07-09,2014-07-14,GDA94,,,,,50,10,
LCI,MP_May 2012,LCI 020,,Camera,2012-05-13,2012-05-18,GDA94,,,,,50,1,
LCI,MP_May 2012,LCI 020,,Cage,2012-05-13,2012-05-18,GDA94,,,,,50,4,
LCI,MP_May 2012,LCI 020,,Medium Elliott,2012-05-13,2012-05-18,GDA94,,,,,50,10,
LCI,MP_May 2012,LCI 020,,Large Elliott,2012-05-13,2012-05-18,GDA94,,,,,50,10,
LCI,MP_July 2014,LCI 020,,Camera,2014-07-09,2014-07-14,GDA94,,,,,50,1,
LCI,MP_July 2014,LCI 020,,Cage,2014-07-09,2014-07-14,GDA94,,,,,50,4,
LCI,MP_July 2014,LCI 020,,Medium Elliott,2014-07-09,2014-07-14,GDA94,,,,,50,10,
LCI,MP_July 2014,LCI 020,,Large Elliott,2014-07-09,2014-07-14,GDA94,,,,,50,10,
LCI,MP_May 2012,LCI 021,,Camera,2012-05-13,2012-05-18,GDA94,,,,,50,1,
LCI,MP_May 2012,LCI 021,,Cage,2012-05-13,2012-05-18,GDA94,,,,,50,4,
LCI,MP_May 2012,LCI 021,,Medium Elliott,2012-05-13,2012-05-18,GDA94,,,,,50,10,
LCI,MP_May 2012,LCI 021,,Large Elliott,2012-05-13,2012-05-18,GDA94,,,,,50,10,
LCI,MP_July 2014,LCI 021,,Camera,2014-07-09,2014-07-14,GDA94,,,,,50,1,
LCI,MP_July 2014,LCI 021,,Cage,2014-07-09,2014-07-14,GDA94,,,,,50,4,
LCI,MP_July 2014,LCI 021,,Medium Elliott,2014-07-09,2014-07-14,GDA94,,,,,50,10,
LCI,MP_July 2014,LCI 021,,Large Elliott,2014-07-09,2014-07-14,GDA94,,,,,50,10,
LCI,MP_July 2014,LCI 023 R,,Camera,2014-07-09,2014-07-14,GDA94,,,,,50,1,
LCI,MP_July 2014,LCI 023 R,,Cage,2014-07-09,2014-07-14,GDA94,,,,,50,4,
LCI,MP_July 2014,LCI 023 R,,Medium Elliott,2014-07-09,2014-07-14,GDA94,,,,,50,10,
LCI,MP_July 2014,LCI 023 R,,Large Elliott,2014-07-09,2014-07-14,GDA94,,,,,50,10,
LCI,MP_May 2012,LCI 025,,Camera,2012-05-13,2012-05-18,GDA94,,,,,50,1,
LCI,MP_May 2012,LCI 025,,Cage,2012-05-13,2012-05-18,GDA94,,,,,50,4,
LCI,MP_May 2012,LCI 025,,Medium Elliott,2012-05-13,2012-05-18,GDA94,,,,,50,10,
LCI,MP_May 2012,LCI 025,,Large Elliott,2012-05-13,2012-05-18,GDA94,,,,,50,10,
LCI,MP_May 2012,LCI 026,,Camera,2012-05-13,2012-05-18,GDA94,,,,,50,1,
LCI,MP_May 2012,LCI 026,,Cage,2012-05-13,2012-05-18,GDA94,,,,,50,4,
LCI,MP_May 2012,LCI 026,,Medium Elliott,2012-05-13,2012-05-18,GDA94,,,,,50,10,
LCI,MP_May 2012,LCI 026,,Large Elliott,2012-05-13,2012-05-18,GDA94,,,,,50,10,
LCI,MP_July 2013,LCI 026,,Camera,2013-07-01,2013-07-06,GDA94,,,,,50,1,
LCI,MP_July 2013,LCI 026,,Cage,2013-07-01,2013-07-06,GDA94,,,,,50,4,
LCI,MP_July 2013,LCI 026,,Medium Elliott,2013-07-01,2013-07-06,GDA94,,,,,50,10,
LCI,MP_July 2013,LCI 026,,Large Elliott,2013-07-01,2013-07-06,GDA94,,,,,50,10,
LCI,MP_August 2014,LCI 026,,Camera,2014-08-17,2014-08-22,GDA94,,,,,50,1,
LCI,MP_August 2014,LCI 026,,Cage,2014-08-17,2014-08-22,GDA94,,,,,50,4,
LCI,MP_August 2014,LCI 026,,Medium Elliott,2014-08-17,2014-08-22,GDA94,,,,,50,10,
LCI,MP_August 2014,LCI 026,,Large Elliott,2014-08-17,2014-08-22,GDA94,,,,,50,10,
LCI,MP_September_2015,LCI 026,,Camera,2015-09-23,2015-09-28,GDA94,,,,,50,1,
LCI,MP_September_2015,LCI 026,,Cage,2015-09-23,2015-09-28,GDA94,,,,,50,4,
LCI,MP_September_2015,LCI 026,,Medium Elliott,2015-09-23,2015-09-28,GDA94,,,,,50,10,
LCI,MP_September_2015,LCI 026,,Large Elliott,2015-09-23,2015-09-28,GDA94,,,,,50,10,
LCI,MP_May 2012,LCI 027,,Camera,2012-05-13,2012-05-18,GDA94,,,,,50,1,
LCI,MP_May 2012,LCI 027,,Cage,2012-05-13,2012-05-18,GDA94,,,,,50,4,
LCI,MP_May 2012,LCI 027,,Medium Elliott,2012-05-13,2012-05-18,GDA94,,,,,50,10,
LCI,MP_May 2012,LCI 027,,Large Elliott,2012-05-13,2012-05-18,GDA94,,,,,50,10,
LCI,MP_July 2013,LCI 027,,Camera,2013-07-01,2013-07-06,GDA94,,,,,50,1,
LCI,MP_July 2013,LCI 027,,Cage,2013-07-01,2013-07-06,GDA94,,,,,50,4,
LCI,MP_July 2013,LCI 027,,Medium Elliott,2013-07-01,2013-07-06,GDA94,,,,,50,10,
LCI,MP_July 2013,LCI 027,,Large Elliott,2013-07-01,2013-07-06,GDA94,,,,,50,10,
LCI,MP_August 2014,LCI 027,,Camera,2014-08-17,2014-08-22,GDA94,,,,,50,1,
LCI,MP_August 2014,LCI 027,,Cage,2014-08-17,2014-08-22,GDA94,,,,,50,4,
LCI,MP_August 2014,LCI 027,,Medium Elliott,2014-08-17,2014-08-22,GDA94,,,,,50,10,
LCI,MP_August 2014,LCI 027,,Large Elliott,2014-08-17,2014-08-22,GDA94,,,,,50,10,
LCI,MP_September_2015,LCI 027,,Camera,2015-09-23,2015-09-28,GDA94,,,,,50,1,
LCI,MP_September_2015,LCI 027,,Cage,2015-09-23,2015-09-28,GDA94,,,,,50,4,
LCI,MP_September_2015,LCI 027,,Medium Elliott,2015-09-23,2015-09-28,GDA94,,,,,50,10,
LCI,MP_September_2015,LCI 027,,Large Elliott,2015-09-23,2015-09-28,GDA94,,,,,50,10,
LCI,MP_May 2012,LCI 028,,Camera,2012-05-13,2012-05-18,GDA94,,,,,50,1,
LCI,MP_May 2012,LCI 028,,Cage,2012-05-13,2012-05-18,GDA94,,,,,50,4,
LCI,MP_May 2012,LCI 028,,Medium Elliott,2012-05-13,2012-05-18,GDA94,,,,,50,10,
LCI,MP_May 2012,LCI 028,,Large Elliott,2012-05-13,2012-05-18,GDA94,,,,,50,10,
LCI,MP_July 2013,LCI 028,,Camera,2013-07-01,2013-07-06,GDA94,,,,,50,1,
LCI,MP_July 2013,LCI 028,,Cage,2013-07-01,2013-07-06,GDA94,,,,,50,4,
LCI,MP_July 2013,LCI 028,,Medium Elliott,2013-07-01,2013-07-06,GDA94,,,,,50,10,
LCI,MP_July 2013,LCI 028,,Large Elliott,2013-07-01,2013-07-06,GDA94,,,,,50,10,
LCI,MP_August 2014,LCI 028,,Camera,2014-08-17,2014-08-22,GDA94,,,,,50,1,
LCI,MP_August 2014,LCI 028,,Cage,2014-08-17,2014-08-22,GDA94,,,,,50,4,
LCI,MP_August 2014,LCI 028,,Medium Elliott,2014-08-17,2014-08-22,GDA94,,,,,50,10,
LCI,MP_August 2014,LCI 028,,Large Elliott,2014-08-17,2014-08-22,GDA94,,,,,50,10,
LCI,MP_September_2015,LCI 028,,Camera,2015-09-23,2015-09-28,GDA94,,,,,50,1,
LCI,MP_September_2015,LCI 028,,Cage,2015-09-23,2015-09-28,GDA94,,,,,50,4,
LCI,MP_September_2015,LCI 028,,Medium Elliott,2015-09-23,2015-09-28,GDA94,,,,,50,10,
LCI,MP_September_2015,LCI 028,,Large Elliott,2015-09-23,2015-09-28,GDA94,,,,,50,10,
LCI,MP_September 2011,LCI 029,,Camera,2011-09-21,2011-09-27,GDA94,,,,,50,1,
LCI,MP_September 2011,LCI 029,,Cage,2011-09-21,2011-09-27,GDA94,,,,,50,4,
LCI,MP_September 2011,LCI 029,,Medium Elliott,2011-09-21,2011-09-27,GDA94,,,,,50,10,
LCI,MP_September 2011,LCI 029,,Large Elliott,2011-09-21,2011-09-27,GDA94,,,,,50,10,
LCI,MP_July 2012,LCI 029,,Camera,2012-07-01,2012-07-06,GDA94,,,,,50,1,
LCI,MP_July 2012,LCI 029,,Cage,2012-07-01,2012-07-06,GDA94,,,,,50,4,
LCI,MP_July 2012,LCI 029,,Medium Elliott,2012-07-01,2012-07-06,GDA94,,,,,50,10,
LCI,MP_July 2012,LCI 029,,Large Elliott,2012-07-01,2012-07-06,GDA94,,,,,50,10,
LCI,MP_July 2013,LCI 029,,Camera,2013-07-01,2013-07-06,GDA94,,,,,50,1,
LCI,MP_July 2013,LCI 029,,Cage,2013-07-01,2013-07-06,GDA94,,,,,50,4,
LCI,MP_July 2013,LCI 029,,Medium Elliott,2013-07-01,2013-07-06,GDA94,,,,,50,10,
LCI,MP_July 2013,LCI 029,,Large Elliott,2013-07-01,2013-07-06,GDA94,,,,,50,10,
LCI,MP_August 2014,LCI 029,,Camera,2014-08-17,2014-08-22,GDA94,,,,,50,1,
LCI,MP_August 2014,LCI 029,,Cage,2014-08-17,2014-08-22,GDA94,,,,,50,4,
LCI,MP_August 2014,LCI 029,,Medium Elliott,2014-08-17,2014-08-22,GDA94,,,,,50,10,
LCI,MP_August 2014,LCI 029,,Large Elliott,2014-08-17,2014-08-22,GDA94,,,,,50,10,
LCI,MP_September_2015,LCI 029,,Camera,2015-09-23,2015-09-28,GDA94,,,,,50,1,
LCI,MP_September_2015,LCI 029,,Cage,2015-09-23,2015-09-28,GDA94,,,,,50,4,
LCI,MP_September_2015,LCI 029,,Medium Elliott,2015-09-23,2015-09-28,GDA94,,,,,50,10,
LCI,MP_September_2015,LCI 029,,Large Elliott,2015-09-23,2015-09-28,GDA94,,,,,50,10,
LCI,MP_July 2012,LCI 032,,Camera,2012-07-01,2012-07-06,GDA94,,,,,50,1,
LCI,MP_July 2012,LCI 032,,Cage,2012-07-01,2012-07-06,GDA94,,,,,50,4,
LCI,MP_July 2012,LCI 032,,Medium Elliott,2012-07-01,2012-07-06,GDA94,,,,,50,10,
LCI,MP_July 2012,LCI 032,,Large Elliott,2012-07-01,2012-07-06,GDA94,,,,,50,10,
LCI,MP_July 2013,LCI 032,,Camera,2013-07-01,2013-07-06,GDA94,,,,,50,1,
LCI,MP_July 2013,LCI 032,,Cage,2013-07-01,2013-07-06,GDA94,,,,,50,4,
LCI,MP_July 2013,LCI 032,,Medium Elliott,2013-07-01,2013-07-06,GDA94,,,,,50,10,
LCI,MP_July 2013,LCI 032,,Large Elliott,2013-07-01,2013-07-06,GDA94,,,,,50,10,
LCI,MP_August 2014,LCI 032,,Camera,2014-08-17,2014-08-22,GDA94,,,,,50,1,
LCI,MP_August 2014,LCI 032,,Cage,2014-08-17,2014-08-22,GDA94,,,,,50,4,
LCI,MP_August 2014,LCI 032,,Medium Elliott,2014-08-17,2014-08-22,GDA94,,,,,50,10,
LCI,MP_August 2014,LCI 032,,Large Elliott,2014-08-17,2014-08-22,GDA94,,,,,50,10,
LCI,MP_July 2012,LCI 033,,Camera,2012-07-01,2012-07-06,GDA94,,,,,50,1,
LCI,MP_July 2012,LCI 033,,Cage,2012-07-01,2012-07-06,GDA94,,,,,50,4,
LCI,MP_July 2012,LCI 033,,Medium Elliott,2012-07-01,2012-07-06,GDA94,,,,,50,10,
LCI,MP_July 2012,LCI 033,,Large Elliott,2012-07-01,2012-07-06,GDA94,,,,,50,10,
LCI,MP_July 2013,LCI 033,,Camera,2013-07-01,2013-07-06,GDA94,,,,,50,1,
LCI,MP_July 2013,LCI 033,,Cage,2013-07-01,2013-07-06,GDA94,,,,,50,4,
LCI,MP_July 2013,LCI 033,,Medium Elliott,2013-07-01,2013-07-06,GDA94,,,,,50,10,
LCI,MP_July 2013,LCI 033,,Large Elliott,2013-07-01,2013-07-06,GDA94,,,,,50,10,
LCI,MP_August 2014,LCI 033,,Camera,2014-08-17,2014-08-22,GDA94,,,,,50,1,
LCI,MP_August 2014,LCI 033,,Cage,2014-08-17,2014-08-22,GDA94,,,,,50,4,
LCI,MP_August 2014,LCI 033,,Medium Elliott,2014-08-17,2014-08-22,GDA94,,,,,50,10,
LCI,MP_August 2014,LCI 033,,Large Elliott,2014-08-17,2014-08-22,GDA94,,,,,50,10,
LCI,MP_July 2012,LCI 034,,Camera,2012-07-01,2012-07-06,GDA94,,,,,50,1,
LCI,MP_July 2012,LCI 034,,Cage,2012-07-01,2012-07-06,GDA94,,,,,50,4,
LCI,MP_July 2012,LCI 034,,Medium Elliott,2012-07-01,2012-07-06,GDA94,,,,,50,10,
LCI,MP_July 2012,LCI 034,,Large Elliott,2012-07-01,2012-07-06,GDA94,,,,,50,10,
LCI,MP_July 2013,LCI 034,,Camera,2013-07-01,2013-07-06,GDA94,,,,,50,1,
LCI,MP_July 2013,LCI 034,,Cage,2013-07-01,2013-07-06,GDA94,,,,,50,4,
LCI,MP_July 2013,LCI 034,,Medium Elliott,2013-07-01,2013-07-06,GDA94,,,,,50,10,
LCI,MP_July 2013,LCI 034,,Large Elliott,2013-07-01,2013-07-06,GDA94,,,,,50,10,
LCI,MP_August 2014,LCI 034,,Camera,2014-08-17,2014-08-22,GDA94,,,,,50,1,
LCI,MP_August 2014,LCI 034,,Cage,2014-08-17,2014-08-22,GDA94,,,,,50,4,
LCI,MP_August 2014,LCI 034,,Medium Elliott,2014-08-17,2014-08-22,GDA94,,,,,50,10,
LCI,MP_August 2014,LCI 034,,Large Elliott,2014-08-17,2014-08-22,GDA94,,,,,50,10,
LCI,MP_July 2012,LCI 035,,Camera,2012-07-01,2012-07-06,GDA94,,,,,50,1,
LCI,MP_July 2012,LCI 035,,Cage,2012-07-01,2012-07-06,GDA94,,,,,50,4,
LCI,MP_July 2012,LCI 035,,Medium Elliott,2012-07-01,2012-07-06,GDA94,,,,,50,10,
LCI,MP_July 2012,LCI 035,,Large Elliott,2012-07-01,2012-07-06,GDA94,,,,,50,10,
LCI,MP_July 2013,LCI 035,,Camera,2013-07-01,2013-07-06,GDA94,,,,,50,1,
LCI,MP_July 2013,LCI 035,,Cage,2013-07-01,2013-07-06,GDA94,,,,,50,4,
LCI,MP_July 2013,LCI 035,,Medium Elliott,2013-07-01,2013-07-06,GDA94,,,,,50,10,
LCI,MP_July 2013,LCI 035,,Large Elliott,2013-07-01,2013-07-06,GDA94,,,,,50,10,
LCI,MP_August 2014,LCI 035,,Camera,2014-08-17,2014-08-22,GDA94,,,,,50,1,
LCI,MP_August 2014,LCI 035,,Cage,2014-08-17,2014-08-22,GDA94,,,,,50,4,
LCI,MP_August 2014,LCI 035,,Medium Elliott,2014-08-17,2014-08-22,GDA94,,,,,50,10,
LCI,MP_August 2014,LCI 035,,Large Elliott,2014-08-17,2014-08-22,GDA94,,,,,50,10,
LCI,KLRCR_2012,LCI 201,,Camera,2012-06-15,2012-06-20,GDA94,,,,,50,1,
LCI,KLRCR_2012,LCI 201,,Cage,2012-06-15,2012-06-20,GDA94,,,,,50,4,
LCI,KLRCR_2012,LCI 201,,Medium Elliott,2012-06-15,2012-06-20,GDA94,,,,,50,10,
LCI,KLRCR_2012,LCI 201,,Large Elliott,2012-06-15,2012-06-20,GDA94,,,,,50,10,
LCI,KLRCR_2014,LCI 201,,Camera,2014-05-13,2014-05-18,GDA94,,,,,50,1,
LCI,KLRCR_2014,LCI 201,,Cage,2014-05-13,2014-05-18,GDA94,,,,,50,4,
LCI,KLRCR_2014,LCI 201,,Medium Elliott,2014-05-13,2014-05-18,GDA94,,,,,50,10,
LCI,KLRCR_2014,LCI 201,,Large Elliott,2014-05-13,2014-05-18,GDA94,,,,,50,10,
LCI,KLRCR_2014,LCI 202,,Camera,2014-05-13,2014-05-18,GDA94,,,,,50,1,
LCI,KLRCR_2014,LCI 202,,Cage,2014-05-13,2014-05-18,GDA94,,,,,50,4,
LCI,KLRCR_2014,LCI 202,,Medium Elliott,2014-05-13,2014-05-18,GDA94,,,,,50,10,
LCI,KLRCR_2014,LCI 202,,Large Elliott,2014-05-13,2014-05-18,GDA94,,,,,50,10,
LCI,KLRCR_2012,LCI 203,,Camera,2012-06-17,2012-06-22,GDA94,,,,,50,1,
LCI,KLRCR_2012,LCI 203,,Cage,2012-06-17,2012-06-22,GDA94,,,,,50,4,
LCI,KLRCR_2012,LCI 203,,Medium Elliott,2012-06-17,2012-06-22,GDA94,,,,,50,10,
LCI,KLRCR_2012,LCI 203,,Large Elliott,2012-06-17,2012-06-22,GDA94,,,,,50,10,
LCI,KLRCR_2014,LCI 203,,Camera,2014-05-13,2014-05-18,GDA94,,,,,50,1,
LCI,KLRCR_2014,LCI 203,,Cage,2014-05-13,2014-05-18,GDA94,,,,,50,4,
LCI,KLRCR_2014,LCI 203,,Medium Elliott,2014-05-13,2014-05-18,GDA94,,,,,50,10,
LCI,KLRCR_2014,LCI 203,,Large Elliott,2014-05-13,2014-05-18,GDA94,,,,,50,10,
LCI,KLRCR_2012,LCI 204,,Camera,2012-06-17,2012-06-22,GDA94,,,,,50,1,
LCI,KLRCR_2012,LCI 204,,Cage,2012-06-17,2012-06-22,GDA94,,,,,50,4,
LCI,KLRCR_2012,LCI 204,,Medium Elliott,2012-06-17,2012-06-22,GDA94,,,,,50,10,
LCI,KLRCR_2012,LCI 204,,Large Elliott,2012-06-17,2012-06-22,GDA94,,,,,50,10,
LCI,KLRCR_2014,LCI 204,,Camera,2014-05-13,2014-05-18,GDA94,,,,,50,1,
LCI,KLRCR_2014,LCI 204,,Cage,2014-05-13,2014-05-18,GDA94,,,,,50,4,
LCI,KLRCR_2014,LCI 204,,Medium Elliott,2014-05-13,2014-05-18,GDA94,,,,,50,10,
LCI,KLRCR_2014,LCI 204,,Large Elliott,2014-05-13,2014-05-18,GDA94,,,,,50,10,
LCI,KLRCR_2012,LCI 205,,Camera,2012-06-11,2012-06-16,GDA94,,,,,50,1,
LCI,KLRCR_2012,LCI 205,,Cage,2012-06-11,2012-06-16,GDA94,,,,,50,4,
LCI,KLRCR_2012,LCI 205,,Medium Elliott,2012-06-11,2012-06-16,GDA94,,,,,50,10,
LCI,KLRCR_2012,LCI 205,,Large Elliott,2012-06-11,2012-06-16,GDA94,,,,,50,10,
LCI,KLRCR_2014,LCI 205,,Camera,2014-05-13,2014-05-18,GDA94,,,,,50,1,
LCI,KLRCR_2014,LCI 205,,Cage,2014-05-13,2014-05-18,GDA94,,,,,50,4,
LCI,KLRCR_2014,LCI 205,,Medium Elliott,2014-05-13,2014-05-18,GDA94,,,,,50,10,
LCI,KLRCR_2014,LCI 205,,Large Elliott,2014-05-13,2014-05-18,GDA94,,,,,50,10,
LCI,KLRCR_2014,LCI 206,,Camera,2014-05-13,2014-05-18,GDA94,,,,,50,1,
LCI,KLRCR_2014,LCI 206,,Cage,2014-05-13,2014-05-18,GDA94,,,,,50,4,
LCI,KLRCR_2014,LCI 206,,Medium Elliott,2014-05-13,2014-05-18,GDA94,,,,,50,10,
LCI,KLRCR_2014,LCI 206,,Large Elliott,2014-05-13,2014-05-18,GDA94,,,,,50,10,
LCI,KLRCR_2013,LCI 207,,Camera,2013-06-13,2013-06-18,GDA94,,,,,50,1,
LCI,KLRCR_2013,LCI 207,,Cage,2013-06-13,2013-06-18,GDA94,,,,,50,4,
LCI,KLRCR_2013,LCI 207,,Medium Elliott,2013-06-13,2013-06-18,GDA94,,,,,50,10,
LCI,KLRCR_2013,LCI 207,,Large Elliott,2013-06-13,2013-06-18,GDA94,,,,,50,10,
LCI,KLRCR_2015,LCI 207,,Camera,2015-05-15,2015-05-20,GDA94,,,,,50,1,
LCI,KLRCR_2015,LCI 207,,Cage,2015-05-15,2015-05-20,GDA94,,,,,50,4,
LCI,KLRCR_2015,LCI 207,,Medium Elliott,2015-05-15,2015-05-20,GDA94,,,,,50,10,
LCI,KLRCR_2015,LCI 207,,Large Elliott,2015-05-15,2015-05-20,GDA94,,,,,50,10,
LCI,KLRCR_2013,LCI 208,,Camera,2013-06-13,2013-06-18,GDA94,,,,,50,1,
LCI,KLRCR_2013,LCI 208,,Cage,2013-06-13,2013-06-18,GDA94,,,,,50,4,
LCI,KLRCR_2013,LCI 208,,Medium Elliott,2013-06-13,2013-06-18,GDA94,,,,,50,10,
LCI,KLRCR_2013,LCI 208,,Large Elliott,2013-06-13,2013-06-18,GDA94,,,,,50,10,
LCI,KLRCR_2015,LCI 208,,Camera,2015-05-15,2015-05-20,GDA94,,,,,50,1,
LCI,KLRCR_2015,LCI 208,,Cage,2015-05-15,2015-05-20,GDA94,,,,,50,4,
LCI,KLRCR_2015,LCI 208,,Medium Elliott,2015-05-15,2015-05-20,GDA94,,,,,50,10,
LCI,KLRCR_2015,LCI 208,,Large Elliott,2015-05-15,2015-05-20,GDA94,,,,,50,10,
LCI,KLRCR_2015,LCI 209,,Camera,2015-05-16,2015-05-21,GDA94,,,,,50,1,
LCI,KLRCR_2015,LCI 209,,Cage,2015-05-16,2015-05-21,GDA94,,,,,50,4,
LCI,KLRCR_2015,LCI 209,,Medium Elliott,2015-05-16,2015-05-21,GDA94,,,,,50,10,
LCI,KLRCR_2015,LCI 209,,Large Elliott,2015-05-16,2015-05-21,GDA94,,,,,50,10,
LCI,KLRCR_2015,LCI 210,,Camera,2015-05-16,2015-05-21,GDA94,,,,,50,1,
LCI,KLRCR_2015,LCI 210,,Cage,2015-05-16,2015-05-21,GDA94,,,,,50,4,
LCI,KLRCR_2015,LCI 210,,Medium Elliott,2015-05-16,2015-05-21,GDA94,,,,,50,10,
LCI,KLRCR_2015,LCI 210,,Large Elliott,2015-05-16,2015-05-21,GDA94,,,,,50,10,
LCI,KLRCR_2013,LCI 211,,Camera,2013-06-13,2013-06-18,GDA94,,,,,50,1,
LCI,KLRCR_2013,LCI 211,,Cage,2013-06-13,2013-06-18,GDA94,,,,,50,4,
LCI,KLRCR_2013,LCI 211,,Medium Elliott,2013-06-13,2013-06-18,GDA94,,,,,50,10,
LCI,KLRCR_2013,LCI 211,,Large Elliott,2013-06-13,2013-06-18,GDA94,,,,,50,10,
LCI,KLRCR_2015,LCI 211,,Camera,2015-05-17,2015-05-22,GDA94,,,,,50,1,
LCI,KLRCR_2015,LCI 211,,Cage,2015-05-17,2015-05-22,GDA94,,,,,50,4,
LCI,KLRCR_2015,LCI 211,,Medium Elliott,2015-05-17,2015-05-22,GDA94,,,,,50,10,
LCI,KLRCR_2015,LCI 211,,Large Elliott,2015-05-17,2015-05-22,GDA94,,,,,50,10,
LCI,KLRCR_2013,LCI 212,,Camera,2013-06-13,2013-06-18,GDA94,,,,,50,1,
LCI,KLRCR_2013,LCI 212,,Cage,2013-06-13,2013-06-18,GDA94,,,,,50,4,
LCI,KLRCR_2013,LCI 212,,Medium Elliott,2013-06-13,2013-06-18,GDA94,,,,,50,10,
LCI,KLRCR_2013,LCI 212,,Large Elliott,2013-06-13,2013-06-18,GDA94,,,,,50,10,
LCI,KLRCR_2015,LCI 212,,Camera,2015-05-17,2015-05-22,GDA94,,,,,50,1,
LCI,KLRCR_2015,LCI 212,,Cage,2015-05-17,2015-05-22,GDA94,,,,,50,4,
LCI,KLRCR_2015,LCI 212,,Medium Elliott,2015-05-17,2015-05-22,GDA94,,,,,50,10,
LCI,KLRCR_2015,LCI 212,,Large Elliott,2015-05-17,2015-05-22,GDA94,,,,,50,10,
LCI,PRNP_2014,LCI 301,,Camera,2014-06-15,2014-06-20,GDA94,,,,,50,1,
LCI,PRNP_2014,LCI 301,,Cage,2014-06-15,2014-06-20,GDA94,,,,,50,4,
LCI,PRNP_2014,LCI 301,,Medium Elliott,2014-06-15,2014-06-20,GDA94,,,,,50,10,
LCI,PRNP_2014,LCI 301,,Large Elliott,2014-06-15,2014-06-20,GDA94,,,,,50,10,
LCI,PRNP_2015,LCI 301,,Camera,2015-08-24,2015-08-29,GDA94,,,,,50,1,
LCI,PRNP_2015,LCI 301,,Cage,2015-08-24,2015-08-29,GDA94,,,,,50,4,
LCI,PRNP_2015,LCI 301,,Medium Elliott,2015-08-24,2015-08-29,GDA94,,,,,50,10,
LCI,PRNP_2015,LCI 301,,Large Elliott,2015-08-24,2015-08-29,GDA94,,,,,50,10,
LCI,PRNP_2014,LCI 302,,Camera,2014-06-15,2014-06-20,GDA94,,,,,50,1,
LCI,PRNP_2014,LCI 302,,Cage,2014-06-15,2014-06-20,GDA94,,,,,50,4,
LCI,PRNP_2014,LCI 302,,Medium Elliott,2014-06-15,2014-06-20,GDA94,,,,,50,10,
LCI,PRNP_2014,LCI 302,,Large Elliott,2014-06-15,2014-06-20,GDA94,,,,,50,10,
LCI,PRNP_2015,LCI 302,,Camera,2015-08-24,2015-08-29,GDA94,,,,,50,1,
LCI,PRNP_2015,LCI 302,,Cage,2015-08-24,2015-08-29,GDA94,,,,,50,4,
LCI,PRNP_2015,LCI 302,,Medium Elliott,2015-08-24,2015-08-29,GDA94,,,,,50,10,
LCI,PRNP_2015,LCI 302,,Large Elliott,2015-08-24,2015-08-29,GDA94,,,,,50,10,
LCI,PRNP_2014,LCI 303,,Camera,2014-06-14,2014-06-19,GDA94,,,,,50,1,
LCI,PRNP_2014,LCI 303,,Cage,2014-06-14,2014-06-19,GDA94,,,,,50,4,
LCI,PRNP_2014,LCI 303,,Medium Elliott,2014-06-14,2014-06-19,GDA94,,,,,50,10,
LCI,PRNP_2014,LCI 303,,Large Elliott,2014-06-14,2014-06-19,GDA94,,,,,50,10,
LCI,PRNP_2015,LCI 303,,Camera,2015-08-24,2015-08-29,GDA94,,,,,50,1,
LCI,PRNP_2015,LCI 303,,Cage,2015-08-24,2015-08-29,GDA94,,,,,50,4,
LCI,PRNP_2015,LCI 303,,Medium Elliott,2015-08-24,2015-08-29,GDA94,,,,,50,10,
LCI,PRNP_2015,LCI 303,,Large Elliott,2015-08-24,2015-08-29,GDA94,,,,,50,10,
LCI,PRNP_2014,LCI 304,,Camera,2014-06-14,2014-06-19,GDA94,,,,,50,1,
LCI,PRNP_2014,LCI 304,,Cage,2014-06-14,2014-06-19,GDA94,,,,,50,4,
LCI,PRNP_2014,LCI 304,,Medium Elliott,2014-06-14,2014-06-19,GDA94,,,,,50,10,
LCI,PRNP_2014,LCI 304,,Large Elliott,2014-06-14,2014-06-19,GDA94,,,,,50,10,
LCI,PRNP_2015,LCI 304,,Camera,2015-08-25,2015-08-30,GDA94,,,,,50,1,
LCI,PRNP_2015,LCI 304,,Cage,2015-08-25,2015-08-30,GDA94,,,,,50,4,
LCI,PRNP_2015,LCI 304,,Medium Elliott,2015-08-25,2015-08-30,GDA94,,,,,50,10,
LCI,PRNP_2015,LCI 304,,Large Elliott,2015-08-25,2015-08-30,GDA94,,,,,50,10,
LCI,PRNP_2014,LCI 305 R,,Camera,2014-06-14,2014-06-19,GDA94,,,,,50,1,
LCI,PRNP_2014,LCI 305 R,,Cage,2014-06-14,2014-06-19,GDA94,,,,,50,4,
LCI,PRNP_2014,LCI 305 R,,Medium Elliott,2014-06-14,2014-06-19,GDA94,,,,,50,10,
LCI,PRNP_2014,LCI 305 R,,Large Elliott,2014-06-14,2014-06-19,GDA94,,,,,50,10,
LCI,PRNP_2014,LCI 306,,Camera,2014-06-15,2014-06-20,GDA94,,,,,50,1,
LCI,PRNP_2014,LCI 306,,Cage,2014-06-15,2014-06-20,GDA94,,,,,50,4,
LCI,PRNP_2014,LCI 306,,Medium Elliott,2014-06-15,2014-06-20,GDA94,,,,,50,10,
LCI,PRNP_2014,LCI 306,,Large Elliott,2014-06-15,2014-06-20,GDA94,,,,,50,10,
LCI,PRNP_2015,LCI 306,,Camera,2015-08-24,2015-08-29,GDA94,,,,,50,1,
LCI,PRNP_2015,LCI 306,,Cage,2015-08-24,2015-08-29,GDA94,,,,,50,4,
LCI,PRNP_2015,LCI 306,,Medium Elliott,2015-08-24,2015-08-29,GDA94,,,,,50,10,
LCI,PRNP_2015,LCI 306,,Large Elliott,2015-08-24,2015-08-29,GDA94,,,,,50,10,
LCI,PRNP_2014,LCI 311,,Camera,2014-06-06,2014-06-11,GDA94,,,,,50,1,
LCI,PRNP_2014,LCI 311,,Cage,2014-06-06,2014-06-11,GDA94,,,,,50,4,
LCI,PRNP_2014,LCI 311,,Medium Elliott,2014-06-06,2014-06-11,GDA94,,,,,50,10,
LCI,PRNP_2014,LCI 311,,Large Elliott,2014-06-06,2014-06-11,GDA94,,,,,50,10,
LCI,PRNP_2015,LCI 311,,Camera,2015-08-17,2015-08-22,GDA94,,,,,50,1,
LCI,PRNP_2015,LCI 311,,Cage,2015-08-17,2015-08-22,GDA94,,,,,50,4,
LCI,PRNP_2015,LCI 311,,Medium Elliott,2015-08-17,2015-08-22,GDA94,,,,,50,10,
LCI,PRNP_2015,LCI 311,,Large Elliott,2015-08-17,2015-08-22,GDA94,,,,,50,10,
LCI,PRNP_2014,LCI 313 R,,Camera,2014-06-05,2014-06-10,GDA94,,,,,50,1,
LCI,PRNP_2014,LCI 313 R,,Cage,2014-06-05,2014-06-10,GDA94,,,,,50,4,
LCI,PRNP_2014,LCI 313 R,,Medium Elliott,2014-06-05,2014-06-10,GDA94,,,,,50,10,
LCI,PRNP_2014,LCI 313 R,,Large Elliott,2014-06-05,2014-06-10,GDA94,,,,,50,10,
LCI,PRNP_2014,LCI 314 R,,Camera,2014-06-06,2014-06-11,GDA94,,,,,50,1,
LCI,PRNP_2014,LCI 314 R,,Cage,2014-06-06,2014-06-11,GDA94,,,,,50,4,
LCI,PRNP_2014,LCI 314 R,,Medium Elliott,2014-06-06,2014-06-11,GDA94,,,,,50,10,
LCI,PRNP_2014,LCI 314 R,,Large Elliott,2014-06-06,2014-06-11,GDA94,,,,,50,10,
LCI,PRNP_2014,LCI 315,,Camera,2014-06-05,2014-06-10,GDA94,,,,,50,1,
LCI,PRNP_2014,LCI 315,,Cage,2014-06-05,2014-06-10,GDA94,,,,,50,4,
LCI,PRNP_2014,LCI 315,,Medium Elliott,2014-06-05,2014-06-10,GDA94,,,,,50,10,
LCI,PRNP_2014,LCI 315,,Large Elliott,2014-06-05,2014-06-10,GDA94,,,,,50,10,
LCI,PRNP_2015,LCI 315,,Camera,2015-08-16,2015-08-21,GDA94,,,,,50,1,
LCI,PRNP_2015,LCI 315,,Cage,2015-08-16,2015-08-21,GDA94,,,,,50,4,
LCI,PRNP_2015,LCI 315,,Medium Elliott,2015-08-16,2015-08-21,GDA94,,,,,50,10,
LCI,PRNP_2015,LCI 315,,Large Elliott,2015-08-16,2015-08-21,GDA94,,,,,50,10,
LCI,PRNP_2014,LCI 317 R,,Camera,2014-06-05,2014-06-10,GDA94,,,,,50,1,
LCI,PRNP_2014,LCI 317 R,,Cage,2014-06-05,2014-06-10,GDA94,,,,,50,4,
LCI,PRNP_2014,LCI 317 R,,Medium Elliott,2014-06-05,2014-06-10,GDA94,,,,,50,10,
LCI,PRNP_2014,LCI 317 R,,Large Elliott,2014-06-05,2014-06-10,GDA94,,,,,50,10,
LCI,PRNP_2014,LCI 319,,Camera,2014-06-06,2014-06-11,GDA94,,,,,50,1,
LCI,PRNP_2014,LCI 319,,Cage,2014-06-06,2014-06-11,GDA94,,,,,50,4,
LCI,PRNP_2014,LCI 319,,Medium Elliott,2014-06-06,2014-06-11,GDA94,,,,,50,10,
LCI,PRNP_2014,LCI 319,,Large Elliott,2014-06-06,2014-06-11,GDA94,,,,,50,10,
LCI,PRNP_2015,LCI 319,,Camera,2015-08-16,2015-08-21,GDA94,,,,,50,1,
LCI,PRNP_2015,LCI 319,,Cage,2015-08-16,2015-08-21,GDA94,,,,,50,4,
LCI,PRNP_2015,LCI 319,,Medium Elliott,2015-08-16,2015-08-21,GDA94,,,,,50,10,
LCI,PRNP_2015,LCI 319,,Large Elliott,2015-08-16,2015-08-21,GDA94,,,,,50,10,
LCI,DRNP_2015,LCI 603,,Camera,2015-07-21,2015-07-26,GDA94,,,,,50,1,
LCI,DRNP_2015,LCI 603,,Cage,2015-07-21,2015-07-26,GDA94,,,,,50,4,
LCI,DRNP_2015,LCI 603,,Medium Elliott,2015-07-21,2015-07-26,GDA94,,,,,50,10,
LCI,DRNP_2015,LCI 603,,Large Elliott,2015-07-21,2015-07-26,GDA94,,,,,50,10,
LCI,DRNP_2015,LCI 604,,Camera,2015-07-21,2015-07-26,GDA94,,,,,50,1,
LCI,DRNP_2015,LCI 604,,Cage,2015-07-21,2015-07-26,GDA94,,,,,50,4,
LCI,DRNP_2015,LCI 604,,Medium Elliott,2015-07-21,2015-07-26,GDA94,,,,,50,10,
LCI,DRNP_2015,LCI 604,,Large Elliott,2015-07-21,2015-07-26,GDA94,,,,,50,10,
LCI,DRNP_2015,LCI 606,,Camera,2015-07-22,2015-07-27,GDA94,,,,,50,1,
LCI,DRNP_2015,LCI 606,,Cage,2015-07-22,2015-07-27,GDA94,,,,,50,4,
LCI,DRNP_2015,LCI 606,,Medium Elliott,2015-07-22,2015-07-27,GDA94,,,,,50,10,
LCI,DRNP_2015,LCI 606,,Large Elliott,2015-07-22,2015-07-27,GDA94,,,,,50,10,
LCI,DRNP_2015,LCI 607,,Camera,2015-07-22,2015-07-27,GDA94,,,,,50,1,
LCI,DRNP_2015,LCI 607,,Cage,2015-07-22,2015-07-27,GDA94,,,,,50,4,
LCI,DRNP_2015,LCI 607,,Medium Elliott,2015-07-22,2015-07-27,GDA94,,,,,50,10,
LCI,DRNP_2015,LCI 607,,Large Elliott,2015-07-22,2015-07-27,GDA94,,,,,50,10,
LCI,PRNP_2015,LCI 305 R,,Camera,2015-08-25,2015-08-30,GDA94,,,,,50,1,
LCI,PRNP_2015,LCI 305 R,,Cage,2015-08-25,2015-08-30,GDA94,,,,,50,4,
LCI,PRNP_2015,LCI 305 R,,Medium Elliott,2015-08-25,2015-08-30,GDA94,,,,,50,10,
LCI,PRNP_2015,LCI 305 R,,Large Elliott,2015-08-25,2015-08-30,GDA94,,,,,50,10,
LCI,PRNP_2015,LCI 313 R,,Camera,2015-08-17,2015-08-22,GDA94,,,,,50,1,
LCI,PRNP_2015,LCI 313 R,,Cage,2015-08-17,2015-08-22,GDA94,,,,,50,4,
LCI,PRNP_2015,LCI 313 R,,Medium Elliott,2015-08-17,2015-08-22,GDA94,,,,,50,10,
LCI,PRNP_2015,LCI 313 R,,Large Elliott,2015-08-17,2015-08-22,GDA94,,,,,50,10,
LCI,PRNP_2015,LCI 314 R,,Camera,2015-08-17,2015-08-22,GDA94,,,,,50,1,
LCI,PRNP_2015,LCI 314 R,,Cage,2015-08-17,2015-08-22,GDA94,,,,,50,4,
LCI,PRNP_2015,LCI 314 R,,Medium Elliott,2015-08-17,2015-08-22,GDA94,,,,,50,10,
LCI,PRNP_2015,LCI 314 R,,Large Elliott,2015-08-17,2015-08-22,GDA94,,,,,50,10,
LCI,PRNP_2015,LCI 317 R,,Camera,2015-08-17,2015-08-22,GDA94,,,,,50,1,
LCI,PRNP_2015,LCI 317 R,,Cage,2015-08-17,2015-08-22,GDA94,,,,,50,4,
LCI,PRNP_2015,LCI 317 R,,Medium Elliott,2015-08-17,2015-08-22,GDA94,,,,,50,10,
LCI,PRNP_2015,LCI 317 R,,Large Elliott,2015-08-17,2015-08-22,GDA94,,,,,50,10,
LCI,MP_June 2013,LCI 001,,Camera,2013-06-24,2013-06-29,GDA94,,,,,50,1,
LCI,MP_June 2013,LCI 001,,Cage,2013-06-24,2013-06-29,GDA94,,,,,50,4,
LCI,MP_June 2013,LCI 001,,Medium Elliott,2013-06-24,2013-06-29,GDA94,,,,,50,10,
LCI,MP_June 2013,LCI 001,,Large Elliott,2013-06-24,2013-06-29,GDA94,,,,,50,10,
LCI,MP_June 2013,LCI 002,,Camera,2013-06-24,2013-06-29,GDA94,,,,,50,1,
LCI,MP_June 2013,LCI 002,,Cage,2013-06-24,2013-06-29,GDA94,,,,,50,4,
LCI,MP_June 2013,LCI 002,,Medium Elliott,2013-06-24,2013-06-29,GDA94,,,,,50,10,
LCI,MP_June 2013,LCI 002,,Large Elliott,2013-06-24,2013-06-29,GDA94,,,,,50,10,
LCI,MP_June 2013,LCI 003,,Camera,2013-06-24,2013-06-29,GDA94,,,,,50,1,
LCI,MP_June 2013,LCI 003,,Cage,2013-06-24,2013-06-29,GDA94,,,,,50,4,
LCI,MP_June 2013,LCI 003,,Medium Elliott,2013-06-24,2013-06-29,GDA94,,,,,50,10,
LCI,MP_June 2013,LCI 003,,Large Elliott,2013-06-24,2013-06-29,GDA94,,,,,50,10,
LCI,MP_June 2013,LCI 004,,Camera,2013-06-24,2013-06-29,GDA94,,,,,50,1,
LCI,MP_June 2013,LCI 004,,Cage,2013-06-24,2013-06-29,GDA94,,,,,50,4,
LCI,MP_June 2013,LCI 004,,Medium Elliott,2013-06-24,2013-06-29,GDA94,,,,,50,10,
LCI,MP_June 2013,LCI 004,,Large Elliott,2013-06-24,2013-06-29,GDA94,,,,,50,10,
LCI,MP_September 2013,LCI 005,,Camera,2013-09-04,2013-09-09,GDA94,,,,,50,1,
LCI,MP_September 2013,LCI 005,,Cage,2013-09-04,2013-09-09,GDA94,,,,,50,4,
LCI,MP_September 2013,LCI 005,,Medium Elliott,2013-09-04,2013-09-09,GDA94,,,,,50,10,
LCI,MP_September 2013,LCI 005,,Large Elliott,2013-09-04,2013-09-09,GDA94,,,,,50,10,
LCI,MP_September 2013,LCI 007,,Camera,2013-08-29,2013-09-03,GDA94,,,,,50,1,
LCI,MP_September 2013,LCI 007,,Cage,2013-08-29,2013-09-03,GDA94,,,,,50,4,
LCI,MP_September 2013,LCI 007,,Medium Elliott,2013-08-29,2013-09-03,GDA94,,,,,50,10,
LCI,MP_September 2013,LCI 007,,Large Elliott,2013-08-29,2013-09-03,GDA94,,,,,50,10,
LCI,MP_September 2013,LCI 008 R,,Camera,2013-08-29,2013-09-03,GDA94,,,,,50,1,
LCI,MP_September 2013,LCI 008 R,,Cage,2013-08-29,2013-09-03,GDA94,,,,,50,4,
LCI,MP_September 2013,LCI 008 R,,Medium Elliott,2013-08-29,2013-09-03,GDA94,,,,,50,10,
LCI,MP_September 2013,LCI 008 R,,Large Elliott,2013-08-29,2013-09-03,GDA94,,,,,50,10,
LCI,MP_September 2013,LCI 009,,Camera,2013-08-29,2013-09-03,GDA94,,,,,50,1,
LCI,MP_September 2013,LCI 009,,Cage,2013-08-29,2013-09-03,GDA94,,,,,50,4,
LCI,MP_September 2013,LCI 009,,Medium Elliott,2013-08-29,2013-09-03,GDA94,,,,,50,10,
LCI,MP_September 2013,LCI 009,,Large Elliott,2013-08-29,2013-09-03,GDA94,,,,,50,10,
LCI,MP_September 2013,LCI 010,,Camera,2013-08-29,2013-09-03,GDA94,,,,,50,1,
LCI,MP_September 2013,LCI 010,,Cage,2013-08-29,2013-09-03,GDA94,,,,,50,4,
LCI,MP_September 2013,LCI 010,,Medium Elliott,2013-08-29,2013-09-03,GDA94,,,,,50,10,
LCI,MP_September 2013,LCI 010,,Large Elliott,2013-08-29,2013-09-03,GDA94,,,,,50,10,
LCI,MP_September 2013,LCI 011,,Camera,2013-08-29,2013-09-03,GDA94,,,,,50,1,
LCI,MP_September 2013,LCI 011,,Cage,2013-08-29,2013-09-03,GDA94,,,,,50,4,
LCI,MP_September 2013,LCI 011,,Medium Elliott,2013-08-29,2013-09-03,GDA94,,,,,50,10,
LCI,MP_September 2013,LCI 011,,Large Elliott,2013-08-29,2013-09-03,GDA94,,,,,50,10,
LCI,MP_September 2013,LCI 012,,Camera,2013-08-29,2013-09-03,GDA94,,,,,50,1,
LCI,MP_September 2013,LCI 012,,Cage,2013-08-29,2013-09-03,GDA94,,,,,50,4,
LCI,MP_September 2013,LCI 012,,Medium Elliott,2013-08-29,2013-09-03,GDA94,,,,,50,10,
LCI,MP_September 2013,LCI 012,,Large Elliott,2013-08-29,2013-09-03,GDA94,,,,,50,10,
LCI,MP_September 2011,LCI 013,,Camera,2011-09-27,2011-09-30,GDA94,,,,,50,1,
LCI,MP_September 2011,LCI 013,,Cage,2011-09-27,2011-09-30,GDA94,,,,,50,4,
LCI,MP_September 2011,LCI 013,,Medium Elliott,2011-09-27,2011-09-30,GDA94,,,,,50,10,
LCI,MP_September 2011,LCI 013,,Large Elliott,2011-09-27,2011-09-30,GDA94,,,,,50,10,
LCI,MP_September 2011,LCI 014,,Camera,2011-09-27,2011-09-30,GDA94,,,,,50,1,
LCI,MP_September 2011,LCI 014,,Cage,2011-09-27,2011-09-30,GDA94,,,,,50,4,
LCI,MP_September 2011,LCI 014,,Medium Elliott,2011-09-27,2011-09-30,GDA94,,,,,50,10,
LCI,MP_September 2011,LCI 014,,Large Elliott,2011-09-27,2011-09-30,GDA94,,,,,50,10,
LCI,MP_September 2013,LCI 014,,Camera,2013-08-30,2013-09-04,GDA94,,,,,50,1,
LCI,MP_September 2013,LCI 014,,Cage,2013-08-30,2013-09-04,GDA94,,,,,50,4,
LCI,MP_September 2013,LCI 014,,Medium Elliott,2013-08-30,2013-09-04,GDA94,,,,,50,10,
LCI,MP_September 2013,LCI 014,,Large Elliott,2013-08-30,2013-09-04,GDA94,,,,,50,10,
LCI,MP_September 2011,LCI 015 R,,Camera,2011-09-27,2011-09-30,GDA94,,,,,50,1,
LCI,MP_September 2011,LCI 015 R,,Cage,2011-09-27,2011-09-30,GDA94,,,,,50,4,
LCI,MP_September 2011,LCI 015 R,,Medium Elliott,2011-09-27,2011-09-30,GDA94,,,,,50,10,
LCI,MP_September 2011,LCI 015 R,,Large Elliott,2011-09-27,2011-09-30,GDA94,,,,,50,10,
LCI,MP_September 2013,LCI 015 R,,Camera,2013-08-30,2013-09-04,GDA94,,,,,50,1,
LCI,MP_September 2013,LCI 015 R,,Cage,2013-08-30,2013-09-04,GDA94,,,,,50,4,
LCI,MP_September 2013,LCI 015 R,,Medium Elliott,2013-08-30,2013-09-04,GDA94,,,,,50,10,
LCI,MP_September 2013,LCI 015 R,,Large Elliott,2013-08-30,2013-09-04,GDA94,,,,,50,10,
LCI,MP_July 2011,LCI 019,,Camera,2011-07-29,2011-08-01,GDA94,,,,,50,1,
LCI,MP_July 2011,LCI 019,,Cage,2011-07-29,2011-08-01,GDA94,,,,,50,4,
LCI,MP_July 2011,LCI 019,,Medium Elliott,2011-07-29,2011-08-01,GDA94,,,,,50,10,
LCI,MP_July 2011,LCI 019,,Large Elliott,2011-07-29,2011-08-01,GDA94,,,,,50,10,
LCI,MP_September 2013,LCI 019,,Camera,2013-09-04,2013-09-09,GDA94,,,,,50,1,
LCI,MP_September 2013,LCI 019,,Cage,2013-09-04,2013-09-09,GDA94,,,,,50,4,
LCI,MP_September 2013,LCI 019,,Medium Elliott,2013-09-04,2013-09-09,GDA94,,,,,50,10,
LCI,MP_September 2013,LCI 019,,Large Elliott,2013-09-04,2013-09-09,GDA94,,,,,50,10,
LCI,MP_September 2013,LCI 020,,Camera,2013-09-04,2013-09-09,GDA94,,,,,50,1,
LCI,MP_September 2013,LCI 020,,Cage,2013-09-04,2013-09-09,GDA94,,,,,50,4,
LCI,MP_September 2013,LCI 020,,Medium Elliott,2013-09-04,2013-09-09,GDA94,,,,,50,10,
LCI,MP_September 2013,LCI 020,,Large Elliott,2013-09-04,2013-09-09,GDA94,,,,,50,10,
LCI,MP_September 2013,LCI 021,,Camera,2013-09-04,2013-09-09,GDA94,,,,,50,1,
LCI,MP_September 2013,LCI 021,,Cage,2013-09-04,2013-09-09,GDA94,,,,,50,4,
LCI,MP_September 2013,LCI 021,,Medium Elliott,2013-09-04,2013-09-09,GDA94,,,,,50,10,
LCI,MP_September 2013,LCI 021,,Large Elliott,2013-09-04,2013-09-09,GDA94,,,,,50,10,
LCI,MP_June 2013,LCI 022,,Camera,2013-06-25,2013-06-30,GDA94,,,,,50,1,
LCI,MP_June 2013,LCI 022,,Cage,2013-06-25,2013-06-30,GDA94,,,,,50,4,
LCI,MP_June 2013,LCI 022,,Medium Elliott,2013-06-25,2013-06-30,GDA94,,,,,50,10,
LCI,MP_June 2013,LCI 022,,Large Elliott,2013-06-25,2013-06-30,GDA94,,,,,50,10,
LCI,MP_July 2012,LCI 023 R,,Camera,2012-07-07,2012-07-12,GDA94,,,,,50,1,
LCI,MP_July 2012,LCI 023 R,,Cage,2012-07-07,2012-07-12,GDA94,,,,,50,4,
LCI,MP_July 2012,LCI 023 R,,Medium Elliott,2012-07-07,2012-07-12,GDA94,,,,,50,10,
LCI,MP_July 2012,LCI 023 R,,Large Elliott,2012-07-07,2012-07-12,GDA94,,,,,50,10,
LCI,MP_June 2013,LCI 023 R,,Camera,2013-06-25,2013-06-30,GDA94,,,,,50,1,
LCI,MP_June 2013,LCI 023 R,,Cage,2013-06-25,2013-06-30,GDA94,,,,,50,4,
LCI,MP_June 2013,LCI 023 R,,Medium Elliott,2013-06-25,2013-06-30,GDA94,,,,,50,10,
LCI,MP_June 2013,LCI 023 R,,Large Elliott,2013-06-25,2013-06-30,GDA94,,,,,50,10,
LCI,MP_June 2013,LCI 024,,Camera,2013-06-25,2013-06-30,GDA94,,,,,50,1,
LCI,MP_June 2013,LCI 024,,Cage,2013-06-25,2013-06-30,GDA94,,,,,50,4,
LCI,MP_June 2013,LCI 024,,Medium Elliott,2013-06-25,2013-06-30,GDA94,,,,,50,10,
LCI,MP_June 2013,LCI 024,,Large Elliott,2013-06-25,2013-06-30,GDA94,,,,,50,10,
LCI,MP_July 2013,LCI 025,,Camera,2013-07-01,2013-07-06,GDA94,,,,,50,1,
LCI,MP_July 2013,LCI 025,,Cage,2013-07-01,2013-07-06,GDA94,,,,,50,4,
LCI,MP_July 2013,LCI 025,,Medium Elliott,2013-07-01,2013-07-06,GDA94,,,,,50,10,
LCI,MP_July 2013,LCI 025,,Large Elliott,2013-07-01,2013-07-06,GDA94,,,,,50,10,
LCI,MP_September 2011,LCI 027,,Camera,2011-09-21,2011-09-27,GDA94,,,,,50,1,
LCI,MP_September 2011,LCI 027,,Cage,2011-09-21,2011-09-27,GDA94,,,,,50,4,
LCI,MP_September 2011,LCI 027,,Medium Elliott,2011-09-21,2011-09-27,GDA94,,,,,50,10,
LCI,MP_September 2011,LCI 027,,Large Elliott,2011-09-21,2011-09-27,GDA94,,,,,50,10,
LCI,MP_September 2011,LCI 028,,Camera,2011-09-21,2011-09-27,GDA94,,,,,50,1,
LCI,MP_September 2011,LCI 028,,Cage,2011-09-21,2011-09-27,GDA94,,,,,50,4,
LCI,MP_September 2011,LCI 028,,Medium Elliott,2011-09-21,2011-09-27,GDA94,,,,,50,10,
LCI,MP_September 2011,LCI 028,,Large Elliott,2011-09-21,2011-09-27,GDA94,,,,,50,10,
LCI,MP_July 2012,LCI 047 R,,Camera,2012-07-07,2012-07-12,GDA94,,,,,50,1,
LCI,MP_July 2012,LCI 047 R,,Cage,2012-07-07,2012-07-12,GDA94,,,,,50,4,
LCI,MP_July 2012,LCI 047 R,,Medium Elliott,2012-07-07,2012-07-12,GDA94,,,,,50,10,
LCI,MP_July 2012,LCI 047 R,,Large Elliott,2012-07-07,2012-07-12,GDA94,,,,,50,10,
