Project,Visit,Site,Vegetation collector,Visit Date
LCI,MP_July 2011,LCI 001,Ian Radford,2011-07-24
LCI,MP_July 2011,LCI 002,Ian Radford,2011-07-29
LCI,MP_July 2011,LCI 003,Karin Carnes,2011-07-29
LCI,MP_July 2011,LCI 004,Ian Radford,2011-07-27
LCI,MP_July 2011,LCI 005,Ian Radford,2011-07-26
LCI,MP_July 2011,LCI 007,Karin Carnes,2011-07-31
LCI,MP_July 2011,LCI 008 R,Karin Carnes,2011-07-29
LCI,MP_July 2011,LCI 008 W,Karin Carnes,2011-07-29
LCI,MP_July 2011,LCI 009,Karin Carnes,2011-07-30
LCI,MP_July 2011,LCI 010,Karin Carnes,2011-07-30
LCI,MP_August 2011,LCI 011,Ian Radford,2011-08-02
LCI,MP_August 2011,LCI 012,Ian Radford,2011-08-02
LCI,MP_August 2011,LCI 013,Karin Carnes,2011-08-16
LCI,MP_August 2011,LCI 014,Karin Carnes,2011-08-16
LCI,MP_August 2011,LCI 015 R,Karin Carnes,2011-08-15
LCI,MP_August 2011,LCI 015 W,Karin Carnes,2011-08-15
LCI,MP_August 2011,LCI 019,Karin Carnes,2011-08-14
LCI,MP_August 2011,LCI 020,Ian Radford,2011-08-29
LCI,MP_August 2011,LCI 021,Ian Radford,2011-08-29
LCI,MP_August 2011,LCI 022,Karin Carnes,2011-08-14
LCI,MP_August 2011,LCI 023 R,Karin Carnes,2011-08-14
LCI,MP_August 2011,LCI 023 W,Karin Carnes,2011-08-14
LCI,MP_August 2011,LCI 024,Karin Carnes,2011-08-15
LCI,MP_August 2011,LCI 026,Karin Carnes,2011-08-13
LCI,MP_August 2011,LCI 027,Karin Carnes,2011-08-12
LCI,MP_August 2011,LCI 028,Karin Carnes,2011-08-12
LCI,MP_August 2011,LCI 031,Karin Carnes,2011-08-01
LCI,MP_August 2011,LCI 032,Ian Radford,2011-08-24
LCI,MP_August 2011,LCI 033,Ian Radford,2011-08-24
LCI,MP_August 2011,LCI 034,Karin Carnes,2011-08-01
LCI,MP_August 2011,LCI 035,Karin Carnes,2011-08-02
LCI,MP_September 2011,LCI 038,Ian Radford,2011-09-21
LCI,MP_July 2012,LCI 039 R,Karin Carnes,2012-07-06
LCI,MP_July 2012,LCI 039 W,Karin Carnes,2012-07-06
LCI,MP_July 2012,LCI 041,Ian Radford,2012-07-10
LCI,MP_July 2012,LCI 043,Ian Radford,2012-07-02
LCI,MP_July 2012,LCI 044,Ian Radford,2012-07-02
LCI,MP_July 2012,LCI 046,Karin Carnes,2012-07-08
LCI,MP_September 2013,LCI 047 R,Ian Radford,2013-09-07
LCI,MP_September 2013,LCI 047 W,Ian Radford,2013-09-07
LCI,MP_August 2013,LCI 050,Karin Carnes,2013-08-10
LCI,MP_July 2012,LCI 051,Karin Carnes,2012-07-09
LCI,MP_July 2012,LCI 052,Karin Carnes,2012-07-09
LCI,MP_July 2012,LCI 053,Karin Carnes,2012-07-12
LCI,MP_July 2012,LCI 054,Karin Carnes,2012-07-12
LCI,MP_July 2012,LCI 055,Karin Carnes,2012-07-12
LCI,MP_July 2012,LCI 056,Karin Carnes,2012-07-13
LCI,KLRCR_2011,LCI 201,Karin Carnes,2011-06-25
LCI,KLRCR_2011,LCI 202,Karin Carnes,2011-06-25
LCI,KLRCR_2011,LCI 203,Karin Carnes,2011-06-24
LCI,KLRCR_2011,LCI 204,Karin Carnes,2011-06-25
LCI,KLRCR_2011,LCI 205,Karin Carnes,2011-06-23
LCI,KLRCR_2011,LCI 206,Karin Carnes,2011-06-24
LCI,KLRCR_2011,LCI 207,Karin Carnes,2011-06-26
LCI,KLRCR_2011,LCI 208,Karin Carnes,2011-06-27
LCI,KLRCR_2011,LCI 209,Karin Carnes,2011-06-27
LCI,KLRCR_2011,LCI 210,Karin Carnes,2011-06-29
LCI,KLRCR_2011,LCI 211,Karin Carnes,2011-06-28
LCI,KLRCR_2011,LCI 212,Karin Carnes,2011-06-28
LCI,KLRCR_2012,LCI 213,Karin Carnes,2012-06-18
LCI,KLRCR_2012,LCI 214,Karin Carnes,2012-06-19
LCI,PRNP_2012,LCI 301,Ian Radford,2012-08-01
LCI,PRNP_2012,LCI 302,Ian Radford,2012-08-02
LCI,PRNP_2012,LCI 303,Ian Radford,2012-08-01
LCI,PRNP_2012,LCI 304,Ian Radford,2012-08-01
LCI,PRNP_2012,LCI 305 R,Ian Radford,2012-08-01
LCI,PRNP_2012,LCI 305 W,Ian Radford,2012-08-01
LCI,PRNP_2012,LCI 306,Ian Radford,2012-08-02
LCI,PRNP_2012,LCI 307,Ian Radford,2012-08-02
LCI,PRNP_2012,LCI 308,Ian Radford,2012-08-02
LCI,PRNP_2012,LCI 311,Ian Radford,2012-08-08
LCI,PRNP_2012,LCI 313 R,Ian Radford,2012-08-08
LCI,PRNP_2012,LCI 313 W,Ian Radford,2012-08-08
LCI,PRNP_2012,LCI 314 R,Ian Radford,2012-08-09
LCI,PRNP_2012,LCI 314 W,Ian Radford,2012-08-09
LCI,PRNP_2012,LCI 315,Ian Radford,2012-08-09
LCI,PRNP_2012,LCI 316,Ian Radford,2012-08-08
LCI,PRNP_2012,LCI 317 R,Ian Radford,2012-08-08
LCI,PRNP_2012,LCI 317 W,Ian Radford,2012-08-08
LCI,PRNP_2012,LCI 318,Ian Radford,2012-08-10
LCI,PRNP_2012,LCI 319,Ian Radford,2012-08-09
LCI,Mt Elizabeth_2013,LCI 401,Ian Radford,2013-09-28
LCI,Mt Elizabeth_2013,LCI 403,Ian Radford,2013-09-28
LCI,Mt Elizabeth_2013,LCI 405,Ian Radford,2013-09-28
LCI,Mt Elizabeth_2013,LCI 406,Ian Radford,2013-09-28
LCI,Mt Elizabeth_2013,LCI 410,Ian Radford,2013-09-29
LCI,Mt Elizabeth_2013,LCI 411,Ian Radford,2013-09-28
LCI,Mt Elizabeth_2013,LCI 412,Ian Radford,2013-09-28
LCI,Mt Elizabeth_2013,LCI 413,Ian Radford,2013-09-29
LCI,Bachsten_2013,LCI 501,Ian Radford,2013-09-22
LCI,Bachsten_2013,LCI 502,Ian Radford,2013-09-22
LCI,Bachsten_2013,LCI 504,Ian Radford,2013-09-25
LCI,Bachsten_2013,LCI 505,Ian Radford,2013-09-24
LCI,Bachsten_2013,LCI 506,Ian Radford,2013-09-23
LCI,Bachsten_2013,LCI 507,Ian Radford,2013-09-24
LCI,Bachsten_2013,LCI 511,Ian Radford,2013-09-23
LCI,Bachsten_2013,LCI 512,Ian Radford,2013-09-23
LCI,DRNP_2013,LCI 601,Ian Radford,2013-08-18
LCI,DRNP_2013,LCI 602,Ian Radford,2013-08-18
LCI,DRNP_2013,LCI 603,Ian Radford,2013-08-19
LCI,DRNP_2013,LCI 604,Ian Radford,2013-08-19
LCI,DRNP_2013,LCI 605,Ian Radford,2013-08-19
LCI,DRNP_2013,LCI 606,Ian Radford,2013-08-20
LCI,DRNP_2013,LCI 607,Ian Radford,2013-08-20
LCI,DRNP_2013,LCI 608 R,Ian Radford,2013-08-20
LCI,DRNP_2013,LCI 608 W,Ian Radford,2013-08-20
LCI,DRNP_2015,LCI 611,Ian Radford,2015-07-17
LCI,DRNP_2015,LCI 612,Ian Radford,2015-07-17
LCI,DRNP_2015,LCI 614,Ian Radford,2015-07-18
LCI,DRNP_2015,LCI 615,Ian Radford,2015-07-19
LCI,DRNP_2015,LCI 616,Ian Radford,2015-07-19
LCI,DRNP_2015,LCI 617,Ian Radford,2015-07-18
LCI,MP_July 2012,LCI 001,Ian Radford,2012-07-09
LCI,MP_July 2013,LCI 001,Ian Radford,2013-07-05
LCI,MP_July 2014,LCI 001,Hayley Ricardo,2014-07-10
LCI,MP_July 2012,LCI 002,Ian Radford,2012-07-11
LCI,MP_July 2013,LCI 002,Ian Radford,2013-07-07
LCI,MP_July 2014,LCI 002,Jeff Turpin,2014-07-10
LCI,MP_May 2012,LCI 003,Ian Radford,2012-05-15
LCI,MP_July 2013,LCI 003,Ian Radford,2013-07-05
LCI,MP_July 2014,LCI 003,Hayley Ricardo,2014-07-10
LCI,MP_July 2012,LCI 004,Ian Radford,2012-07-02
LCI,MP_August 2013,LCI 004,Karin Carnes,2013-08-12
LCI,MP_July 2014,LCI 004,Jeff Turpin,2014-07-10
LCI,MP_August 2013,LCI 005,Karin Carnes,2013-08-13
LCI,MP_May 2012,LCI 007,Ian Radford,2012-05-22
LCI,MP_August 2013,LCI 007,Karin Carnes,2013-08-15
LCI,MP_July 2014,LCI 007,Hayley Ricardo,2014-07-17
LCI,MP_July 2012,LCI 008 R,Karin Carnes,2012-07-05
LCI,MP_August 2013,LCI 008 R,Karin Carnes,2013-08-14
LCI,MP_July 2014,LCI 008 R,Hayley Ricardo,2014-07-16
LCI,MP_July 2012,LCI 008 W,Karin Carnes,2012-07-05
LCI,MP_August 2013,LCI 008 W,Karin Carnes,2013-08-14
LCI,MP_July 2014,LCI 008 W,Hayley Ricardo,2014-07-16
LCI,MP_May 2012,LCI 009,Ian Radford,2012-05-12
LCI,MP_August 2013,LCI 009,Karin Carnes,2013-08-14
LCI,MP_July 2014,LCI 009,Jeff Turpin,2014-07-15
LCI,MP_May 2012,LCI 010,Ian Radford,2012-05-23
LCI,MP_August 2013,LCI 010,Karin Carnes,2013-08-14
LCI,MP_July 2014,LCI 010,Hayley Ricardo,2014-07-11
LCI,MP_July 2011,LCI 011,Ian Radford,2011-08-02
LCI,MP_May 2012,LCI 011,Ian Radford,2012-05-12
LCI,MP_August 2013,LCI 011,Karin Carnes,2013-08-14
LCI,MP_July 2014,LCI 011,Jeff Turpin,2014-07-15
LCI,MP_July 2011,LCI 012,Ian Radford,2011-08-02
LCI,MP_May 2012,LCI 012,Ian Radford,2012-05-23
LCI,MP_August 2013,LCI 012,Karin Carnes,2013-08-14
LCI,MP_July 2014,LCI 012,Jeff Turpin,2014-07-15
LCI,MP_May 2012,LCI 013,Ian Radford,2012-05-22
LCI,MP_August 2013,LCI 013,Karin Carnes,2013-08-15
LCI,MP_May 2012,LCI 014,Ian Radford,2012-05-12
LCI,MP_August 2013,LCI 014,Karin Carnes,2013-08-15
LCI,MP_July 2014,LCI 014,Hayley Ricardo,2014-07-14
LCI,MP_July 2012,LCI 015 R,Karin Carnes,2012-07-06
LCI,MP_August 2013,LCI 015 R,Karin Carnes,2013-08-15
LCI,MP_July 2014,LCI 015 R,Jeff Turpin,2014-07-16
LCI,MP_July 2012,LCI 015 W,Karin Carnes,2012-07-06
LCI,MP_August 2013,LCI 015 W,Karin Carnes,2013-08-15
LCI,MP_July 2014,LCI 015 W,Jeff Turpin,2014-07-16
LCI,MP_September 2011,LCI 016,Ian Radford,2011-09-28
LCI,MP_September 2011,LCI 017,Ian Radford,2011-09-28
LCI,MP_September 2011,LCI 018,Ian Radford,2011-09-28
LCI,MP_May 2012,LCI 019,Ian Radford,2012-05-14
LCI,MP_August 2013,LCI 019,Karin Carnes,2013-08-13
LCI,MP_July 2014,LCI 019,Jeff Turpin,2014-07-11
LCI,MP_May 2012,LCI 020,Ian Radford,2012-05-14
LCI,MP_August 2013,LCI 020,Karin Carnes,2013-08-13
LCI,MP_July 2014,LCI 020,Hayley Ricardo,2014-07-11
LCI,MP_May 2012,LCI 021,Ian Radford,2012-05-15
LCI,MP_August 2013,LCI 021,Karin Carnes,2013-08-15
LCI,MP_July 2014,LCI 021,Hayley Ricardo,2014-07-14
LCI,MP_July 2012,LCI 022,Ian Radford,2012-07-09
LCI,MP_July 2013,LCI 022,Ian Radford,2013-07-07
LCI,MP_July 2014,LCI 023 R,Jeff Turpin,2014-07-14
LCI,MP_July 2013,LCI 023 W,Ian Radford,2013-07-07
LCI,MP_July 2014,LCI 023 W,Jeff Turpin,2014-07-14
LCI,MP_July 2012,LCI 024,Ian Radford,2012-07-12
LCI,MP_July 2013,LCI 024,Ian Radford,2013-07-07
LCI,MP_September 2011,LCI 025,Ian Radford,2011-09-22
LCI,MP_May 2012,LCI 025,Ian Radford,2012-05-17
LCI,MP_August 2013,LCI 025,Karin Carnes,2013-08-11
LCI,MP_August 2014,LCI 025,Hayley Ricardo,2014-07-18
LCI,MP_May 2012,LCI 026,Ian Radford,2012-05-16
LCI,MP_July 2013,LCI 026,Ian Radford,2013-07-04
LCI,MP_August 2014,LCI 026,Hayley Ricardo,2014-07-18
LCI,MP_September_2015,LCI 026,Lei Zhang,2015-09-24
LCI,MP_May 2012,LCI 027,Ian Radford,2012-05-16
LCI,MP_July 2013,LCI 027,Ian Radford,2013-07-05
LCI,MP_August 2014,LCI 027,Hayley Ricardo,2014-07-20
LCI,MP_September_2015,LCI 027,Lei Zhang,2015-09-24
LCI,MP_May 2012,LCI 028,Ian Radford,2012-05-16
LCI,MP_July 2013,LCI 028,Ian Radford,2013-07-04
LCI,MP_August 2014,LCI 028,Hayley Ricardo,2014-07-20
LCI,MP_September_2015,LCI 028,Lei Zhang,2015-09-24
LCI,MP_September 2011,LCI 029,Ian Radford,2011-09-23
LCI,MP_July 2012,LCI 029,Ian Radford,2012-07-02
LCI,MP_July 2013,LCI 029,Ian Radford,2013-07-04
LCI,MP_August 2014,LCI 029,Hayley Ricardo,2014-07-19
LCI,MP_September_2015,LCI 029,Lei Zhang,2015-09-25
LCI,MP_August 2013,LCI 031,Karin Carnes,2013-08-18
LCI,MP_July 2012,LCI 032,Ian Radford,2012-07-03
LCI,MP_July 2013,LCI 032,Ian Radford,2013-07-03
LCI,MP_August 2014,LCI 032,Hayley Ricardo,2014-07-19
LCI,MP_July 2012,LCI 033,Ian Radford,2012-07-03
LCI,MP_July 2013,LCI 033,Ian Radford,2013-07-03
LCI,MP_August 2014,LCI 033,Hayley Ricardo,2014-07-21
LCI,MP_July 2012,LCI 034,Ian Radford,2012-07-03
LCI,MP_July 2013,LCI 034,Ian Radford,2013-07-03
LCI,MP_August 2014,LCI 034,Hayley Ricardo,2014-07-21
LCI,MP_July 2012,LCI 035,Ian Radford,2012-07-03
LCI,MP_July 2013,LCI 035,Ian Radford,2013-07-05
LCI,MP_August 2014,LCI 035,Hayley Ricardo,2014-07-18
LCI,MP_August 2013,LCI 039 R,Karin Carnes,2013-08-15
LCI,MP_July 2014,LCI 039 R,Hayley Ricardo,2014-07-16
LCI,MP_August 2013,LCI 039 W,Karin Carnes,2013-08-15
LCI,MP_July 2014,LCI 039 W,Hayley Ricardo,2014-07-16
LCI,MP_August 2013,LCI 041,Karin Carnes,2013-08-16
LCI,MP_August 2013,LCI 043,Karin Carnes,2013-08-19
LCI,MP_August 2013,LCI 044,Karin Carnes,2013-08-16
LCI,MP_August 2013,LCI 046,Karin Carnes,2013-08-10
LCI,MP_July 2014,LCI 047 R,Hayley Ricardo,2014-07-12
LCI,MP_July 2014,LCI 047 W,Hayley Ricardo,2014-07-12
LCI,MP_August 2013,LCI 051,Karin Carnes,2013-08-10
LCI,MP_August 2013,LCI 052,Karin Carnes,2013-08-10
LCI,MP_August 2013,LCI 053,Karin Carnes,2013-08-10
LCI,MP_August 2013,LCI 054,Karin Carnes,2013-08-16
LCI,MP_August 2013,LCI 055,Karin Carnes,2013-08-13
LCI,MP_August 2013,LCI 056,Karin Carnes,2013-08-11
LCI,KLRCR_2012,LCI 201,Karin Carnes,2012-06-17
LCI,KLRCR_2013,LCI 201,Karin Carnes,2013-06-20
LCI,KLRCR_2014,LCI 201,Hayley Ricardo,2014-05-15
LCI,KLRCR_2015,LCI 201,Ian Radford,2015-05-11
LCI,KLRCR_2012,LCI 202,Karin Carnes,2012-06-19
LCI,KLRCR_2013,LCI 202,Karin Carnes,2013-06-19
LCI,KLRCR_2014,LCI 202,Hayley Ricardo,2014-05-14
LCI,KLRCR_2015,LCI 202,Ian Radford,2015-05-12
LCI,KLRCR_2012,LCI 203,Karin Carnes,2012-06-17
LCI,KLRCR_2013,LCI 203,Karin Carnes,2013-06-19
LCI,KLRCR_2014,LCI 203,Hayley Ricardo,2014-05-15
LCI,KLRCR_2015,LCI 203,Ian Radford,2015-05-11
LCI,KLRCR_2012,LCI 204,Karin Carnes,2012-06-18
LCI,KLRCR_2013,LCI 204,Karin Carnes,2013-06-20
LCI,KLRCR_2014,LCI 204,Ian Radford,2014-05-14
LCI,KLRCR_2015,LCI 204,Ian Radford,2015-05-10
LCI,KLRCR_2012,LCI 205,Karin Carnes,2012-06-12
LCI,KLRCR_2013,LCI 205,Karin Carnes,2013-06-17
LCI,KLRCR_2014,LCI 205,Hayley Ricardo,2014-05-16
LCI,KLRCR_2015,LCI 205,Ian Radford,2015-05-10
LCI,KLRCR_2012,LCI 206,Karin Carnes,2012-06-13
LCI,KLRCR_2013,LCI 206,Karin Carnes,2013-06-17
LCI,KLRCR_2014,LCI 206,Jeff Turpin,2014-05-16
LCI,KLRCR_2015,LCI 206,Ian Radford,2015-05-10
LCI,KLRCR_2012,LCI 207,Karin Carnes,2012-06-14
LCI,KLRCR_2013,LCI 207,Karin Carnes,2013-06-15
LCI,KLRCR_2014,LCI 207,Ian Radford,2014-05-15
LCI,KLRCR_2015,LCI 207,Karin Carnes,2015-05-18
LCI,KLRCR_2012,LCI 208,Karin Carnes,2012-06-16
LCI,KLRCR_2013,LCI 208,Karin Carnes,2013-06-16
LCI,KLRCR_2014,LCI 208,Ian Radford,2014-05-15
LCI,KLRCR_2015,LCI 208,Karin Carnes,2015-05-18
LCI,KLRCR_2012,LCI 209,Karin Carnes,2012-06-16
LCI,KLRCR_2013,LCI 209,Karin Carnes,2013-06-15
LCI,KLRCR_2014,LCI 209,Ian Radford,2014-05-16
LCI,KLRCR_2015,LCI 209,Karin Carnes,2015-05-19
LCI,KLRCR_2012,LCI 210,Karin Carnes,2012-06-16
LCI,KLRCR_2013,LCI 210,Karin Carnes,2013-06-14
LCI,KLRCR_2014,LCI 210,Ian Radford,2014-05-16
LCI,KLRCR_2015,LCI 210,Karin Carnes,2015-05-19
LCI,KLRCR_2012,LCI 211,Karin Carnes,2012-06-14
LCI,KLRCR_2013,LCI 211,Karin Carnes,2013-06-16
LCI,KLRCR_2014,LCI 211,Ian Radford,2014-05-16
LCI,KLRCR_2015,LCI 211,Karin Carnes,2015-05-20
LCI,KLRCR_2012,LCI 212,Karin Carnes,2012-06-14
LCI,KLRCR_2013,LCI 212,Karin Carnes,2013-06-16
LCI,KLRCR_2014,LCI 212,Ian Radford,2014-05-16
LCI,KLRCR_2015,LCI 212,Karin Carnes,2015-05-20
LCI,KLRCR_2013,LCI 213,Karin Carnes,2013-06-19
LCI,KLRCR_2014,LCI 213,Hayley Ricardo,2014-05-15
LCI,KLRCR_2015,LCI 213,Ian Radford,2015-05-10
LCI,KLRCR_2013,LCI 214,Karin Carnes,2013-06-21
LCI,KLRCR_2014,LCI 214,Ian Radford,2014-05-14
LCI,KLRCR_2015,LCI 214,Ian Radford,2015-05-12
LCI,PRNP_2014,LCI 301,Hayley Ricardo,2014-06-15
LCI,PRNP_2015,LCI 301,Lei Zhang,2015-08-26
LCI,PRNP_2014,LCI 302,Jeff Turpin,2014-06-16
LCI,PRNP_2015,LCI 302,Lei Zhang,2015-08-28
LCI,PRNP_2014,LCI 303,Jeff Turpin,2014-06-17
LCI,PRNP_2015,LCI 303,Lei Zhang,2015-08-27
LCI,PRNP_2014,LCI 304,Jeff Turpin,2014-06-15
LCI,PRNP_2015,LCI 304,Lei Zhang,2015-08-27
LCI,PRNP_2014,LCI 305 R,Hayley Ricardo,2014-06-15
LCI,PRNP_2014,LCI 306,Hayley Ricardo,2014-06-07
LCI,PRNP_2015,LCI 306,Lei Zhang,2015-08-27
LCI,PRNP_2014,LCI 307,Hayley Ricardo,2014-06-17
LCI,PRNP_2015,LCI 307,Lei Zhang,2015-08-28
LCI,PRNP_2014,LCI 308,Jeff Turpin,2014-06-16
LCI,PRNP_2015,LCI 308,Lei Zhang,2015-08-26
LCI,PRNP_2014,LCI 311,Jeff Turpin,2014-06-09
LCI,PRNP_2015,LCI 311,Lei Zhang,2015-08-18
LCI,PRNP_2014,LCI 313 R,Jeff Turpin,2014-06-07
LCI,PRNP_2014,LCI 313 W,Jeff Turpin,2014-06-07
LCI,PRNP_2014,LCI 314 R,Hayley Ricardo,2014-07-08
LCI,PRNP_2014,LCI 314 W,Hayley Ricardo,2014-07-08
LCI,PRNP_2014,LCI 315,Jeff Turpin,2014-06-07
LCI,PRNP_2015,LCI 315,Lei Zhang,2015-08-17
LCI,PRNP_2014,LCI 316,Hayley Ricardo,2014-06-07
LCI,PRNP_2015,LCI 316,Lei Zhang,2015-08-20
LCI,PRNP_2014,LCI 317 R,Jeff Turpin,2014-06-08
LCI,PRNP_2014,LCI 317 W,Jeff Turpin,2014-06-08
LCI,PRNP_2014,LCI 318,Jeff Turpin,2014-06-08
LCI,PRNP_2015,LCI 318,Lei Zhang,2015-08-19
LCI,PRNP_2014,LCI 319,Hayley Ricardo,2014-06-07
LCI,PRNP_2015,LCI 319,Lei Zhang,2015-08-17
LCI,Mt Elizabeth_2015,LCI 401,Lei Zhang,2015-10-08
LCI,Mt Elizabeth_2015,LCI 403,Lei Zhang,2015-10-08
LCI,Mt Elizabeth_2015,LCI 405,Lei Zhang,2015-10-08
LCI,Mt Elizabeth_2015,LCI 410,Lei Zhang,2015-10-09
LCI,Mt Elizabeth_2015,LCI 411,Lei Zhang,2015-10-11
LCI,Mt Elizabeth_2015,LCI 412,Lei Zhang,2015-10-11
LCI,Mt Elizabeth_2015,LCI 413,Lei Zhang,2015-10-10
LCI,Bachsten_2015,LCI 501,Ian Radford,2015-06-20
LCI,Bachsten_2015,LCI 502,Ian Radford,2015-06-20
LCI,Bachsten_2015,LCI 504,Ian Radford,2015-06-21
LCI,Bachsten_2015,LCI 505,Ian Radford,2015-06-21
LCI,Bachsten_2015,LCI 506,Ian Radford,2015-06-21
LCI,Bachsten_2015,LCI 507,Ian Radford,2015-06-22
LCI,Bachsten_2015,LCI 511,Ian Radford,2015-06-22
LCI,Bachsten_2015,LCI 512,Ian Radford,2015-06-20
LCI,DRNP_2015,LCI 601,Ian Radford,2015-07-25
LCI,DRNP_2015,LCI 602,Ian Radford,2015-07-25
LCI,DRNP_2015,LCI 603,Ian Radford,2015-07-24
LCI,DRNP_2015,LCI 604,Ian Radford,2015-07-24
LCI,DRNP_2015,LCI 605,Ian Radford,2015-07-24
LCI,DRNP_2015,LCI 606,Ian Radford,2015-07-23
LCI,DRNP_2015,LCI 607,Ian Radford,2015-07-23
LCI,DRNP_2015,LCI 608 R,Ian Radford,2015-07-23
LCI,DRNP_2015,LCI 608 W,Ian Radford,2015-07-23
LCI,MP_July 2013,LCI 023 R,Ian Radford,2013-07-07
LCI,MP_July 2011,LCI 031,Karin Carnes,2011-08-01
LCI,MP_July 2011,LCI 034,Karin Carnes,2011-08-01
LCI,MP_July 2011,LCI 035,Karin Carnes,2011-08-02
LCI,PRNP_2015,LCI 305 R,Lei Zhang,2015-08-29
LCI,PRNP_2014,LCI 305 W,Hayley Ricardo,2014-06-15
LCI,PRNP_2015,LCI 305 W,Lei Zhang,2015-08-29
LCI,PRNP_2015,LCI 313 R,Lei Zhang,2015-08-19
LCI,PRNP_2015,LCI 313 W,Lei Zhang,2015-08-19
LCI,PRNP_2015,LCI 314 R,Lei Zhang,2015-08-18
LCI,PRNP_2015,LCI 314 W,Lei Zhang,2015-08-18
LCI,PRNP_2015,LCI 317 R,Lei Zhang,2015-08-20
LCI,PRNP_2015,LCI 317 W,Lei Zhang,2015-08-20
LCI,Mt Elizabeth_2015,LCI 406,Lei Zhang,2015-10-09
LCI,MP_July 2012,LCI 003,Ian Radford,2012-05-15
LCI,MP_July 2012,LCI 007,Ian Radford,2012-05-22
