{
    "name": "ki",
    "resources": [
        {
            "url": "",
            "schema": {
                "fields": [
                    {
                        "description": "",
                        "format": "default",
                        "title": "",
                        "constraints": {
                            "required": true
                        },
                        "type": "string",
                        "name": "Island"
                    },
                    {
                        "description": "",
                        "format": "fmt:%d %b %Y",
                        "title": "",
                        "constraints": {
                            "required": true
                        },
                        "type": "date",
                        "name": "Date"
                    },
                    {
                        "description": "",
                        "format": "default",
                        "type": "string",
                        "name": "Genus",
                        "title": ""
                    },
                    {
                        "description": "",
                        "format": "default",
                        "type": "string",
                        "name": "Species",
                        "title": ""
                    },
                    {
                        "description": "",
                        "format": "default",
                        "title": "",
                        "constraints": {
                            "required": true
                        },
                        "type": "string",
                        "name": "Species whole"
                    },
                    {
                        "description": "",
                        "format": "default",
                        "title": "",
                        "constraints": {
                            "required": true
                        },
                        "type": "number",
                        "name": "Latitude"
                    },
                    {
                        "description": "",
                        "format": "default",
                        "title": "",
                        "constraints": {
                            "required": true
                        },
                        "type": "number",
                        "name": "Longitude"
                    },
                    {
                        "description": "",
                        "format": "default",
                        "type": "string",
                        "name": "Datum",
                        "title": ""
                    },
                    {
                        "description": "",
                        "format": "default",
                        "type": "string",
                        "name": "Record type",
                        "title": ""
                    },
                    {
                        "description": "",
                        "format": "default",
                        "type": "string",
                        "name": "Collector",
                        "title": ""
                    },
                    {
                        "description": "",
                        "format": "default",
                        "title": "",
                        "constraints": {
                            "enum": [
                                "Anabat",
                                "Anabat-LS10",
                                "Anabat-minidisc",
                                "echolocation",
                                "Mistnet",
                                "SM2mono"
                            ]
                        },
                        "type": "string",
                        "name": "Method"
                    },
                    {
                        "description": "",
                        "format": "default",
                        "type": "string",
                        "name": "Comments",
                        "title": ""
                    },
                    {
                        "description": "",
                        "format": "default",
                        "type": "string",
                        "name": "Description",
                        "title": ""
                    },
                    {
                        "description": "",
                        "format": "default",
                        "type": "string",
                        "name": "Class",
                        "title": ""
                    },
                    {
                        "description": "",
                        "format": "default",
                        "type": "string",
                        "name": "Order",
                        "title": ""
                    },
                    {
                        "description": "",
                        "format": "default",
                        "type": "string",
                        "name": "Family",
                        "title": ""
                    },
                    {
                        "description": "",
                        "format": "default",
                        "type": "string",
                        "name": "Institution",
                        "title": ""
                    },
                    {
                        "description": "",
                        "format": "default",
                        "type": "string",
                        "name": "Expedition",
                        "title": ""
                    }
                ],
                "foreignKeys": [
                    {
                        "fields": [
                            "Island"
                        ],
                        "reference": {
                            "fields": [
                                "site_code"
                            ],
                            "datapackage": "https://biosys.dpaw.wa.gov.au/api/v1/",
                            "resource": "Site"
                        }
                    }
                ]
            },
            "name": "ki-bats",
            "title": "Kimberley Islands - Bats"
        }
    ],
    "title": "Kimberley Islands"
}
