{
    "name": "berkeley",
    "resources": [
        {
            "url": "",
            "schema": {
                "fields": [
                    {
                        "description": "",
                        "format": "default",
                        "type": "string",
                        "name": "Location code",
                        "title": ""
                    },
                    {
                        "description": "",
                        "format": "default",
                        "type": "string",
                        "name": "Locality",
                        "title": ""
                    },
                    {
                        "description": "",
                        "format": "default",
                        "type": "string",
                        "name": "Site",
                        "title": ""
                    },
                    {
                        "description": "",
                        "format": "default",
                        "type": "string",
                        "name": "Species",
                        "title": ""
                    },
                    {
                        "description": "",
                        "format": "default",
                        "type": "string",
                        "name": "Date",
                        "title": ""
                    },
                    {
                        "description": "",
                        "format": "default",
                        "type": "number",
                        "name": "Latitude",
                        "title": ""
                    },
                    {
                        "description": "",
                        "format": "default",
                        "type": "number",
                        "name": "Longitude",
                        "title": ""
                    },
                    {
                        "description": "",
                        "format": "default",
                        "type": "string",
                        "name": "Datum",
                        "title": ""
                    },
                    {
                        "description": "",
                        "format": "default",
                        "type": "string",
                        "name": "Comments",
                        "title": ""
                    },
                    {
                        "description": "",
                        "format": "default",
                        "type": "string",
                        "name": "Method",
                        "title": ""
                    },
                    {
                        "description": "",
                        "format": "default",
                        "type": "string",
                        "name": "Collector",
                        "title": ""
                    }
                ],
                "foreignKeys": [
                    {
                        "fields": [
                            "Site"
                        ],
                        "reference": {
                            "fields": [
                                "site_code"
                            ],
                            "datapackage": "https://biosys.dpaw.wa.gov.au/api/v1/",
                            "resource": "Site"
                        }
                    }
                ]
            },
            "name": "berkeley-bats",
            "title": "Berkeley - Bats"
        }
    ],
    "title": "Berkeley"
}
