{
    "name": "berkeley",
    "resources": [
        {
            "url": "",
            "schema": {
                "fields": [
                    {
                        "description": "",
                        "format": "default",
                        "type": "string",
                        "name": "Location code",
                        "title": ""
                    },
                    {
                        "description": "",
                        "format": "default",
                        "type": "string",
                        "name": "Location",
                        "title": ""
                    },
                    {
                        "description": "",
                        "format": "default",
                        "type": "string",
                        "name": "Date",
                        "title": ""
                    },
                    {
                        "description": "",
                        "format": "default",
                        "type": "string",
                        "name": "Species code",
                        "title": ""
                    },
                    {
                        "description": "",
                        "format": "default",
                        "type": "string",
                        "name": "Genus",
                        "title": ""
                    },
                    {
                        "description": "",
                        "format": "default",
                        "type": "string",
                        "name": "Species",
                        "title": ""
                    },
                    {
                        "description": "",
                        "format": "default",
                        "type": "string",
                        "name": "Species whole",
                        "title": ""
                    },
                    {
                        "description": "",
                        "format": "default",
                        "type": "string",
                        "name": "Record Type",
                        "title": ""
                    },
                    {
                        "description": "",
                        "format": "default",
                        "type": "string",
                        "name": "Age",
                        "title": ""
                    },
                    {
                        "description": "",
                        "format": "default",
                        "type": "integer",
                        "name": "Number",
                        "title": ""
                    },
                    {
                        "description": "",
                        "format": "default",
                        "type": "string",
                        "name": "Site code",
                        "title": ""
                    },
                    {
                        "description": "",
                        "format": "default",
                        "type": "string",
                        "name": "Site",
                        "title": ""
                    },
                    {
                        "description": "",
                        "format": "default",
                        "type": "number",
                        "name": "Latitude",
                        "title": ""
                    },
                    {
                        "description": "",
                        "format": "default",
                        "type": "number",
                        "name": "Longitude",
                        "title": ""
                    },
                    {
                        "description": "",
                        "format": "default",
                        "type": "string",
                        "name": "Datum",
                        "title": ""
                    },
                    {
                        "description": "",
                        "format": "default",
                        "type": "string",
                        "name": "Method code",
                        "title": ""
                    },
                    {
                        "description": "",
                        "format": "default",
                        "type": "string",
                        "name": "Method",
                        "title": ""
                    },
                    {
                        "description": "",
                        "format": "default",
                        "type": "integer",
                        "name": "Team",
                        "title": ""
                    },
                    {
                        "description": "",
                        "format": "default",
                        "type": "geojson",
                        "name": "Snout/Vent",
                        "title": ""
                    },
                    {
                        "description": "",
                        "format": "default",
                        "type": "geojson",
                        "name": "Head length",
                        "title": ""
                    },
                    {
                        "description": "",
                        "format": "default",
                        "type": "geojson",
                        "name": "Tail",
                        "title": ""
                    },
                    {
                        "description": "",
                        "format": "default",
                        "type": "number",
                        "name": "Weight",
                        "title": ""
                    },
                    {
                        "description": "",
                        "format": "default",
                        "type": "string",
                        "name": "Sex",
                        "title": ""
                    },
                    {
                        "description": "",
                        "format": "default",
                        "type": "geojson",
                        "name": "Reproductive Status",
                        "title": ""
                    },
                    {
                        "description": "",
                        "format": "default",
                        "type": "geojson",
                        "name": "Tissue",
                        "title": ""
                    },
                    {
                        "description": "",
                        "format": "default",
                        "type": "geojson",
                        "name": "Tissue Code",
                        "title": ""
                    },
                    {
                        "description": "",
                        "format": "default",
                        "type": "string",
                        "name": "Comments",
                        "title": ""
                    },
                    {
                        "description": "",
                        "format": "default",
                        "type": "string",
                        "name": "Class",
                        "title": ""
                    },
                    {
                        "description": "",
                        "format": "default",
                        "type": "string",
                        "name": "Order",
                        "title": ""
                    },
                    {
                        "description": "",
                        "format": "default",
                        "type": "string",
                        "name": "Family",
                        "title": ""
                    },
                    {
                        "description": "",
                        "format": "default",
                        "type": "string",
                        "name": "Country",
                        "title": ""
                    },
                    {
                        "description": "",
                        "format": "default",
                        "type": "string",
                        "name": "Region",
                        "title": ""
                    },
                    {
                        "description": "",
                        "format": "default",
                        "type": "string",
                        "name": "State",
                        "title": ""
                    },
                    {
                        "description": "",
                        "format": "default",
                        "type": "string",
                        "name": "Institute",
                        "title": ""
                    },
                    {
                        "description": "",
                        "format": "default",
                        "type": "string",
                        "name": "Expedition",
                        "title": ""
                    }
                ],
                "foreignKeys": [
                    {
                        "fields": [
                            "Site code"
                        ],
                        "reference": {
                            "fields": [
                                "site_code"
                            ],
                            "datapackage": "https://biosys.dpaw.wa.gov.au/api/v1/",
                            "resource": "Site"
                        }
                    }
                ]
            },
            "name": "berkeley-mammals",
            "title": "Berkeley - Mammals"
        }
    ],
    "title": "Berkeley"
}
