Location code,Locality,Site,Species,Date,Latitude,Longitude,Datum,Comments,Method,Collector
BERK1,IBRA Berkeley Subregion,Bat Detector site 1,Chaerephon jobensis,20/05/2014,-14.4855,127.8194,WGS84,On large freshwater pool in watercourse surrounded by sandstone,SM2mono,MC&LG
BERK1,IBRA Berkeley Subregion,Bat Detector site 1,Saccolaimus flaviventris,20/05/2014,-14.4855,127.8194,WGS84,On large freshwater pool in watercourse surrounded by sandstone,SM2mono,MC&LG
BERK1,IBRA Berkeley Subregion,Bat Detector site 1,Saccolaimus saccolaimus,20/05/2014,-14.4855,127.8194,WGS84,On large freshwater pool in watercourse surrounded by sandstone,SM2mono,MC&LG
BERK1,IBRA Berkeley Subregion,Bat Detector site 1,Taphozous georgianus,20/05/2014,-14.4855,127.8194,WGS84,On large freshwater pool in watercourse surrounded by sandstone,SM2mono,MC&LG
BERK1,IBRA Berkeley Subregion,Bat Detector site 1,Mormopterus cobourgiana,20/05/2014,-14.4855,127.8194,WGS84,On large freshwater pool in watercourse surrounded by sandstone,SM2mono,MC&LG
BERK1,IBRA Berkeley Subregion,Bat Detector site 1,Chalinolobus nigrogriseus,20/05/2014,-14.4855,127.8194,WGS84,On large freshwater pool in watercourse surrounded by sandstone,SM2mono,MC&LG
BERK1,IBRA Berkeley Subregion,Bat Detector site 1,Macroderma gigas,20/05/2014,-14.4855,127.8194,WGS84,On large freshwater pool in watercourse surrounded by sandstone,SM2mono,MC&LG
BERK1,IBRA Berkeley Subregion,Bat Detector site 1,Scotorepens greyi,20/05/2014,-14.4855,127.8194,WGS84,On large freshwater pool in watercourse surrounded by sandstone,SM2mono,MC&LG
BERK1,IBRA Berkeley Subregion,Bat Detector site 1,Nyctophilus daedalus,20/05/2014,-14.4855,127.8194,WGS84,On large freshwater pool in watercourse surrounded by sandstone,SM2mono,MC&LG
BERK1,IBRA Berkeley Subregion,Bat Detector site 1,Nyctophilus walkeri,20/05/2014,-14.4855,127.8194,WGS84,On large freshwater pool in watercourse surrounded by sandstone,SM2mono,MC&LG
BERK1,IBRA Berkeley Subregion,Bat Detector site 1,Miniopterus schreibersii,20/05/2014,-14.4855,127.8194,WGS84,On large freshwater pool in watercourse surrounded by sandstone,SM2mono,MC&LG
BERK1,IBRA Berkeley Subregion,Bat Detector site 1,Vespadelus caurinus,20/05/2014,-14.4855,127.8194,WGS84,On large freshwater pool in watercourse surrounded by sandstone,SM2mono,MC&LG
BERK1,IBRA Berkeley Subregion,Bat Detector site 1,Rhinonicteris aurantius,20/05/2014,-14.4855,127.8194,WGS84,On large freshwater pool in watercourse surrounded by sandstone,SM2mono,MC&LG
BERK1,IBRA Berkeley Subregion,Bat Detector site 2,Saccolaimus flaviventris,21/05/2014,-14.4862,127.8202,WGS84,Sandstone plateau,SM2mono,MC&LG
BERK1,IBRA Berkeley Subregion,Bat Detector site 2,Saccolaimus saccolaimus,21/05/2014,-14.4862,127.8202,WGS84,Sandstone plateau,SM2mono,MC&LG
BERK1,IBRA Berkeley Subregion,Bat Detector site 2,Taphozous georgianus,21/05/2014,-14.4862,127.8202,WGS84,Sandstone plateau,SM2mono,MC&LG
BERK1,IBRA Berkeley Subregion,Bat Detector site 2,Mormopterus lumsdeni,21/05/2014,-14.4862,127.8202,WGS84,Sandstone plateau,SM2mono,MC&LG
BERK1,IBRA Berkeley Subregion,Bat Detector site 2,Mormopterus cobourgiana,21/05/2014,-14.4862,127.8202,WGS84,Sandstone plateau,SM2mono,MC&LG
BERK1,IBRA Berkeley Subregion,Bat Detector site 2,Chalinolobus nigrogriseus,21/05/2014,-14.4862,127.8202,WGS84,Sandstone plateau,SM2mono,MC&LG
BERK1,IBRA Berkeley Subregion,Bat Detector site 2,Myotis macropus,21/05/2014,-14.4862,127.8202,WGS84,Sandstone plateau,SM2mono,MC&LG
BERK1,IBRA Berkeley Subregion,Bat Detector site 2,Scotorepens greyi,21/05/2014,-14.4862,127.8202,WGS84,Sandstone plateau,SM2mono,MC&LG
BERK1,IBRA Berkeley Subregion,Bat Detector site 2,Nyctophilus walkeri,21/05/2014,-14.4862,127.8202,WGS84,Sandstone plateau,SM2mono,MC&LG
BERK1,IBRA Berkeley Subregion,Bat Detector site 2,Miniopterus schreibersii,21/05/2014,-14.4862,127.8202,WGS84,Sandstone plateau,SM2mono,MC&LG
BERK1,IBRA Berkeley Subregion,Bat Detector site 2,Pipistrellus westralis,21/05/2014,-14.4862,127.8202,WGS84,Sandstone plateau,SM2mono,MC&LG
BERK1,IBRA Berkeley Subregion,Bat Detector site 2,Vespadelus caurinus,21/05/2014,-14.4862,127.8202,WGS84,Sandstone plateau,SM2mono,MC&LG
BERK1,IBRA Berkeley Subregion,Bat Detector site 3,Saccolaimus flaviventris,22/05/2014,-14.4921,127.8221,WGS84,On pool at upper reaches of watercourse with open woodland in close proximity,SM2mono,MC&LG
BERK1,IBRA Berkeley Subregion,Bat Detector site 3,Saccolaimus saccolaimus,22/05/2014,-14.4921,127.8221,WGS84,On pool at upper reaches of watercourse with open woodland in close proximity,SM2mono,MC&LG
BERK1,IBRA Berkeley Subregion,Bat Detector site 3,Chalinolobus nigrogriseus,22/05/2014,-14.4921,127.8221,WGS84,On pool at upper reaches of watercourse with open woodland in close proximity,SM2mono,MC&LG
BERK1,IBRA Berkeley Subregion,Bat Detector site 3,Scotorepens greyi,22/05/2014,-14.4921,127.8221,WGS84,On pool at upper reaches of watercourse with open woodland in close proximity,SM2mono,MC&LG
BERK1,IBRA Berkeley Subregion,Bat Detector site 3,Miniopterus schreibersii,22/05/2014,-14.4921,127.8221,WGS84,On pool at upper reaches of watercourse with open woodland in close proximity,SM2mono,MC&LG
BERK1,IBRA Berkeley Subregion,Bat Detector site 3,Vespadelus caurinus,22/05/2014,-14.4921,127.8221,WGS84,On pool at upper reaches of watercourse with open woodland in close proximity,SM2mono,MC&LG
BERK1,IBRA Berkeley Subregion,Bat Detector site 3,Vespadelus douglasorum,22/05/2014,-14.4921,127.8221,WGS84,On pool at upper reaches of watercourse with open woodland in close proximity,SM2mono,MC&LG
BERK1,IBRA Berkeley Subregion,Bat Detector site 3,Rhinonicteris aurantius,22/05/2014,-14.4921,127.8221,WGS84,On pool at upper reaches of watercourse with open woodland in close proximity,SM2mono,MC&LG
