Location code,Site code,Location,Site,Lines,Latitude,Longitude,Latitude end,Longitude end,Datum,Comments,Notes
BERK1,BERK1-C,IBRA Berkeley Subregion,Camp,camp,-14.4862,127.8196,,,WGS84,Berkeley SR Camp,
BERK1,Funnel 1 F1,IBRA Berkeley Subregion,Funnel 1 F1,1,-14.4858,127.8211,,,WGS84,Rocky Gully F1, 4 funnels  in 2 pairs on 15m fence
BERK1,Funnel 1 F2,IBRA Berkeley Subregion,Funnel 1 F2,2,-14.4855,127.8225,,,WGS84,Rocky Gully F2, 4 funnels in 2 pairs on 15m fence
BERK1,Funnel 2 F1,IBRA Berkeley Subregion,Funnel 2 F1,1,-14.4852,127.8194,,,WGS84,Line 2  F1, 4 funnels  in 2 pairs on 15m fence
BERK1,Funnel 2 F2,IBRA Berkeley Subregion,Funnel 2 F2,2,-14.4852,127.8191,,,WGS84,Line 2 F2, 4 funnels in 2 pairs on 15m fence
BERK1,Funnel 3 F1,IBRA Berkeley Subregion,Funnel 3 F1,1,-14.4842,127.8196,,,WGS84,Line 3 F1, 4 funnels  in 2 pairs on 15m fence
BERK1,Funnel Fig F1,IBRA Berkeley Subregion,Funnel Fig F1,1,-14.4858,127.8191,,,WGS84,Under Fig on slope adjacent to camp F1, 4 funnels  in 2 pairs on 15m fence
BERK1,Funnel Grevillea F1,IBRA Berkeley Subregion,Funnel Grevillea F1,2,-14.4854,127.8202,,,WGS84,Grevillea thicket down hill from camp F1, 4 funnels in 2 pairs on 15m fence
BERK1,Funnel Spinifex on Sandstone F1,IBRA Berkeley Subregion,Funnel Spinifex on Sandstone F1,3,-14.4854,127.8209,,,WGS84,Spinifex on sandstone paltform north east of camp F1, 4 funnels  in 2 pairs on 15m fence
BERK1,BERK1-01,IBRA Berkeley Subregion,Trap Line 1,start,-14.4862,127.8204,-14.4853,127.8222,WGS84,"only 20 traps established on 18/5/14, other 20 on following day; 20 medium sized and 20 large elliots alternate at 10-15m spacing",
BERK1,BERK1-02,IBRA Berkeley Subregion,Trap Line 2,start,-14.4852,127.8194,-14.4847,127.8178,WGS84,"only 20 traps established on 18/5/14, other 20 on following day; 20 medium sized and 20 large elliots alternate at 10-15m spacing",
BERK1,BERK1-03,IBRA Berkeley Subregion,Trap Line 3,start,-14.4842,127.82,-14.4831,127.8226,WGS84,20 medium sized and 20 large elliots alternate at 10-15m spacing,
BERK1,BERK1-04,IBRA Berkeley Subregion,Trap Line 4,start,-14.4843,127.8198,-14.4826,127.8201,WGS84,20 medium sized and 20 large elliots alternate at 10-15m spacing,
BERK1,Bat Detector site 1,IBRA Berkeley Subregion,Bat Detector site 1,1,-14.4855,127.8194,,,WGS84,On large freshwater pool in watercourse surrounded by sandstone,
BERK1,Bat Detector site 2,IBRA Berkeley Subregion,Bat Detector site 2,2,-14.4862,127.8202,,,WGS84,Sandstone plateau,
BERK1,Bat Detector site 3,IBRA Berkeley Subregion,Bat Detector site 3,3,-14.4921,127.8221,,,WGS84,On pool at upper reaches of watercourse with open woodland in close proximity,
BERK1,Veg Quadrat 1,IBRA Berkeley Subregion,Veg Quadrat 1,1,-14.4859,127.8208,,,WGS84,Drainage line - King Leopold Sandstone.,
BERK1,Veg Quadrat 2,IBRA Berkeley Subregion,Veg Quadrat 2,2,-14.484,127.8203,,,WGS84,Rocky  King Leopold Sandstone slope above gorge,
BERK1,Veg Quadrat 3,IBRA Berkeley Subregion,Veg Quadrat 3,3,-14.4899,127.8201,,,WGS84,Sandstone gorge,
BERK1,Veg Quadrat 4,IBRA Berkeley Subregion,Veg Quadrat 4,4,-14.4818,127.82,,,WGS84,King Leopold Sandstone ridge,
BERK1,BERK1-R1,IBRA Berkeley Subregion,Camera R1,1,-14.4856,127.8223,,,WGS84,,
BERK1,BERK1-R2,IBRA Berkeley Subregion,Camera R2,2,-14.4854,127.8194,,,WGS84,,
BERK1,BERK1-R3,IBRA Berkeley Subregion,Camera R3,3,-14.4853,127.8192,,,WGS84,,
BERK1,BERK1-R4,IBRA Berkeley Subregion,Camera R4,4,-14.4859,127.8211,,,WGS84,,
BERK1,BERK1-R5,IBRA Berkeley Subregion,Camera R5,5,-14.4839,127.8203,,,WGS84,,
BERK1,BERK1-R6,IBRA Berkeley Subregion,Camera R6,6,-14.4844,127.8219,,,WGS84,,
BERK1,BERK1-R7,IBRA Berkeley Subregion,Camera R7,7,-14.4842,127.8206,,,WGS84,,
BERK1,BERK1-R8,IBRA Berkeley Subregion,Camera R8,8,-14.4831,127.8228,,,WGS84,,
BERK1,BERK1-R9,IBRA Berkeley Subregion,Camera R9,9,-14.4859,127.8221,,,WGS84,,
BERK1,BERK1-R10,IBRA Berkeley Subregion,Camera R10,10,-14.4844,127.8172,,,WGS84,,
BERK1,BERK1-R11,IBRA Berkeley Subregion,Camera R11,11,-14.4864,127.8194,,,WGS84,,
BERK1,BERK1-R12,IBRA Berkeley Subregion,Camera R12,12,-14.4831,127.82,,,WGS84,,
BERK1,BERK1-R13,IBRA Berkeley Subregion,Camera R13,13,-14.485,127.8192,,,WGS84,,
BERK1,BERK1-R14,IBRA Berkeley Subregion,Camera R14,14,-14.4847,127.8186,,,WGS84,,
BERK1,BERK1-R15,IBRA Berkeley Subregion,Camera R15,15,-14.4842,127.8186,,,WGS84,,
BERK1,BERK1-R16,IBRA Berkeley Subregion,Camera R16,16,-14.483,127.8201,,,WGS84,,
BERK1,BERK1-R17,IBRA Berkeley Subregion,Camera R17,17,-14.4862,127.8219,,,WGS84,,
BERK1,BERK1-R18,IBRA Berkeley Subregion,Camera R18,18,-14.4858,127.8192,,,WGS84,,
BERK1,BERK1-R19,IBRA Berkeley Subregion,Camera R19,19,-14.483,127.8203,,,WGS84,,
BERK1,BERK1-R20,IBRA Berkeley Subregion,Camera R20,20,-14.4839,127.8222,,,WGS84,,
BERK1,BERK1-R8/2,IBRA Berkeley Subregion,Camera R8/2,8(2),-14.4839,127.8214,,,WGS84,,
