Location code,Site,Location,Date,Class,Genus,Species,Subspecies,Species whole,Vernacular,Latitude,Longitude,Datum,Accuracy,Institution,Expedition
BERK1,BERK1-C,IBRA Berkeley Subregion,20/05/2014,Aves,Falco,cenchroides,,Falco cenchroides ,Australian Kestrel,-14.4862,127.8196,WGS84,1000 m,Department of Parks and Wildlife,KSCS
BERK1,BERK1-C,IBRA Berkeley Subregion,20/05/2014,Aves,Coracina,novaehollandiae,,Coracina novaehollandiae ,Black-faced Cuckoo-shrike,-14.4862,127.8196,WGS84,1000 m,Department of Parks and Wildlife,KSCS
BERK1,BERK1-C,IBRA Berkeley Subregion,20/05/2014,Aves,Melithreptus,cyanotis,,Melithreptus cyanotis,Blue-faced Honeyeater,-14.4862,127.8196,WGS84,1000 m,Department of Parks and Wildlife,KSCS
BERK1,BERK1-C,IBRA Berkeley Subregion,20/05/2014,Aves,Ninox,novaeseelandiae,,Ninox novaeseelandiae ,Boobook Owl,-14.4862,127.8196,WGS84,1000 m,Department of Parks and Wildlife,KSCS
BERK1,BERK1-C,IBRA Berkeley Subregion,20/05/2014,Aves,Accipiter,fasciatus,didimus,Accipiter fasciatus didimus ,Brown Goshawk,-14.4862,127.8196,WGS84,1000 m,Department of Parks and Wildlife,KSCS
BERK1,BERK1-C,IBRA Berkeley Subregion,20/05/2014,Aves,Lichmera,indistincta,,Lichmera indistincta ,Brown Honeyeater,-14.4862,127.8196,WGS84,1000 m,Department of Parks and Wildlife,KSCS
BERK1,BERK1-C,IBRA Berkeley Subregion,20/05/2014,Aves,Ptilonorhynchus,nuchalis,,Ptilonorhynchus nuchalis ,Great Bowerbird,-14.4862,127.8196,WGS84,1000 m,Department of Parks and Wildlife,KSCS
BERK1,BERK1-C,IBRA Berkeley Subregion,20/05/2014,Aves,Cracticus,torquatus,,Cracticus torquatus ,Grey Butcherbird,-14.4862,127.8196,WGS84,1000 m,Department of Parks and Wildlife,KSCS
BERK1,BERK1-C,IBRA Berkeley Subregion,20/05/2014,Aves,Artamus,minor,,Artamus minor ,Little Woodswallow,-14.4862,127.8196,WGS84,1000 m,Department of Parks and Wildlife,KSCS
BERK1,BERK1-C,IBRA Berkeley Subregion,20/05/2014,Aves,Cracticus,tibicen,,Cracticus tibicen ,Magpie,-14.4862,127.8196,WGS84,1000 m,Department of Parks and Wildlife,KSCS
BERK1,BERK1-C,IBRA Berkeley Subregion,20/05/2014,Aves,Cracticus,nigrogularis,,Cracticus nigrogularis ,Pied Butcherbird,-14.4862,127.8196,WGS84,1000 m,Department of Parks and Wildlife,KSCS
BERK1,BERK1-C,IBRA Berkeley Subregion,20/05/2014,Aves,Merops,ornatus,,Merops ornatus ,Rainbow Bee-eater,-14.4862,127.8196,WGS84,1000 m,Department of Parks and Wildlife,KSCS
BERK1,BERK1-C,IBRA Berkeley Subregion,20/05/2014,Aves,Calyptorhynchus,macrorhychus,,Calyptorhynchus macrorhychus,Red-tailed Black Cockatoo,-14.4862,127.8196,WGS84,1000 m,Department of Parks and Wildlife,KSCS
BERK1,BERK1-C,IBRA Berkeley Subregion,20/05/2014,Aves,Aprosmictus,erythropterus,,Aprosmictus erythropterus ,Red-winged Parrot,-14.4862,127.8196,WGS84,1000 m,Department of Parks and Wildlife,KSCS
BERK1,BERK1-C,IBRA Berkeley Subregion,20/05/2014,Aves,Colluricincla,woodwardi,,Colluricincla woodwardi ,Sandstone Shrike-thrush,-14.4862,127.8196,WGS84,1000 m,Department of Parks and Wildlife,KSCS
BERK1,BERK1-C,IBRA Berkeley Subregion,20/05/2014,Aves,Pardalotus,striatus,uropygialis,Pardalotus striatus uropygialis,Striated Pardalote,-14.4862,127.8196,WGS84,1000 m,Department of Parks and Wildlife,KSCS
BERK1,BERK1-C,IBRA Berkeley Subregion,20/05/2014,Aves,Cacatua,galerita,,Cacatua galerita ,Sulphur-crested Cockatoo,-14.4862,127.8196,WGS84,1000 m,Department of Parks and Wildlife,KSCS
BERK1,BERK1-C,IBRA Berkeley Subregion,20/05/2014,Aves,Corvus,orru,,Corvus orru ,Torresian Crow,-14.4862,127.8196,WGS84,1000 m,Department of Parks and Wildlife,KSCS
BERK1,BERK1-C,IBRA Berkeley Subregion,20/05/2014,Aves,Malurus,lamberti,,Malurus lamberti ,Variegated Fairy-wren,-14.4862,127.8196,WGS84,1000 m,Department of Parks and Wildlife,KSCS
BERK1,BERK1-C,IBRA Berkeley Subregion,20/05/2014,Aves,Haliaeetus,leucogaster,,Haliaeetus leucogaster ,White-bellied Sea-Eagle,-14.4862,127.8196,WGS84,1000 m,Department of Parks and Wildlife,KSCS
BERK1,BERK1-C,IBRA Berkeley Subregion,20/05/2014,Aves,Artamus,leucorynchus,,Artamus leucorynchus ,White-breasted Woodswallow,-14.4862,127.8196,WGS84,1000 m,Department of Parks and Wildlife,KSCS
BERK1,BERK1-C,IBRA Berkeley Subregion,20/05/2014,Aves,Petrophassa,albipennis,,Petrophassa albipennis ,White-quilled Rock Pigeon,-14.4862,127.8196,WGS84,1000 m,Department of Parks and Wildlife,KSCS
BERK1,BERK1-C,IBRA Berkeley Subregion,20/05/2014,Aves,Rhipidura,leucophrys,,Rhipidura leucophrys ,Willie Wagtail,-14.4862,127.8196,WGS84,1000 m,Department of Parks and Wildlife,KSCS
