Location code,Location,Date,Species code,Genus,Species,Species whole,Record Type,Age,Number,Site code,Site,Latitude,Longitude,Datum,Method code,Method,Team,Snout/Vent,Head length,Tail,Weight,Sex,Reproductive Status,Tissue,Tissue Code,Comments,Class,Order,Family,Country,Region,State,Institute,Expedition
BERK1,IBRA Berkeley Subregion,20/05/2014,Zyzargur,Zyzomys,argurus,Zyzomys argurus,Released,Adult,1,BERK1-02,Trap Line 2,-14.4852,127.8194,WGS84,ME,Trap - Medium Elliott,1,,,107,32,Male,,Tail,BP02379,pes 20,MAMMALIA,RODENTIA,MURIDAE,Australia,Kimberley,Western Australia,Department of Parks and Wildlife,KSCS
BERK1,IBRA Berkeley Subregion,20/05/2014,Zyzargur,Zyzomys,argurus,Zyzomys argurus,Released,Adult,1,BERK1-02,Trap Line 2,-14.4852,127.8194,WGS84,LE,Trap - Large Elliott,1,,31.4,113,36,Female,,Tail,BP02380,pes 21,MAMMALIA,RODENTIA,MURIDAE,Australia,Kimberley,Western Australia,Department of Parks and Wildlife,KSCS
BERK1,IBRA Berkeley Subregion,20/05/2014,Zyzargur,Zyzomys,argurus,Zyzomys argurus,Released,Sub-adult,1,BERK1-02,Trap Line 2,-14.4852,127.8194,WGS84,ME,Trap - Medium Elliott,1,,25.3,74,12.5,Male,Juvenile,Tail,BP02381,pes 18.4,MAMMALIA,RODENTIA,MURIDAE,Australia,Kimberley,Western Australia,Department of Parks and Wildlife,KSCS
BERK1,IBRA Berkeley Subregion,20/05/2014,Zyzargur,Zyzomys,argurus,Zyzomys argurus,Released,Adult,1,BERK1-03,Trap Line 3,-14.4842,127.82,WGS84,ME,Trap - Medium Elliott,1,,34,107,38,Male,,Tail,BP02382,pes 18.7,MAMMALIA,RODENTIA,MURIDAE,Australia,Kimberley,Western Australia,Department of Parks and Wildlife,KSCS
BERK1,IBRA Berkeley Subregion,20/05/2014,Dashallu,Dasyurus,hallucatus,Dasyurus hallucatus,Released,Adult,1,BERK1-03,Trap Line 3,-14.4842,127.82,WGS84,ME,Trap - Medium Elliott,1,195,53.3,212,210,Female,,Ear,BP02383,pes 33.7,MAMMALIA,DASYUROMORPHIA,DASYURIDAE,Australia,Kimberley,Western Australia,Department of Parks and Wildlife,KSCS
BERK1,IBRA Berkeley Subregion,20/05/2014,Dashallu,Dasyurus,hallucatus,Dasyurus hallucatus,Released,Adult,1,BERK1-03,Trap Line 3,-14.4842,127.82,WGS84,ME,Trap - Medium Elliott,1,197,61.1,229,235,Female,,Ear,BP02421,pes 37.1,MAMMALIA,DASYUROMORPHIA,DASYURIDAE,Australia,Kimberley,Western Australia,Department of Parks and Wildlife,KSCS
BERK1,IBRA Berkeley Subregion,20/05/2014,Dashallu,Dasyurus,hallucatus,Dasyurus hallucatus,Released,Adult,1,BERK1-03,Trap Line 3,-14.4842,127.82,WGS84,LE,Trap - Large Elliott,1,,,216,290,Male,,,,"pes 37, escaped",MAMMALIA,DASYUROMORPHIA,DASYURIDAE,Australia,Kimberley,Western Australia,Department of Parks and Wildlife,KSCS
BERK1,IBRA Berkeley Subregion,20/05/2014,Dashallu,Dasyurus,hallucatus,Dasyurus hallucatus,Released,Adult,1,BERK1-03,Trap Line 3,-14.4842,127.82,WGS84,LE,Trap - Large Elliott,1,185,58.2,153,200,Female,,Ear,BP02422,pes 33,MAMMALIA,DASYUROMORPHIA,DASYURIDAE,Australia,Kimberley,Western Australia,Department of Parks and Wildlife,KSCS
BERK1,IBRA Berkeley Subregion,21/05/2014,Zyzargur,Zyzomys,argurus,Zyzomys argurus,Released,Sub-adult,1,BERK1-01,Trap Line 1,-14.4862,127.8204,WGS84,ME,Trap - Medium Elliott,1,,29.8,105,21,,Juvenile,Tail,BP02423,pes 19.4,MAMMALIA,RODENTIA,MURIDAE,Australia,Kimberley,Western Australia,Department of Parks and Wildlife,KSCS
BERK1,IBRA Berkeley Subregion,21/05/2014,Zyzargur,Zyzomys,argurus,Zyzomys argurus,Released,Adult,1,BERK1-01,Trap Line 1,-14.4862,127.8204,WGS84,LE,Trap - Large Elliott,1,,31.4,100,28,Male,,Tail,BP02424,pes 19.3,MAMMALIA,RODENTIA,MURIDAE,Australia,Kimberley,Western Australia,Department of Parks and Wildlife,KSCS
BERK1,IBRA Berkeley Subregion,21/05/2014,Zyzargur,Zyzomys,argurus,Zyzomys argurus,Released,Adult,1,BERK1-04,Trap Line 4,-14.4843,127.8198,WGS84,LE,Trap - Large Elliott,1,,33.6,113,30,Female,pregnant,Tail,BP02425,pes 20.7,MAMMALIA,RODENTIA,MURIDAE,Australia,Kimberley,Western Australia,Department of Parks and Wildlife,KSCS
BERK1,IBRA Berkeley Subregion,21/05/2014,Dashallu,Dasyurus,hallucatus,Dasyurus hallucatus,Released,Adult,1,BERK1-04,Trap Line 4,-14.4843,127.8198,WGS84,ME,Trap - Medium Elliott,1,,,,210,Female,,,,"Recapture, pes 36.7",MAMMALIA,DASYUROMORPHIA,DASYURIDAE,Australia,Kimberley,Western Australia,Department of Parks and Wildlife,KSCS
BERK1,IBRA Berkeley Subregion,21/05/2014,Zyzargur,Zyzomys,argurus,Zyzomys argurus,Released,Adult,1,BERK1-04,Trap Line 4,-14.4843,127.8198,WGS84,LE,Trap - Large Elliott,1,,,105,33,Female,,Tail,BP02426,pes 19.1,MAMMALIA,RODENTIA,MURIDAE,Australia,Kimberley,Western Australia,Department of Parks and Wildlife,KSCS
BERK1,IBRA Berkeley Subregion,21/05/2014,Zyzargur,Zyzomys,argurus,Zyzomys argurus,Released,Adult,1,BERK1-04,Trap Line 4,-14.4843,127.8198,WGS84,LE,Trap - Large Elliott,1,,33.5,73,50,Female,pregnant,Tail,BP02427,pes 19.4,MAMMALIA,RODENTIA,MURIDAE,Australia,Kimberley,Western Australia,Department of Parks and Wildlife,KSCS
BERK1,IBRA Berkeley Subregion,22/05/2014,Zyzargur,Zyzomys,argurus,Zyzomys argurus,Released,Adult,1,BERK1-01,Trap Line 1,-14.4862,127.8204,WGS84,ME,Trap - Medium Elliott,1,,,113,48,Female,pregnant,Tail,BP02428,pes 20.1,MAMMALIA,RODENTIA,MURIDAE,Australia,Kimberley,Western Australia,Department of Parks and Wildlife,KSCS
BERK1,IBRA Berkeley Subregion,22/05/2014,Zyzargur,Zyzomys,argurus,Zyzomys argurus,Released,Adult,1,BERK1-01,Trap Line 1,-14.4862,127.8204,WGS84,ME,Trap - Medium Elliott,1,,31.3,107,38,Male,,Tail,BP02429,pes 19,MAMMALIA,RODENTIA,MURIDAE,Australia,Kimberley,Western Australia,Department of Parks and Wildlife,KSCS
BERK1,IBRA Berkeley Subregion,22/05/2014,Zyzargur,Zyzomys,argurus,Zyzomys argurus,Released,Adult,1,BERK1-01,Trap Line 1,-14.4862,127.8204,WGS84,ME,Trap - Medium Elliott,1,,34.4,,41,Female,pregnant,Ear,BP02430,pes 19.3,MAMMALIA,RODENTIA,MURIDAE,Australia,Kimberley,Western Australia,Department of Parks and Wildlife,KSCS
BERK1,IBRA Berkeley Subregion,22/05/2014,Zyzargur,Zyzomys,argurus,Zyzomys argurus,Released,Adult,1,BERK1-01,Trap Line 1,-14.4862,127.8204,WGS84,ME,Trap - Medium Elliott,1,,,110,25,Male,,Tail,BP02431,pes 20.1,MAMMALIA,RODENTIA,MURIDAE,Australia,Kimberley,Western Australia,Department of Parks and Wildlife,KSCS
BERK1,IBRA Berkeley Subregion,22/05/2014,Zyzargur,Zyzomys,argurus,Zyzomys argurus,Released,Adult,1,BERK1-01,Trap Line 1,-14.4862,127.8204,WGS84,ME,Trap - Medium Elliott,1,,35.3,118,39,Female,pregnant,Tail,BP02432,pes 21,MAMMALIA,RODENTIA,MURIDAE,Australia,Kimberley,Western Australia,Department of Parks and Wildlife,KSCS
BERK1,IBRA Berkeley Subregion,22/05/2014,Zyzargur,Zyzomys,argurus,Zyzomys argurus,Released,Sub-adult,1,BERK1-04,Trap Line 4,-14.4843,127.8198,WGS84,ME,Trap - Medium Elliott,1,,27.4,93,19,Female,,Tail,BP02433,pes 19.5,MAMMALIA,RODENTIA,MURIDAE,Australia,Kimberley,Western Australia,Department of Parks and Wildlife,KSCS
BERK1,IBRA Berkeley Subregion,22/05/2014,Zyzargur,Zyzomys,argurus,Zyzomys argurus,Released,Adult,1,BERK1-04,Trap Line 4,-14.4843,127.8198,WGS84,ME,Trap - Medium Elliott,1,,,,33,Male,,,,pes 21.2,MAMMALIA,RODENTIA,MURIDAE,Australia,Kimberley,Western Australia,Department of Parks and Wildlife,KSCS
BERK1,IBRA Berkeley Subregion,22/05/2014,Zyzargur,Zyzomys,argurus,Zyzomys argurus,Released,Adult,1,BERK1-04,Trap Line 4,-14.4843,127.8198,WGS84,ME,Trap - Medium Elliott,1,,32.2,114,32,Male,,Tail,BP02434,pes 22.6,MAMMALIA,RODENTIA,MURIDAE,Australia,Kimberley,Western Australia,Department of Parks and Wildlife,KSCS
BERK1,IBRA Berkeley Subregion,22/05/2014,Zyzargur,Zyzomys,argurus,Zyzomys argurus,Released,Adult,1,BERK1-04,Trap Line 4,-14.4843,127.8198,WGS84,ME,Trap - Medium Elliott,1,,34.2,,29,Male,,Tail,BP02435,pes 20.5,MAMMALIA,RODENTIA,MURIDAE,Australia,Kimberley,Western Australia,Department of Parks and Wildlife,KSCS
BERK1,IBRA Berkeley Subregion,22/05/2014,Dashallu,Dasyurus,hallucatus,Dasyurus hallucatus,Released,Adult,1,BERK1-01,Trap Line 1,-14.4862,127.8204,WGS84,ME,Trap - Medium Elliott,1,,,,210,Female,,,,Recapture,MAMMALIA,DASYUROMORPHIA,DASYURIDAE,Australia,Kimberley,Western Australia,Department of Parks and Wildlife,KSCS
BERK1,IBRA Berkeley Subregion,21/05/2014,Zyzargur,Zyzomys,argurus,Zyzomys argurus,Released,Adult,1,BERK1-02,Trap Line 2,-14.4852,127.8194,WGS84,ME,Trap - Medium Elliott,1,,,,,,,,,Escaped,MAMMALIA,RODENTIA,MURIDAE,Australia,Kimberley,Western Australia,Department of Parks and Wildlife,KSCS
BERK1,IBRA Berkeley Subregion,21/05/2014,Zyzargur,Zyzomys,argurus,Zyzomys argurus,Released,Adult,1,BERK1-02,Trap Line 2,-14.4852,127.8194,WGS84,LE,Trap - Large Elliott,1,95,32.7,105,29,Female,,Ear,BP02418,pes 20.8,MAMMALIA,RODENTIA,MURIDAE,Australia,Kimberley,Western Australia,Department of Parks and Wildlife,KSCS
BERK1,IBRA Berkeley Subregion,21/05/2014,Dashallu,Dasyurus,hallucatus,Dasyurus hallucatus,Released,Adult,1,BERK1-02,Trap Line 2,-14.4852,127.8194,WGS84,LE,Trap - Large Elliott,1,205,60.7,210,219,Female,,Ear,BP02419,pes 34,MAMMALIA,DASYUROMORPHIA,DASYURIDAE,Australia,Kimberley,Western Australia,Department of Parks and Wildlife,KSCS
BERK1,IBRA Berkeley Subregion,21/05/2014,Dashallu,Dasyurus,hallucatus,Dasyurus hallucatus,Released,Adult,1,BERK1-02,Trap Line 2,-14.4852,127.8194,WGS84,LE,Trap - Large Elliott,1,185,69.6,205,249,Female,,Ear,BP02420,pes 35,MAMMALIA,DASYUROMORPHIA,DASYURIDAE,Australia,Kimberley,Western Australia,Department of Parks and Wildlife,KSCS
BERK1,IBRA Berkeley Subregion,21/05/2014,Zyzargur,Zyzomys,argurus,Zyzomys argurus,Released,Adult,1,BERK1-01,Trap Line 1,-14.4862,127.8204,WGS84,ME,Trap - Medium Elliott,1,100,34.5,111,32,Female,,Ear,BP02409,pes 19.4,MAMMALIA,RODENTIA,MURIDAE,Australia,Kimberley,Western Australia,Department of Parks and Wildlife,KSCS
BERK1,IBRA Berkeley Subregion,21/05/2014,Dashallu,Dasyurus,hallucatus,Dasyurus hallucatus,Released,Adult,1,BERK1-01,Trap Line 1,-14.4862,127.8204,WGS84,LE,Trap - Large Elliott,1,200,64.1,205,225,Female,,Ear,BP02410,pes 35.5,MAMMALIA,DASYUROMORPHIA,DASYURIDAE,Australia,Kimberley,Western Australia,Department of Parks and Wildlife,KSCS
BERK1,IBRA Berkeley Subregion,21/05/2014,Zyzargur,Zyzomys,argurus,Zyzomys argurus,Released,Adult,1,BERK1-01,Trap Line 1,-14.4862,127.8204,WGS84,ME,Trap - Medium Elliott,1,103,36,120,43,Female,,Ear,BP02411,pes 20.9,MAMMALIA,RODENTIA,MURIDAE,Australia,Kimberley,Western Australia,Department of Parks and Wildlife,KSCS
BERK1,IBRA Berkeley Subregion,21/05/2014,Zyzargur,Zyzomys,argurus,Zyzomys argurus,Released,Adult,1,BERK1-04,Trap Line 4,-14.4843,127.8198,WGS84,LE,Trap - Large Elliott,1,75,28.5,85,15,Female,,Ear,BP02412,pes 19.5,MAMMALIA,RODENTIA,MURIDAE,Australia,Kimberley,Western Australia,Department of Parks and Wildlife,KSCS
BERK1,IBRA Berkeley Subregion,21/05/2014,Dashallu,Dasyurus,hallucatus,Dasyurus hallucatus,Released,Adult,1,BERK1-04,Trap Line 4,-14.4843,127.8198,WGS84,LE,Trap - Large Elliott,1,220,72,220,304,Female,,Ear,BP02413,pes 36.1,MAMMALIA,DASYUROMORPHIA,DASYURIDAE,Australia,Kimberley,Western Australia,Department of Parks and Wildlife,KSCS
BERK1,IBRA Berkeley Subregion,21/05/2014,Dashallu,Dasyurus,hallucatus,Dasyurus hallucatus,Released,Adult,1,BERK1-03,Trap Line 3,-14.4842,127.82,WGS84,ME,Trap - Medium Elliott,1,200,65.7,215,219,Female,,Ear,BP02463,pes 35.8,MAMMALIA,DASYUROMORPHIA,DASYURIDAE,Australia,Kimberley,Western Australia,Department of Parks and Wildlife,KSCS
BERK1,IBRA Berkeley Subregion,21/05/2014,Dashallu,Dasyurus,hallucatus,Dasyurus hallucatus,Released,Adult,1,BERK1-03,Trap Line 3,-14.4842,127.82,WGS84,LE,Trap - Large Elliott,1,190,61,195,231,Female,,Ear,BP02464,pes 34.2,MAMMALIA,DASYUROMORPHIA,DASYURIDAE,Australia,Kimberley,Western Australia,Department of Parks and Wildlife,KSCS
BERK1,IBRA Berkeley Subregion,21/05/2014,Dashallu,Dasyurus,hallucatus,Dasyurus hallucatus,Released,Adult,1,BERK1-03,Trap Line 3,-14.4842,127.82,WGS84,LE,Trap - Large Elliott,1,200,62.5,220,269,Female,,Ear,BP02465,pes 35.7,MAMMALIA,DASYUROMORPHIA,DASYURIDAE,Australia,Kimberley,Western Australia,Department of Parks and Wildlife,KSCS
BERK1,IBRA Berkeley Subregion,21/05/2014,Dashallu,Dasyurus,hallucatus,Dasyurus hallucatus,Released,Adult,1,BERK1-03,Trap Line 3,-14.4842,127.82,WGS84,ME,Trap - Medium Elliott,1,230,65.8,250,309,Male,,Ear,BP02466,pes 36.0,MAMMALIA,DASYUROMORPHIA,DASYURIDAE,Australia,Kimberley,Western Australia,Department of Parks and Wildlife,KSCS
BERK1,IBRA Berkeley Subregion,22/05/2014,Zyzargur,Zyzomys,argurus,Zyzomys argurus,Released,Adult,1,BERK1-02,Trap Line 2,-14.4852,127.8194,WGS84,LE,Trap - Large Elliott,1,90,33.5,98,33,Male,,Ear,BP02470,pes 19.2,MAMMALIA,RODENTIA,MURIDAE,Australia,Kimberley,Western Australia,Department of Parks and Wildlife,KSCS
BERK1,IBRA Berkeley Subregion,22/05/2014,Dashallu,Dasyurus,hallucatus,Dasyurus hallucatus,Released,Adult,1,BERK1-03,Trap Line 3,-14.4842,127.82,WGS84,ME,Trap - Medium Elliott,1,,,,330,,,,,Recapture,MAMMALIA,DASYUROMORPHIA,DASYURIDAE,Australia,Kimberley,Western Australia,Department of Parks and Wildlife,KSCS
BERK1,IBRA Berkeley Subregion,22/05/2014,Dashallu,Dasyurus,hallucatus,Dasyurus hallucatus,Released,Adult,1,BERK1-03,Trap Line 3,-14.4842,127.82,WGS84,LE,Trap - Large Elliott,1,,,,,Female,,,,Recapture,MAMMALIA,DASYUROMORPHIA,DASYURIDAE,Australia,Kimberley,Western Australia,Department of Parks and Wildlife,KSCS
BERK1,IBRA Berkeley Subregion,22/05/2014,Dashallu,Dasyurus,hallucatus,Dasyurus hallucatus,Released,Adult,1,BERK1-03,Trap Line 3,-14.4842,127.82,WGS84,LE,Trap - Large Elliott,1,,,,,Male,,,,Recapture,MAMMALIA,DASYUROMORPHIA,DASYURIDAE,Australia,Kimberley,Western Australia,Department of Parks and Wildlife,KSCS
BERK1,IBRA Berkeley Subregion,22/05/2014,Dashallu,Dasyurus,hallucatus,Dasyurus hallucatus,Released,Adult,1,BERK1-03,Trap Line 3,-14.4842,127.82,WGS84,LE,Trap - Large Elliott,1,,,,,Female,,,,Recapture,MAMMALIA,DASYUROMORPHIA,DASYURIDAE,Australia,Kimberley,Western Australia,Department of Parks and Wildlife,KSCS
BERK1,IBRA Berkeley Subregion,23/05/2014,Dashallu,Dasyurus,hallucatus,Dasyurus hallucatus,Released,Adult,1,BERK1-02,Trap Line 2,-14.4852,127.8194,WGS84,LE,Trap - Large Elliott,1,,,211,206,Female,,,,"Recapture, pes 32.9",MAMMALIA,DASYUROMORPHIA,DASYURIDAE,Australia,Kimberley,Western Australia,Department of Parks and Wildlife,KSCS
BERK1,IBRA Berkeley Subregion,23/05/2014,Zyzargur,Zyzomys,argurus,Zyzomys argurus,Released,Adult,1,BERK1-02,Trap Line 2,-14.4852,127.8194,WGS84,LE,Trap - Large Elliott,1,,,,,,,,,Recapture,MAMMALIA,RODENTIA,MURIDAE,Australia,Kimberley,Western Australia,Department of Parks and Wildlife,KSCS
BERK1,IBRA Berkeley Subregion,23/05/2014,Zyzargur,Zyzomys,argurus,Zyzomys argurus,Released,Adult,1,BERK1-03,Trap Line 3,-14.4842,127.82,WGS84,LE,Trap - Large Elliott,1,,31.5,96,21,Male,,Tail,BP02441,pes 20.2,MAMMALIA,RODENTIA,MURIDAE,Australia,Kimberley,Western Australia,Department of Parks and Wildlife,KSCS
BERK1,IBRA Berkeley Subregion,23/05/2014,Dashallu,Dasyurus,hallucatus,Dasyurus hallucatus,Released,Adult,1,BERK1-03,Trap Line 3,-14.4842,127.82,WGS84,LE,Trap - Large Elliott,1,,,,296,Male,,,,Recapture,MAMMALIA,DASYUROMORPHIA,DASYURIDAE,Australia,Kimberley,Western Australia,Department of Parks and Wildlife,KSCS
BERK1,IBRA Berkeley Subregion,23/05/2014,Dashallu,Dasyurus,hallucatus,Dasyurus hallucatus,Released,Adult,1,BERK1-03,Trap Line 3,-14.4842,127.82,WGS84,LE,Trap - Large Elliott,1,,,,220,,,,,Recapture,MAMMALIA,DASYUROMORPHIA,DASYURIDAE,Australia,Kimberley,Western Australia,Department of Parks and Wildlife,KSCS
BERK1,IBRA Berkeley Subregion,23/05/2014,Dashallu,Dasyurus,hallucatus,Dasyurus hallucatus,Released,Adult,1,BERK1-03,Trap Line 3,-14.4842,127.82,WGS84,LE,Trap - Large Elliott,1,,,,221,Female,,,,Recapture,MAMMALIA,DASYUROMORPHIA,DASYURIDAE,Australia,Kimberley,Western Australia,Department of Parks and Wildlife,KSCS
BERK1,IBRA Berkeley Subregion,23/05/2014,Dashallu,Dasyurus,hallucatus,Dasyurus hallucatus,Released,Adult,1,BERK1-03,Trap Line 3,-14.4842,127.82,WGS84,LE,Trap - Large Elliott,1,,,,196,Female,,,,Recapture,MAMMALIA,DASYUROMORPHIA,DASYURIDAE,Australia,Kimberley,Western Australia,Department of Parks and Wildlife,KSCS
BERK1,IBRA Berkeley Subregion,23/05/2014,Zyzargur,Zyzomys,argurus,Zyzomys argurus,Released,Adult,1,BERK1-01,Trap Line 1,-14.4862,127.8204,WGS84,ME,Trap - Medium Elliott,1,,35.5,,38,Male,,Ear,BP02492,pes 22.2,MAMMALIA,RODENTIA,MURIDAE,Australia,Kimberley,Western Australia,Department of Parks and Wildlife,KSCS
BERK1,IBRA Berkeley Subregion,23/05/2014,Dashallu,Dasyurus,hallucatus,Dasyurus hallucatus,Released,Adult,1,BERK1-01,Trap Line 1,-14.4862,127.8204,WGS84,LE,Trap - Large Elliott,1,,,,196,Female,,,,Recapture,MAMMALIA,DASYUROMORPHIA,DASYURIDAE,Australia,Kimberley,Western Australia,Department of Parks and Wildlife,KSCS
BERK1,IBRA Berkeley Subregion,25/05/2014,Zyzargur,Zyzomys,argurus,Zyzomys argurus,Released,Adult,1,BERK1-01,Trap Line 1,-14.4862,127.8204,WGS84,ME,Trap - Medium Elliott,1,,31.4,,30,Female,,Ear,BP02493,pes 19.3,MAMMALIA,RODENTIA,MURIDAE,Australia,Kimberley,Western Australia,Department of Parks and Wildlife,KSCS
BERK1,IBRA Berkeley Subregion,25/05/2014,Zyzargur,Zyzomys,argurus,Zyzomys argurus,Released,Adult,1,BERK1-01,Trap Line 1,-14.4862,127.8204,WGS84,ME,Trap - Medium Elliott,1,103,35.4,114,42,Male,,Ear,BP02494,pes 20,MAMMALIA,RODENTIA,MURIDAE,Australia,Kimberley,Western Australia,Department of Parks and Wildlife,KSCS
BERK1,IBRA Berkeley Subregion,25/05/2014,Zyzargur,Zyzomys,argurus,Zyzomys argurus,Released,Adult,1,BERK1-01,Trap Line 1,-14.4862,127.8204,WGS84,ME,Trap - Medium Elliott,1,102.5,35.5,112.5,45,Female,,Ear,BP02495,pes 20,MAMMALIA,RODENTIA,MURIDAE,Australia,Kimberley,Western Australia,Department of Parks and Wildlife,KSCS
BERK1,IBRA Berkeley Subregion,25/05/2014,Zyzargur,Zyzomys,argurus,Zyzomys argurus,Released,Adult,1,BERK1-01,Trap Line 1,-14.4862,127.8204,WGS84,LE,Trap - Large Elliott,1,99,35.8,104,38,Male,,Ear,BP02496,pes 20,MAMMALIA,RODENTIA,MURIDAE,Australia,Kimberley,Western Australia,Department of Parks and Wildlife,KSCS
BERK1,IBRA Berkeley Subregion,25/05/2014,Zyzargur,Zyzomys,argurus,Zyzomys argurus,Released,Sub-adult,1,BERK1-01,Trap Line 1,-14.4862,127.8204,WGS84,LE,Trap - Large Elliott,1,77.3,28.9,83,13,,juvenile,Ear,BP02497,pes 18.4,MAMMALIA,RODENTIA,MURIDAE,Australia,Kimberley,Western Australia,Department of Parks and Wildlife,KSCS
BERK1,IBRA Berkeley Subregion,25/05/2014,Zyzargur,Zyzomys,argurus,Zyzomys argurus,Released,Adult,1,BERK1-04,Trap Line 4,-14.4843,127.8198,WGS84,ME,Trap - Medium Elliott,1,,31.5,96,44,Female,,,,Recapture,MAMMALIA,RODENTIA,MURIDAE,Australia,Kimberley,Western Australia,Department of Parks and Wildlife,KSCS
BERK1,IBRA Berkeley Subregion,25/05/2014,Dashallu,Dasyurus,hallucatus,Dasyurus hallucatus,Released,Adult,1,BERK1-04,Trap Line 4,-14.4843,127.8198,WGS84,ME,Trap - Medium Elliott,1,,,,196,Female,,,,Recapture,MAMMALIA,DASYUROMORPHIA,DASYURIDAE,Australia,Kimberley,Western Australia,Department of Parks and Wildlife,KSCS
BERK1,IBRA Berkeley Subregion,25/05/2014,Zyzargur,Zyzomys,argurus,Zyzomys argurus,Released,Adult,1,BERK1-04,Trap Line 4,-14.4843,127.8198,WGS84,ME,Trap - Medium Elliott,1,111,37.5,115,45,Female,Pregnant,Ear,BP02498,pes 20.5,MAMMALIA,RODENTIA,MURIDAE,Australia,Kimberley,Western Australia,Department of Parks and Wildlife,KSCS
BERK1,IBRA Berkeley Subregion,25/05/2014,Zyzargur,Zyzomys,argurus,Zyzomys argurus,Released,Adult,1,BERK1-04,Trap Line 4,-14.4843,127.8198,WGS84,ME,Trap - Medium Elliott,1,,31.5,96,30,Female,,Ear,,Recapture,MAMMALIA,RODENTIA,MURIDAE,Australia,Kimberley,Western Australia,Department of Parks and Wildlife,KSCS
BERK1,IBRA Berkeley Subregion,25/05/2014,Zyzargur,Zyzomys,argurus,Zyzomys argurus,Released,Adult,1,BERK1-04,Trap Line 4,-14.4843,127.8198,WGS84,ME,Trap - Medium Elliott,1,98.3,35,106.5,33,Female,,Ear,BP02499,pes 21.5,MAMMALIA,RODENTIA,MURIDAE,Australia,Kimberley,Western Australia,Department of Parks and Wildlife,KSCS
BERK1,IBRA Berkeley Subregion,25/05/2014,Zyzargur,Zyzomys,argurus,Zyzomys argurus,Released,Adult,1,BERK1-04,Trap Line 4,-14.4843,127.8198,WGS84,ME,Trap - Medium Elliott,1,,,,,,,,,Recapture,MAMMALIA,RODENTIA,MURIDAE,Australia,Kimberley,Western Australia,Department of Parks and Wildlife,KSCS
BERK1,IBRA Berkeley Subregion,20/05/2014,Zyzargur,Zyzomys,argurus,Zyzomys argurus,Photo,Adult,1,BERK1-R3,Camera,-14.4853,127.8192,WGS84,CAM,Camera,1,,,,,,,,,,MAMMALIA,RODENTIA,MURIDAE,Australia,Kimberley,Western Australia,Department of Parks and Wildlife,KSCS
BERK1,IBRA Berkeley Subregion,21/05/2014,Zyzargur,Zyzomys,argurus,Zyzomys argurus,Photo,Adult,1,BERK1-R3,Camera,-14.4853,127.8192,WGS84,CAM,Camera,1,,,,,,,,,,MAMMALIA,RODENTIA,MURIDAE,Australia,Kimberley,Western Australia,Department of Parks and Wildlife,KSCS
BERK1,IBRA Berkeley Subregion,22/05/2014,Zyzargur,Zyzomys,argurus,Zyzomys argurus,Photo,Adult,1,BERK1-R3,Camera,-14.4853,127.8192,WGS84,CAM,Camera,1,,,,,,,,,,MAMMALIA,RODENTIA,MURIDAE,Australia,Kimberley,Western Australia,Department of Parks and Wildlife,KSCS
BERK1,IBRA Berkeley Subregion,20/05/2014,Zyzargur,Zyzomys,argurus,Zyzomys argurus,Photo,Adult,1,BERK1-R4,Camera,-14.4859,127.8211,WGS84,CAM,Camera,1,,,,,,,,,,MAMMALIA,RODENTIA,MURIDAE,Australia,Kimberley,Western Australia,Department of Parks and Wildlife,KSCS
BERK1,IBRA Berkeley Subregion,22/05/2014,Petbrach,Petrogale,brachyotis,Petrogale brachyotis,Photo,Adult,1,BERK1-R4,Camera,-14.4859,127.8211,WGS84,CAM,Camera,1,,,,,,,,,,MAMMALIA,DIPROTODONTIA,MACROPODIDAE,Australia,Kimberley,Western Australia,Department of Parks and Wildlife,KSCS
BERK1,IBRA Berkeley Subregion,23/05/2014,Petbrach,Petrogale,brachyotis,Petrogale brachyotis,Photo,Adult,1,BERK1-R5,Camera,-14.4839,127.8203,WGS84,CAM,Camera,1,,,,,,,,,,MAMMALIA,DIPROTODONTIA,MACROPODIDAE,Australia,Kimberley,Western Australia,Department of Parks and Wildlife,KSCS
BERK1,IBRA Berkeley Subregion,20/05/2014,Zyzargur,Zyzomys,argurus,Zyzomys argurus,Photo,Adult,1,BERK1-R8,Camera,-14.4831,127.8228,WGS84,CAM,Camera,1,,,,,,,,,,MAMMALIA,RODENTIA,MURIDAE,Australia,Kimberley,Western Australia,Department of Parks and Wildlife,KSCS
BERK1,IBRA Berkeley Subregion,20/05/2014,Dashallu,Dasyurus,hallucatus,Dasyurus hallucatus,Photo,Adult,1,BERK1-R8,Camera,-14.4831,127.8228,WGS84,CAM,Camera,1,,,,,,,,,,MAMMALIA,DASYUROMORPHIA,DASYURIDAE,Australia,Kimberley,Western Australia,Department of Parks and Wildlife,KSCS
BERK1,IBRA Berkeley Subregion,21/05/2014,Petbrach,Petrogale,brachyotis,Petrogale brachyotis,Photo,Adult,1,BERK1-R8,Camera,-14.4831,127.8228,WGS84,CAM,Camera,1,,,,,,,,,,MAMMALIA,DIPROTODONTIA,MACROPODIDAE,Australia,Kimberley,Western Australia,Department of Parks and Wildlife,KSCS
BERK1,IBRA Berkeley Subregion,21/05/2014,Petbrach,Petrogale,brachyotis,Petrogale brachyotis,Photo,Adult,1,BERK1-R8,Camera,-14.4831,127.8228,WGS84,CAM,Camera,1,,,,,M,,,,,MAMMALIA,DIPROTODONTIA,MACROPODIDAE,Australia,Kimberley,Western Australia,Department of Parks and Wildlife,KSCS
BERK1,IBRA Berkeley Subregion,21/05/2014,Dashallu,Dasyurus,hallucatus,Dasyurus hallucatus,Photo,Adult,1,BERK1-R8,Camera,-14.4831,127.8228,WGS84,CAM,Camera,1,,,,,,,,,,MAMMALIA,DASYUROMORPHIA,DASYURIDAE,Australia,Kimberley,Western Australia,Department of Parks and Wildlife,KSCS
BERK1,IBRA Berkeley Subregion,21/05/2014,Zyzargur,Zyzomys,argurus,Zyzomys argurus,Photo,Adult,1,BERK1-R8,Camera,-14.4831,127.8228,WGS84,CAM,Camera,1,,,,,,,,,,MAMMALIA,RODENTIA,MURIDAE,Australia,Kimberley,Western Australia,Department of Parks and Wildlife,KSCS
BERK1,IBRA Berkeley Subregion,22/05/2014,Dashallu,Dasyurus,hallucatus,Dasyurus hallucatus,Photo,Adult,1,BERK1-R8,Camera,-14.4831,127.8228,WGS84,CAM,Camera,1,,,,,,,,,,MAMMALIA,DASYUROMORPHIA,DASYURIDAE,Australia,Kimberley,Western Australia,Department of Parks and Wildlife,KSCS
BERK1,IBRA Berkeley Subregion,22/05/2014,Petbrach,Petrogale,brachyotis,Petrogale brachyotis,Photo,Adult,1,BERK1-R8,Camera,-14.4831,127.8228,WGS84,CAM,Camera,1,,,,,M,,,,,MAMMALIA,DIPROTODONTIA,MACROPODIDAE,Australia,Kimberley,Western Australia,Department of Parks and Wildlife,KSCS
BERK1,IBRA Berkeley Subregion,22/05/2014,Zyzargur,Zyzomys,argurus,Zyzomys argurus,Photo,Adult,1,BERK1-R8,Camera,-14.4831,127.8228,WGS84,CAM,Camera,1,,,,,,,,,,MAMMALIA,RODENTIA,MURIDAE,Australia,Kimberley,Western Australia,Department of Parks and Wildlife,KSCS
BERK1,IBRA Berkeley Subregion,20/05/2014,Zyzargur,Zyzomys,argurus,Zyzomys argurus,Photo,Adult,1,BERK1-R3,Camera,-14.4853,127.8192,WGS84,CAM,Camera,1,,,,,,,,,,MAMMALIA,RODENTIA,MURIDAE,Australia,Kimberley,Western Australia,Department of Parks and Wildlife,KSCS
BERK1,IBRA Berkeley Subregion,20/05/2014,Zyzargur,Zyzomys,argurus,Zyzomys argurus,Photo,Adult,1,BERK1-R9,Camera,-14.4859,127.8221,WGS84,CAM,Camera,1,,,,,,,,,,MAMMALIA,RODENTIA,MURIDAE,Australia,Kimberley,Western Australia,Department of Parks and Wildlife,KSCS
BERK1,IBRA Berkeley Subregion,21/05/2014,Zyzargur,Zyzomys,argurus,Zyzomys argurus,Photo,Adult,1,BERK1-R9,Camera,-14.4859,127.8221,WGS84,CAM,Camera,1,,,,,,,,,,MAMMALIA,RODENTIA,MURIDAE,Australia,Kimberley,Western Australia,Department of Parks and Wildlife,KSCS
BERK1,IBRA Berkeley Subregion,22/05/2014,Zyzargur,Zyzomys,argurus,Zyzomys argurus,Photo,Adult,1,BERK1-R9,Camera,-14.4859,127.8221,WGS84,CAM,Camera,1,,,,,,,,,,MAMMALIA,RODENTIA,MURIDAE,Australia,Kimberley,Western Australia,Department of Parks and Wildlife,KSCS
BERK1,IBRA Berkeley Subregion,23/05/2014,Zyzargur,Zyzomys,argurus,Zyzomys argurus,Photo,Adult,1,BERK1-R9,Camera,-14.4859,127.8221,WGS84,CAM,Camera,1,,,,,,,,,,MAMMALIA,RODENTIA,MURIDAE,Australia,Kimberley,Western Australia,Department of Parks and Wildlife,KSCS
BERK1,IBRA Berkeley Subregion,20/05/2014,Dashallu,Dasyurus,hallucatus,Dasyurus hallucatus,Photo,Adult,1,BERK1-R12,Camera,-14.4831,127.82,WGS84,CAM,Camera,1,,,,,,,,,,MAMMALIA,DASYUROMORPHIA,DASYURIDAE,Australia,Kimberley,Western Australia,Department of Parks and Wildlife,KSCS
BERK1,IBRA Berkeley Subregion,21/05/2014,Zyzargur,Zyzomys,argurus,Zyzomys argurus,Photo,Adult,1,BERK1-R12,Camera,-14.4831,127.82,WGS84,CAM,Camera,1,,,,,,,,,,MAMMALIA,RODENTIA,MURIDAE,Australia,Kimberley,Western Australia,Department of Parks and Wildlife,KSCS
BERK1,IBRA Berkeley Subregion,20/05/2014,Zyzargur,Zyzomys,argurus,Zyzomys argurus,Photo,Adult,1,BERK1-R13,Camera,-14.485,127.8192,WGS84,CAM,Camera,1,,,,,,,,,,MAMMALIA,RODENTIA,MURIDAE,Australia,Kimberley,Western Australia,Department of Parks and Wildlife,KSCS
BERK1,IBRA Berkeley Subregion,21/05/2014,Zyzargur,Zyzomys,argurus,Zyzomys argurus,Photo,Adult,1,BERK1-R13,Camera,-14.485,127.8192,WGS84,CAM,Camera,1,,,,,,,,,,MAMMALIA,RODENTIA,MURIDAE,Australia,Kimberley,Western Australia,Department of Parks and Wildlife,KSCS
BERK1,IBRA Berkeley Subregion,22/05/2014,Zyzargur,Zyzomys,argurus,Zyzomys argurus,Photo,Adult,1,BERK1-R13,Camera,-14.485,127.8192,WGS84,CAM,Camera,1,,,,,,,,,,MAMMALIA,RODENTIA,MURIDAE,Australia,Kimberley,Western Australia,Department of Parks and Wildlife,KSCS
BERK1,IBRA Berkeley Subregion,23/05/2014,Zyzargur,Zyzomys,argurus,Zyzomys argurus,Photo,Adult,1,BERK1-R13,Camera,-14.485,127.8192,WGS84,CAM,Camera,1,,,,,,,,,,MAMMALIA,RODENTIA,MURIDAE,Australia,Kimberley,Western Australia,Department of Parks and Wildlife,KSCS
BERK1,IBRA Berkeley Subregion,22/05/2014,Zyzargur,Zyzomys,argurus,Zyzomys argurus,Photo,Adult,1,BERK1-R14,Camera,-14.4847,127.8186,WGS84,CAM,Camera,1,,,,,,,,,,MAMMALIA,RODENTIA,MURIDAE,Australia,Kimberley,Western Australia,Department of Parks and Wildlife,KSCS
BERK1,IBRA Berkeley Subregion,22/05/2014,Dashallu,Dasyurus,hallucatus,Dasyurus hallucatus,Photo,Adult,1,BERK1-R14,Camera,-14.4847,127.8186,WGS84,CAM,Camera,1,,,,,,,,,,MAMMALIA,DASYUROMORPHIA,DASYURIDAE,Australia,Kimberley,Western Australia,Department of Parks and Wildlife,KSCS
BERK1,IBRA Berkeley Subregion,23/05/2014,Zyzargur,Zyzomys,argurus,Zyzomys argurus,Photo,Adult,1,BERK1-R14,Camera,-14.4847,127.8186,WGS84,CAM,Camera,1,,,,,,,,,,MAMMALIA,RODENTIA,MURIDAE,Australia,Kimberley,Western Australia,Department of Parks and Wildlife,KSCS
BERK1,IBRA Berkeley Subregion,20/05/2014,Petbrach,Petrogale,brachyotis,Petrogale brachyotis,Photo,Adult,1,BERK1-R15,Camera,-14.4842,127.8186,WGS84,CAM,Camera,1,,,,,M,,,,,MAMMALIA,DIPROTODONTIA,MACROPODIDAE,Australia,Kimberley,Western Australia,Department of Parks and Wildlife,KSCS
BERK1,IBRA Berkeley Subregion,22/05/2014,Petbrach,Petrogale,brachyotis,Petrogale brachyotis,Photo,Adult,1,BERK1-R15,Camera,-14.4842,127.8186,WGS84,CAM,Camera,1,,,,,,,,,,MAMMALIA,DIPROTODONTIA,MACROPODIDAE,Australia,Kimberley,Western Australia,Department of Parks and Wildlife,KSCS
BERK1,IBRA Berkeley Subregion,19/05/2014,Wyusquam,Wyulda,squamata,Wyulda squamata,Photo,Adult,1,BERK1-R16,Camera,-14.483,127.8201,WGS84,CAM,Camera,1,,,,,,,,,,MAMMALIA,DIPROTODONTIA,PHALANGERIDAE,Australia,Kimberley,Western Australia,Department of Parks and Wildlife,KSCS
BERK1,IBRA Berkeley Subregion,20/05/2014,Zyzargur,Zyzomys,argurus,Zyzomys argurus,Photo,Adult,1,BERK1-R19,Camera,-14.483,127.8203,WGS84,CAM,Camera,1,,,,,,,,,,MAMMALIA,RODENTIA,MURIDAE,Australia,Kimberley,Western Australia,Department of Parks and Wildlife,KSCS
BERK1,IBRA Berkeley Subregion,21/05/2014,Zyzargur,Zyzomys,argurus,Zyzomys argurus,Photo,Adult,1,BERK1-R19,Camera,-14.483,127.8203,WGS84,CAM,Camera,1,,,,,,,,,,MAMMALIA,RODENTIA,MURIDAE,Australia,Kimberley,Western Australia,Department of Parks and Wildlife,KSCS
BERK1,IBRA Berkeley Subregion,22/05/2014,Zyzargur,Zyzomys,argurus,Zyzomys argurus,Photo,Adult,1,BERK1-R19,Camera,-14.483,127.8203,WGS84,CAM,Camera,1,,,,,,,,,,MAMMALIA,RODENTIA,MURIDAE,Australia,Kimberley,Western Australia,Department of Parks and Wildlife,KSCS
BERK1,IBRA Berkeley Subregion,22/05/2014,Dashallu,Dasyurus,hallucatus,Dasyurus hallucatus,Photo,Adult,1,BERK1-R19,Camera,-14.483,127.8203,WGS84,CAM,Camera,1,,,,,,,,,,MAMMALIA,DASYUROMORPHIA,DASYURIDAE,Australia,Kimberley,Western Australia,Department of Parks and Wildlife,KSCS
