{
    "name": "ki",
    "resources": [
        {
            "url": "",
            "name": "ki-birds",
            "title": "Kimberley Islands - Birds",
            "schema": {
                "fields": [
                    {
                        "description": "",
                        "format": "default",
                        "type": "string",
                        "name": "Island",
                        "title": ""
                    },
                    {
                        "description": "",
                        "format": "default",
                        "type": "string",
                        "name": "Site",
                        "title": ""
                    },
                    {
                        "description": "",
                        "format": "default",
                        "type": "string",
                        "name": "Date",
                        "title": ""
                    },
                    {
                        "description": "",
                        "format": "default",
                        "type": "string",
                        "name": "Class",
                        "title": ""
                    },
                    {
                        "description": "",
                        "format": "default",
                        "type": "string",
                        "name": "Genus",
                        "title": ""
                    },
                    {
                        "description": "",
                        "format": "default",
                        "type": "string",
                        "name": "Species",
                        "title": ""
                    },
                    {
                        "description": "",
                        "format": "default",
                        "type": "string",
                        "name": "Species name",
                        "title": ""
                    },
                    {
                        "description": "",
                        "format": "default",
                        "type": "string",
                        "name": "Vernacular",
                        "title": ""
                    },
                    {
                        "description": "",
                        "format": "default",
                        "type": "number",
                        "name": "Latitude",
                        "title": ""
                    },
                    {
                        "description": "",
                        "format": "default",
                        "type": "number",
                        "name": "Longitude",
                        "title": ""
                    },
                    {
                        "description": "",
                        "format": "default",
                        "type": "string",
                        "name": "Datum",
                        "title": ""
                    },
                    {
                        "description": "",
                        "format": "default",
                        "type": "string",
                        "name": "Accuracy",
                        "title": ""
                    },
                    {
                        "description": "",
                        "format": "default",
                        "type": "string",
                        "name": "Comments",
                        "title": ""
                    },
                    {
                        "description": "",
                        "format": "default",
                        "type": "string",
                        "name": "Expedition",
                        "title": ""
                    },
                    {
                        "description": "",
                        "format": "default",
                        "type": "string",
                        "name": "Institution",
                        "title": ""
                    }
                ],
                "foreignKeys": [
                    {
                        "fields": [
                            "Island"
                        ],
                        "reference": {
                            "fields": [
                                "site_code"
                            ],
                            "datapackage": "https://biosys.dpaw.wa.gov.au/api/v1/",
                            "resource": "Site"
                        }
                    }
                ]
            }
        }
    ],
    "title": "Kimberley Islands"
}
