{
    "name": "ki",
    "resources": [
        {
            "url": "",
            "name": "ki-plants",
            "title": "Kimberley Islands - Plants",
            "schema": {
                "fields": [
                    {
                        "description": "",
                        "format": "default",
                        "type": "integer",
                        "name": "ID",
                        "title": ""
                    },
                    {
                        "description": "",
                        "format": "default",
                        "type": "integer",
                        "name": "NAME_ID",
                        "title": ""
                    },
                    {
                        "description": "",
                        "format": "default",
                        "type": "string",
                        "name": "SPECIES_CODE",
                        "title": ""
                    },
                    {
                        "description": "",
                        "format": "default",
                        "type": "integer",
                        "name": "AMAL_name_ID",
                        "title": ""
                    },
                    {
                        "description": "",
                        "format": "default",
                        "type": "string",
                        "name": "AMAL_sp_code",
                        "title": ""
                    },
                    {
                        "description": "",
                        "format": "default",
                        "type": "string",
                        "name": "ANALYSIS_CODE",
                        "title": ""
                    },
                    {
                        "description": "",
                        "format": "default",
                        "type": "string",
                        "name": "TH_NAME_ID",
                        "title": ""
                    },
                    {
                        "description": "",
                        "format": "default",
                        "type": "string",
                        "name": "TH_SPECIES_CODE",
                        "title": ""
                    },
                    {
                        "description": "",
                        "format": "default",
                        "type": "string",
                        "name": "Max Box number",
                        "title": ""
                    },
                    {
                        "description": "",
                        "format": "default",
                        "type": "string",
                        "name": "Voucher box number",
                        "title": ""
                    },
                    {
                        "description": "",
                        "format": "default",
                        "type": "string",
                        "name": "analysis_exclude",
                        "title": ""
                    },
                    {
                        "description": "",
                        "format": "default",
                        "type": "string",
                        "name": "spplist_exclude",
                        "title": ""
                    },
                    {
                        "description": "",
                        "format": "default",
                        "type": "string",
                        "name": "GENUS_QUAL",
                        "title": ""
                    },
                    {
                        "description": "",
                        "format": "default",
                        "type": "string",
                        "name": "SPECIES_QUAL",
                        "title": ""
                    },
                    {
                        "description": "",
                        "format": "default",
                        "type": "string",
                        "name": "plant desc",
                        "title": ""
                    },
                    {
                        "description": "",
                        "format": "default",
                        "type": "string",
                        "name": "island",
                        "title": ""
                    },
                    {
                        "description": "",
                        "format": "default",
                        "type": "string",
                        "name": "Island_code",
                        "title": ""
                    },
                    {
                        "description": "",
                        "format": "default",
                        "type": "string",
                        "name": "CAMPCODE",
                        "title": ""
                    },
                    {
                        "description": "",
                        "format": "default",
                        "type": "string",
                        "name": "QUADRAT",
                        "title": ""
                    },
                    {
                        "description": "",
                        "format": "default",
                        "type": "string",
                        "name": "Quadrat_code",
                        "title": ""
                    },
                    {
                        "description": "",
                        "format": "default",
                        "type": "string",
                        "name": "SITE_CODE",
                        "title": ""
                    },
                    {
                        "description": "",
                        "format": "default",
                        "type": "string",
                        "name": "Sight Record - ANS or GJK",
                        "title": ""
                    },
                    {
                        "description": "",
                        "format": "default",
                        "type": "string",
                        "name": "waypoint",
                        "title": ""
                    },
                    {
                        "description": "",
                        "format": "default",
                        "type": "string",
                        "name": "DATE",
                        "title": ""
                    },
                    {
                        "description": "",
                        "format": "default",
                        "type": "string",
                        "name": "ADJACENT",
                        "title": ""
                    },
                    {
                        "description": "",
                        "format": "default",
                        "type": "string",
                        "name": "COMMENTS",
                        "title": ""
                    },
                    {
                        "description": "",
                        "format": "default",
                        "type": "string",
                        "name": "ANS collection .",
                        "title": ""
                    },
                    {
                        "description": "",
                        "format": "default",
                        "type": "string",
                        "name": "TH collection .",
                        "title": ""
                    },
                    {
                        "description": "",
                        "format": "default",
                        "type": "string",
                        "name": "ANS collection . duplicates",
                        "title": ""
                    },
                    {
                        "description": "",
                        "format": "default",
                        "type": "string",
                        "name": "GENUS",
                        "title": ""
                    },
                    {
                        "description": "",
                        "format": "default",
                        "type": "string",
                        "name": "SPECIES",
                        "title": ""
                    },
                    {
                        "description": "",
                        "format": "default",
                        "type": "string",
                        "name": "INFRA_RANK",
                        "title": ""
                    },
                    {
                        "description": "",
                        "format": "default",
                        "type": "string",
                        "name": "INFRA_QUAL",
                        "title": ""
                    },
                    {
                        "description": "",
                        "format": "default",
                        "type": "string",
                        "name": "INFRA_NAME",
                        "title": ""
                    },
                    {
                        "description": "",
                        "format": "default",
                        "type": "string",
                        "name": "INFRA_RANK2",
                        "title": ""
                    },
                    {
                        "description": "",
                        "format": "default",
                        "type": "string",
                        "name": "INFRA_QUAL2",
                        "title": ""
                    },
                    {
                        "description": "",
                        "format": "default",
                        "type": "string",
                        "name": "INFRA_NAME2",
                        "title": ""
                    },
                    {
                        "description": "",
                        "format": "default",
                        "type": "string",
                        "name": "COLLECTOR",
                        "title": ""
                    },
                    {
                        "description": "",
                        "format": "default",
                        "type": "string",
                        "name": "COLLECTOR_NO",
                        "title": ""
                    },
                    {
                        "description": "",
                        "format": "default",
                        "type": "string",
                        "name": "COLLECTED_ON",
                        "title": ""
                    },
                    {
                        "description": "",
                        "format": "default",
                        "type": "string",
                        "name": "LOCATION",
                        "title": ""
                    },
                    {
                        "description": "",
                        "format": "default",
                        "type": "integer",
                        "name": "RECORD_NO_ORIG",
                        "title": ""
                    },
                    {
                        "description": "",
                        "format": "default",
                        "type": "integer",
                        "name": "RECORD_NO",
                        "title": ""
                    },
                    {
                        "description": "",
                        "format": "default",
                        "type": "string",
                        "name": "TH records added",
                        "title": ""
                    },
                    {
                        "description": "",
                        "format": "default",
                        "type": "number",
                        "name": "latitude",
                        "title": ""
                    },
                    {
                        "description": "",
                        "format": "default",
                        "type": "number",
                        "name": "longitude",
                        "title": ""
                    },
                    {
                        "description": "",
                        "format": "default",
                        "type": "integer",
                        "name": "accuracy",
                        "title": ""
                    },
                    {
                        "description": "",
                        "format": "default",
                        "type": "string",
                        "name": "island_name",
                        "title": ""
                    },
                    {
                        "description": "",
                        "format": "default",
                        "type": "string",
                        "name": "species_full",
                        "title": "",
                        "constraints": {
                            "required": true
                        }
                    }
                ],
                "foreignKeys": [
                    {
                        "fields": [
                            "island_name"
                        ],
                        "reference": {
                            "fields": [
                                "site_code"
                            ],
                            "datapackage": "https://biosys.dpaw.wa.gov.au/api/v1/",
                            "resource": "Site"
                        }
                    }
                ]
            }
        }
    ],
    "title": "Kimberley Islands"
}
