{
    "name": "ki",
    "resources": [
        {
            "url": "",
            "name": "ki-bats",
            "title": "Kimberley Islands - Bats",
            "schema": {
                "fields": [
                    {
                        "description": "",
                        "format": "default",
                        "type": "string",
                        "name": "Island",
                        "title": "",
                        "constraints": {
                            "required": true
                        }
                    },
                    {
                        "description": "",
                        "format": "fmt:%d/%m/%Y",
                        "type": "date",
                        "name": "Date",
                        "title": "",
                        "constraints": {
                            "required": true
                        }
                    },
                    {
                        "description": "",
                        "format": "default",
                        "type": "string",
                        "name": "Class",
                        "title": ""
                    },
                    {
                        "description": "",
                        "format": "default",
                        "type": "string",
                        "name": "Family",
                        "title": ""
                    },
                    {
                        "description": "",
                        "format": "default",
                        "type": "string",
                        "name": "Genus",
                        "title": ""
                    },
                    {
                        "description": "",
                        "format": "default",
                        "type": "string",
                        "name": "Species",
                        "title": ""
                    },
                    {
                        "description": "",
                        "format": "default",
                        "type": "string",
                        "name": "Subspecies",
                        "title": ""
                    },
                    {
                        "description": "",
                        "format": "default",
                        "type": "string",
                        "name": "Species whole",
                        "species": true,
                        "title": "",
                        "constraints": {
                            "required": true
                        }
                    },
                    {
                        "description": "",
                        "format": "default",
                        "type": "integer",
                        "name": "Catalogue number",
                        "title": ""
                    },
                    {
                        "description": "",
                        "format": "default",
                        "type": "string",
                        "name": "Station",
                        "title": ""
                    },
                    {
                        "description": "",
                        "format": "default",
                        "type": "number",
                        "name": "Latitude",
                        "title": "",
                        "constraints": {
                            "required": true
                        }
                    },
                    {
                        "description": "",
                        "format": "default",
                        "type": "number",
                        "name": "Longitude",
                        "title": "",
                        "constraints": {
                            "required": true
                        }
                    },
                    {
                        "description": "",
                        "format": "default",
                        "type": "string",
                        "name": "Datum",
                        "title": ""
                    },
                    {
                        "description": "",
                        "format": "default",
                        "type": "string",
                        "name": "Description",
                        "title": ""
                    },
                    {
                        "description": "",
                        "format": "default",
                        "type": "string",
                        "name": "Collector",
                        "title": ""
                    },
                    {
                        "description": "",
                        "format": "default",
                        "type": "string",
                        "name": "Habitat",
                        "title": ""
                    },
                    {
                        "description": "",
                        "format": "default",
                        "type": "string",
                        "name": "Expedition",
                        "title": ""
                    },
                    {
                        "description": "",
                        "format": "default",
                        "type": "string",
                        "name": "Institution",
                        "title": ""
                    }
                ],
                "foreignKeys": [
                    {
                        "fields": [
                            "Island"
                        ],
                        "reference": {
                            "fields": [
                                "site_code"
                            ],
                            "datapackage": "https://biosys.dpaw.wa.gov.au/api/v1/",
                            "resource": "Site"
                        }
                    }
                ]
            }
        }
    ],
    "title": "Kimberley Islands"
}
